Time,Driver,DriverNumber,LapTime,LapNumber,Stint,PitOutTime,PitInTime,Sector1Time,Sector2Time,Sector3Time,Sector1SessionTime,Sector2SessionTime,Sector3SessionTime,SpeedI1,SpeedI2,SpeedFL,SpeedST,IsPersonalBest,Compound,TyreLife,FreshTyre,Team,LapStartTime,LapStartDate,TrackStatus,Position,Deleted,DeletedReason,FastF1Generated,IsAccurate
0 days 00:08:53.241000,GAS,10,0 days 00:01:45.060000,1.0,,,,,0 days 00:00:25.495000,0 days 00:00:37.955000,,0 days 00:08:15.609000,0 days 00:08:53.829000,257.0,283.0,286.0,237.0,False,nan,,True,Toro Rosso,0 days 00:07:07.988000,2018-03-25 05:13:19.169,,17.0,False,,False,False
0 days 00:10:26.613000,GAS,10,0 days 00:01:33.372000,2.0,1.0,,,0 days 00:00:31.357000,0 days 00:00:24.825000,0 days 00:00:37.190000,0 days 00:09:24.632000,0 days 00:09:49.457000,0 days 00:10:26.647000,266.0,286.0,277.0,270.0,True,ULTRASOFT,1.0,True,Toro Rosso,0 days 00:08:53.241000,2018-03-25 05:15:04.422,,17.0,False,,False,False
0 days 00:11:59.474000,GAS,10,0 days 00:01:32.861000,3.0,1.0,,,0 days 00:00:31.160000,0 days 00:00:24.725000,0 days 00:00:36.976000,0 days 00:10:57.807000,0 days 00:11:22.532000,0 days 00:11:59.508000,260.0,283.0,294.0,277.0,True,ULTRASOFT,2.0,True,Toro Rosso,0 days 00:10:26.613000,2018-03-25 05:16:37.794,,17.0,False,,False,False
0 days 00:13:31.658000,GAS,10,0 days 00:01:32.184000,4.0,1.0,,,0 days 00:00:30.835000,0 days 00:00:24.730000,0 days 00:00:36.619000,0 days 00:12:30.343000,0 days 00:12:55.073000,0 days 00:13:31.692000,264.0,283.0,294.0,296.0,True,ULTRASOFT,3.0,True,Toro Rosso,0 days 00:11:59.474000,2018-03-25 05:18:10.655,,17.0,False,,False,False
0 days 00:15:03.990000,GAS,10,0 days 00:01:32.332000,5.0,1.0,,,0 days 00:00:30.716000,0 days 00:00:24.821000,0 days 00:00:36.795000,0 days 00:14:02.408000,0 days 00:14:27.229000,0 days 00:15:04.024000,266.0,283.0,283.0,295.0,False,ULTRASOFT,4.0,True,Toro Rosso,0 days 00:13:31.658000,2018-03-25 05:19:42.839,21,17.0,False,,False,True
0 days 00:16:42.170000,GAS,10,0 days 00:01:38.180000,6.0,1.0,,,0 days 00:00:30.866000,0 days 00:00:24.601000,0 days 00:00:42.713000,0 days 00:15:34.890000,0 days 00:15:59.491000,0 days 00:16:42.204000,262.0,283.0,277.0,284.0,False,ULTRASOFT,5.0,True,Toro Rosso,0 days 00:15:03.990000,2018-03-25 05:21:15.171,2,16.0,False,,False,True
0 days 00:18:13.707000,GAS,10,0 days 00:01:31.537000,7.0,1.0,,,0 days 00:00:30.529000,0 days 00:00:24.583000,0 days 00:00:36.425000,0 days 00:17:12.733000,0 days 00:17:37.316000,0 days 00:18:13.741000,265.0,275.0,278.0,,True,ULTRASOFT,6.0,True,Toro Rosso,0 days 00:16:42.170000,2018-03-25 05:22:53.351,21,16.0,False,,False,True
0 days 00:19:45.026000,GAS,10,0 days 00:01:31.319000,8.0,1.0,,,0 days 00:00:30.438000,0 days 00:00:24.594000,0 days 00:00:36.287000,0 days 00:18:44.179000,0 days 00:19:08.773000,0 days 00:19:45.060000,264.0,274.0,280.0,272.0,True,ULTRASOFT,7.0,True,Toro Rosso,0 days 00:18:13.707000,2018-03-25 05:24:24.888,1,16.0,False,,False,True
0 days 00:21:16.167000,GAS,10,0 days 00:01:31.141000,9.0,1.0,,,0 days 00:00:30.515000,0 days 00:00:24.328000,0 days 00:00:36.298000,0 days 00:20:15.575000,0 days 00:20:39.903000,0 days 00:21:16.201000,263.0,276.0,278.0,280.0,True,ULTRASOFT,8.0,True,Toro Rosso,0 days 00:19:45.026000,2018-03-25 05:25:56.207,12,16.0,False,,False,True
0 days 00:22:47.303000,GAS,10,0 days 00:01:31.136000,10.0,1.0,,,0 days 00:00:30.548000,0 days 00:00:24.305000,0 days 00:00:36.283000,0 days 00:21:46.749000,0 days 00:22:11.054000,0 days 00:22:47.337000,264.0,279.0,279.0,282.0,True,ULTRASOFT,9.0,True,Toro Rosso,0 days 00:21:16.167000,2018-03-25 05:27:27.348,1,16.0,False,,False,True
0 days 00:24:18.240000,GAS,10,0 days 00:01:30.937000,11.0,1.0,,,0 days 00:00:30.388000,0 days 00:00:24.284000,0 days 00:00:36.265000,0 days 00:23:17.725000,0 days 00:23:42.009000,0 days 00:24:18.274000,266.0,278.0,277.0,280.0,True,ULTRASOFT,10.0,True,Toro Rosso,0 days 00:22:47.303000,2018-03-25 05:28:58.484,1,16.0,False,,False,True
0 days 00:25:48.983000,GAS,10,0 days 00:01:30.743000,12.0,1.0,,,0 days 00:00:30.167000,0 days 00:00:24.367000,0 days 00:00:36.209000,0 days 00:24:48.441000,0 days 00:25:12.808000,0 days 00:25:49.017000,,284.0,278.0,282.0,True,ULTRASOFT,11.0,True,Toro Rosso,0 days 00:24:18.240000,2018-03-25 05:30:29.421,1,16.0,False,,False,True
0 days 00:27:19.632000,GAS,10,0 days 00:01:30.649000,13.0,1.0,,,0 days 00:00:30.141000,0 days 00:00:24.245000,0 days 00:00:36.263000,0 days 00:26:19.158000,0 days 00:26:43.403000,0 days 00:27:19.666000,,278.0,278.0,,True,ULTRASOFT,12.0,True,Toro Rosso,0 days 00:25:48.983000,2018-03-25 05:32:00.164,1,16.0,False,,False,True
0 days 00:29:16.839000,GAS,10,,14.0,1.0,,0 days 00:29:16.873000,0 days 00:00:30.247000,0 days 00:00:24.226000,,0 days 00:27:49.934000,0 days 00:28:14.326000,,265.0,280.0,,280.0,False,ULTRASOFT,13.0,True,Toro Rosso,0 days 00:27:19.632000,2018-03-25 05:33:30.813,1,18.0,False,,False,False
0 days 00:08:50.522000,PER,11,0 days 00:01:42.341000,1.0,,,,,0 days 00:00:24.934000,0 days 00:00:37.810000,,0 days 00:08:13.372000,0 days 00:08:51.003000,265.0,299.0,289.0,220.0,False,nan,,True,Force India,0 days 00:07:07.988000,2018-03-25 05:13:19.169,,12.0,False,,False,False
0 days 00:10:23.418000,PER,11,0 days 00:01:32.896000,2.0,1.0,,,0 days 00:00:31.283000,0 days 00:00:24.566000,0 days 00:00:37.047000,0 days 00:09:21.798000,0 days 00:09:46.364000,0 days 00:10:23.411000,267.0,297.0,285.0,252.0,True,ULTRASOFT,1.0,True,Force India,0 days 00:08:50.522000,2018-03-25 05:15:01.703,,12.0,False,,False,False
0 days 00:11:55.422000,PER,11,0 days 00:01:32.004000,3.0,1.0,,,0 days 00:00:30.911000,0 days 00:00:24.442000,0 days 00:00:36.651000,0 days 00:10:54.322000,0 days 00:11:18.764000,0 days 00:11:55.415000,264.0,292.0,287.0,293.0,True,ULTRASOFT,2.0,True,Force India,0 days 00:10:23.418000,2018-03-25 05:16:34.599,,12.0,False,,False,False
0 days 00:13:26.794000,PER,11,0 days 00:01:31.372000,4.0,1.0,,,0 days 00:00:30.489000,0 days 00:00:24.420000,0 days 00:00:36.463000,0 days 00:12:25.904000,0 days 00:12:50.324000,0 days 00:13:26.787000,272.0,293.0,285.0,302.0,True,ULTRASOFT,3.0,True,Force India,0 days 00:11:55.422000,2018-03-25 05:18:06.603,,12.0,False,,False,False
0 days 00:14:57.954000,PER,11,0 days 00:01:31.160000,5.0,1.0,,,0 days 00:00:30.373000,0 days 00:00:24.324000,0 days 00:00:36.463000,0 days 00:13:57.160000,0 days 00:14:21.484000,0 days 00:14:57.947000,,294.0,284.0,301.0,True,ULTRASOFT,4.0,True,Force India,0 days 00:13:26.794000,2018-03-25 05:19:37.975,21,12.0,False,,False,True
0 days 00:16:29.512000,PER,11,0 days 00:01:31.558000,6.0,1.0,,,0 days 00:00:30.626000,0 days 00:00:24.310000,0 days 00:00:36.622000,0 days 00:15:28.573000,0 days 00:15:52.883000,0 days 00:16:29.505000,269.0,292.0,286.0,293.0,False,ULTRASOFT,5.0,True,Force India,0 days 00:14:57.954000,2018-03-25 05:21:09.135,2,12.0,False,,False,True
0 days 00:18:01.350000,PER,11,0 days 00:01:31.838000,7.0,1.0,,,0 days 00:00:30.627000,0 days 00:00:24.431000,0 days 00:00:36.780000,0 days 00:17:00.132000,0 days 00:17:24.563000,0 days 00:18:01.343000,273.0,292.0,286.0,,False,ULTRASOFT,6.0,True,Force India,0 days 00:16:29.512000,2018-03-25 05:22:40.693,21,12.0,False,,False,True
0 days 00:19:32.272000,PER,11,0 days 00:01:30.922000,8.0,1.0,,,0 days 00:00:30.448000,0 days 00:00:24.260000,0 days 00:00:36.214000,0 days 00:18:31.791000,0 days 00:18:56.051000,0 days 00:19:32.265000,,290.0,286.0,300.0,True,ULTRASOFT,7.0,True,Force India,0 days 00:18:01.350000,2018-03-25 05:24:12.531,1,12.0,False,,False,True
0 days 00:21:03.131000,PER,11,0 days 00:01:30.859000,9.0,1.0,,,0 days 00:00:30.266000,0 days 00:00:24.397000,0 days 00:00:36.196000,0 days 00:20:02.531000,0 days 00:20:26.928000,0 days 00:21:03.124000,271.0,291.0,286.0,301.0,True,ULTRASOFT,8.0,True,Force India,0 days 00:19:32.272000,2018-03-25 05:25:43.453,12,12.0,False,,False,True
0 days 00:22:34.053000,PER,11,0 days 00:01:30.922000,10.0,1.0,,,0 days 00:00:30.382000,0 days 00:00:24.312000,0 days 00:00:36.228000,0 days 00:21:33.506000,0 days 00:21:57.818000,0 days 00:22:34.046000,274.0,290.0,287.0,304.0,False,ULTRASOFT,9.0,True,Force India,0 days 00:21:03.131000,2018-03-25 05:27:14.312,1,12.0,False,,False,True
0 days 00:24:04.472000,PER,11,0 days 00:01:30.419000,11.0,1.0,,,0 days 00:00:30.029000,0 days 00:00:24.097000,0 days 00:00:36.293000,0 days 00:23:04.075000,0 days 00:23:28.172000,0 days 00:24:04.465000,273.0,293.0,285.0,302.0,True,ULTRASOFT,10.0,True,Force India,0 days 00:22:34.053000,2018-03-25 05:28:45.234,1,12.0,False,,False,True
0 days 00:25:35.348000,PER,11,0 days 00:01:30.876000,12.0,1.0,,,0 days 00:00:30.317000,0 days 00:00:24.274000,0 days 00:00:36.285000,0 days 00:24:34.782000,0 days 00:24:59.056000,0 days 00:25:35.341000,,292.0,286.0,301.0,False,ULTRASOFT,11.0,True,Force India,0 days 00:24:04.472000,2018-03-25 05:30:15.653,1,12.0,False,,False,True
0 days 00:27:05.908000,PER,11,0 days 00:01:30.560000,13.0,1.0,,,0 days 00:00:30.105000,0 days 00:00:24.208000,0 days 00:00:36.247000,0 days 00:26:05.446000,0 days 00:26:29.654000,0 days 00:27:05.901000,,294.0,287.0,303.0,False,ULTRASOFT,12.0,True,Force India,0 days 00:25:35.348000,2018-03-25 05:31:46.529,1,12.0,False,,False,True
0 days 00:28:36.461000,PER,11,0 days 00:01:30.553000,14.0,1.0,,,0 days 00:00:30.262000,0 days 00:00:24.081000,0 days 00:00:36.210000,0 days 00:27:36.163000,0 days 00:28:00.244000,0 days 00:28:36.454000,272.0,295.0,286.0,301.0,False,ULTRASOFT,13.0,True,Force India,0 days 00:27:05.908000,2018-03-25 05:33:17.089,1,12.0,False,,False,True
0 days 00:30:06.972000,PER,11,0 days 00:01:30.511000,15.0,1.0,,,0 days 00:00:30.162000,0 days 00:00:24.203000,0 days 00:00:36.146000,0 days 00:29:06.616000,0 days 00:29:30.819000,0 days 00:30:06.965000,273.0,291.0,284.0,,False,ULTRASOFT,14.0,True,Force India,0 days 00:28:36.461000,2018-03-25 05:34:47.642,1,12.0,False,,False,True
0 days 00:31:37.384000,PER,11,0 days 00:01:30.412000,16.0,1.0,,,0 days 00:00:30.191000,0 days 00:00:24.012000,0 days 00:00:36.209000,0 days 00:30:37.156000,0 days 00:31:01.168000,0 days 00:31:37.377000,271.0,294.0,285.0,,True,ULTRASOFT,15.0,True,Force India,0 days 00:30:06.972000,2018-03-25 05:36:18.153,1,12.0,False,,False,True
0 days 00:33:07.764000,PER,11,0 days 00:01:30.380000,17.0,1.0,,,0 days 00:00:30.333000,0 days 00:00:24.042000,0 days 00:00:36.005000,0 days 00:32:07.710000,0 days 00:32:31.752000,0 days 00:33:07.757000,272.0,293.0,285.0,300.0,True,ULTRASOFT,16.0,True,Force India,0 days 00:31:37.384000,2018-03-25 05:37:48.565,1,12.0,False,,False,True
0 days 00:34:38.044000,PER,11,0 days 00:01:30.280000,18.0,1.0,,,0 days 00:00:30.029000,0 days 00:00:24.273000,0 days 00:00:35.978000,0 days 00:33:37.786000,0 days 00:34:02.059000,0 days 00:34:38.037000,,288.0,283.0,301.0,True,ULTRASOFT,17.0,True,Force India,0 days 00:33:07.764000,2018-03-25 05:39:18.945,1,12.0,False,,False,True
0 days 00:36:08.697000,PER,11,0 days 00:01:30.653000,19.0,1.0,,,0 days 00:00:30.335000,0 days 00:00:24.228000,0 days 00:00:36.090000,0 days 00:35:08.372000,0 days 00:35:32.600000,0 days 00:36:08.690000,265.0,287.0,282.0,299.0,False,ULTRASOFT,18.0,True,Force India,0 days 00:34:38.044000,2018-03-25 05:40:49.225,1,12.0,False,,False,True
0 days 00:37:39.041000,PER,11,0 days 00:01:30.344000,20.0,1.0,,,0 days 00:00:30.141000,0 days 00:00:24.140000,0 days 00:00:36.063000,0 days 00:36:38.831000,0 days 00:37:02.971000,0 days 00:37:39.034000,264.0,289.0,282.0,296.0,False,ULTRASOFT,19.0,True,Force India,0 days 00:36:08.697000,2018-03-25 05:42:19.878,1,12.0,False,,False,True
0 days 00:39:09.706000,PER,11,0 days 00:01:30.665000,21.0,1.0,,,0 days 00:00:30.288000,0 days 00:00:24.137000,0 days 00:00:36.240000,0 days 00:38:09.322000,0 days 00:38:33.459000,0 days 00:39:09.699000,,289.0,282.0,297.0,False,ULTRASOFT,20.0,True,Force India,0 days 00:37:39.041000,2018-03-25 05:43:50.222,1,11.0,False,,False,True
0 days 00:40:40.960000,PER,11,0 days 00:01:31.254000,22.0,1.0,,,0 days 00:00:30.525000,0 days 00:00:24.406000,0 days 00:00:36.323000,0 days 00:39:40.224000,0 days 00:40:04.630000,0 days 00:40:40.953000,266.0,289.0,283.0,296.0,False,ULTRASOFT,21.0,True,Force India,0 days 00:39:09.706000,2018-03-25 05:45:20.887,1,10.0,False,,False,True
0 days 00:42:11.201000,PER,11,0 days 00:01:30.241000,23.0,1.0,,,0 days 00:00:30.104000,0 days 00:00:24.188000,0 days 00:00:35.949000,0 days 00:41:11.057000,0 days 00:41:35.245000,0 days 00:42:11.194000,270.0,289.0,281.0,,True,ULTRASOFT,22.0,True,Force India,0 days 00:40:40.960000,2018-03-25 05:46:52.141,12,9.0,False,,False,True
0 days 00:44:00.076000,PER,11,0 days 00:01:48.875000,24.0,1.0,,0 days 00:43:40.427000,0 days 00:00:30.198000,0 days 00:00:24.283000,0 days 00:00:54.394000,0 days 00:42:41.392000,0 days 00:43:05.675000,0 days 00:44:00.069000,264.0,291.0,,295.0,False,ULTRASOFT,23.0,True,Force India,0 days 00:42:11.201000,2018-03-25 05:48:22.382,21,13.0,False,,False,False
0 days 00:45:50.473000,PER,11,0 days 00:01:50.397000,25.0,2.0,0 days 00:44:03.316000,,0 days 00:00:35.459000,0 days 00:00:23.589000,0 days 00:00:51.349000,0 days 00:44:35.528000,0 days 00:44:59.117000,0 days 00:45:50.466000,268.0,291.0,209.0,225.0,False,SOFT,1.0,True,Force India,0 days 00:44:00.076000,2018-03-25 05:50:11.257,126,11.0,False,,False,False
0 days 00:47:54.132000,PER,11,0 days 00:02:03.659000,26.0,2.0,,,0 days 00:00:41.792000,0 days 00:00:32.622000,0 days 00:00:49.245000,0 days 00:46:32.258000,0 days 00:47:04.880000,0 days 00:47:54.125000,223.0,273.0,249.0,235.0,False,SOFT,2.0,True,Force India,0 days 00:45:50.473000,2018-03-25 05:52:01.654,6,11.0,False,,False,False
0 days 00:49:58.356000,PER,11,0 days 00:02:04.224000,27.0,2.0,,,0 days 00:00:43.403000,0 days 00:00:29.321000,0 days 00:00:51.500000,0 days 00:48:37.528000,0 days 00:49:06.849000,0 days 00:49:58.349000,166.0,151.0,206.0,250.0,False,SOFT,3.0,True,Force India,0 days 00:47:54.132000,2018-03-25 05:54:05.313,64,11.0,False,,False,False
0 days 00:52:00.128000,PER,11,0 days 00:02:01.772000,28.0,2.0,,,0 days 00:00:42.476000,0 days 00:00:29.871000,0 days 00:00:49.425000,0 days 00:50:40.825000,0 days 00:51:10.696000,0 days 00:52:00.121000,247.0,264.0,256.0,233.0,False,SOFT,4.0,True,Force India,0 days 00:49:58.356000,2018-03-25 05:56:09.537,4,11.0,False,,False,False
0 days 00:53:39.131000,PER,11,0 days 00:01:39.003000,29.0,2.0,,,0 days 00:00:34.639000,0 days 00:00:26.603000,0 days 00:00:37.761000,0 days 00:52:34.760000,0 days 00:53:01.363000,0 days 00:53:39.124000,250.0,285.0,272.0,268.0,False,SOFT,5.0,True,Force India,0 days 00:52:00.128000,2018-03-25 05:58:11.309,4,11.0,False,,False,False
0 days 00:55:29.486000,PER,11,0 days 00:01:50.355000,30.0,2.0,,,0 days 00:00:31.272000,0 days 00:00:28.974000,0 days 00:00:50.109000,0 days 00:54:10.396000,0 days 00:54:39.370000,0 days 00:55:29.479000,264.0,289.0,167.0,288.0,False,SOFT,6.0,True,Force India,0 days 00:53:39.131000,2018-03-25 05:59:50.312,4,11.0,False,,False,False
0 days 00:57:34.264000,PER,11,0 days 00:02:04.778000,31.0,2.0,,,0 days 00:00:41.878000,0 days 00:00:35.139000,0 days 00:00:47.761000,0 days 00:56:11.357000,0 days 00:56:46.496000,0 days 00:57:34.257000,106.0,174.0,291.0,240.0,False,SOFT,7.0,True,Force India,0 days 00:55:29.486000,2018-03-25 06:01:40.667,41,11.0,False,,False,False
0 days 00:59:06.566000,PER,11,0 days 00:01:32.302000,32.0,2.0,,,0 days 00:00:31.567000,0 days 00:00:24.423000,0 days 00:00:36.312000,0 days 00:58:05.824000,0 days 00:58:30.247000,0 days 00:59:06.559000,272.0,304.0,288.0,279.0,False,SOFT,8.0,True,Force India,0 days 00:57:34.264000,2018-03-25 06:03:45.445,1,11.0,False,,False,True
0 days 01:00:36.758000,PER,11,0 days 00:01:30.192000,33.0,2.0,,,0 days 00:00:30.278000,0 days 00:00:24.085000,0 days 00:00:35.829000,0 days 00:59:36.837000,0 days 01:00:00.922000,0 days 01:00:36.751000,274.0,300.0,288.0,290.0,True,SOFT,9.0,True,Force India,0 days 00:59:06.566000,2018-03-25 06:05:17.747,1,11.0,False,,False,True
0 days 01:02:07.159000,PER,11,0 days 00:01:30.401000,34.0,2.0,,,0 days 00:00:30.302000,0 days 00:00:23.832000,0 days 00:00:36.267000,0 days 01:01:07.053000,0 days 01:01:30.885000,0 days 01:02:07.152000,276.0,299.0,285.0,297.0,False,SOFT,10.0,True,Force India,0 days 01:00:36.758000,2018-03-25 06:06:47.939,1,11.0,False,,False,True
0 days 01:03:36.580000,PER,11,0 days 00:01:29.421000,35.0,2.0,,,0 days 00:00:29.952000,0 days 00:00:23.864000,0 days 00:00:35.605000,0 days 01:02:37.104000,0 days 01:03:00.968000,0 days 01:03:36.573000,274.0,298.0,288.0,300.0,True,SOFT,11.0,True,Force India,0 days 01:02:07.159000,2018-03-25 06:08:18.340,1,11.0,False,,False,True
0 days 01:05:05.298000,PER,11,0 days 00:01:28.718000,36.0,2.0,,,0 days 00:00:29.605000,0 days 00:00:23.765000,0 days 00:00:35.348000,0 days 01:04:06.178000,0 days 01:04:29.943000,0 days 01:05:05.291000,,298.0,286.0,,True,SOFT,12.0,True,Force India,0 days 01:03:36.580000,2018-03-25 06:09:47.761,1,11.0,False,,False,True
0 days 01:06:34.423000,PER,11,0 days 00:01:29.125000,37.0,2.0,,,0 days 00:00:29.820000,0 days 00:00:23.773000,0 days 00:00:35.532000,0 days 01:05:35.111000,0 days 01:05:58.884000,0 days 01:06:34.416000,276.0,297.0,286.0,299.0,False,SOFT,13.0,True,Force India,0 days 01:05:05.298000,2018-03-25 06:11:16.479,1,11.0,False,,False,True
0 days 01:08:02.932000,PER,11,0 days 00:01:28.509000,38.0,2.0,,,0 days 00:00:29.413000,0 days 00:00:23.746000,0 days 00:00:35.350000,0 days 01:07:03.829000,0 days 01:07:27.575000,0 days 01:08:02.925000,275.0,298.0,287.0,301.0,True,SOFT,14.0,True,Force India,0 days 01:06:34.423000,2018-03-25 06:12:45.604,1,11.0,False,,False,True
0 days 01:09:31.285000,PER,11,0 days 00:01:28.353000,39.0,2.0,,,0 days 00:00:29.524000,0 days 00:00:23.621000,0 days 00:00:35.208000,0 days 01:08:32.449000,0 days 01:08:56.070000,0 days 01:09:31.278000,277.0,298.0,285.0,302.0,True,SOFT,15.0,True,Force India,0 days 01:08:02.932000,2018-03-25 06:14:14.113,1,11.0,False,,False,True
0 days 01:11:00.083000,PER,11,0 days 00:01:28.798000,40.0,2.0,,,0 days 00:00:29.641000,0 days 00:00:23.708000,0 days 00:00:35.449000,0 days 01:10:00.919000,0 days 01:10:24.627000,0 days 01:11:00.076000,275.0,296.0,284.0,301.0,False,SOFT,16.0,True,Force India,0 days 01:09:31.285000,2018-03-25 06:15:42.466,1,11.0,False,,False,True
0 days 01:12:28.369000,PER,11,0 days 00:01:28.286000,41.0,2.0,,,0 days 00:00:29.461000,0 days 00:00:23.687000,0 days 00:00:35.138000,0 days 01:11:29.537000,0 days 01:11:53.224000,0 days 01:12:28.362000,,298.0,286.0,297.0,True,SOFT,17.0,True,Force India,0 days 01:11:00.083000,2018-03-25 06:17:11.264,1,11.0,False,,False,True
0 days 01:13:56.367000,PER,11,0 days 00:01:27.998000,42.0,2.0,,,0 days 00:00:29.317000,0 days 00:00:23.557000,0 days 00:00:35.124000,0 days 01:12:57.679000,0 days 01:13:21.236000,0 days 01:13:56.360000,276.0,298.0,286.0,300.0,True,SOFT,18.0,True,Force India,0 days 01:12:28.369000,2018-03-25 06:18:39.550,1,11.0,False,,False,True
0 days 01:15:24.536000,PER,11,0 days 00:01:28.169000,43.0,2.0,,,0 days 00:00:29.301000,0 days 00:00:23.775000,0 days 00:00:35.093000,0 days 01:14:25.661000,0 days 01:14:49.436000,0 days 01:15:24.529000,278.0,298.0,286.0,302.0,False,SOFT,19.0,True,Force India,0 days 01:13:56.367000,2018-03-25 06:20:07.548,1,11.0,False,,False,True
0 days 01:16:52.819000,PER,11,0 days 00:01:28.283000,44.0,2.0,,,0 days 00:00:29.460000,0 days 00:00:23.645000,0 days 00:00:35.178000,0 days 01:15:53.989000,0 days 01:16:17.634000,0 days 01:16:52.812000,276.0,301.0,287.0,300.0,False,SOFT,20.0,True,Force India,0 days 01:15:24.536000,2018-03-25 06:21:35.717,1,11.0,False,,False,True
0 days 01:18:21.258000,PER,11,0 days 00:01:28.439000,45.0,2.0,,,0 days 00:00:29.391000,0 days 00:00:23.692000,0 days 00:00:35.356000,0 days 01:17:22.203000,0 days 01:17:45.895000,0 days 01:18:21.251000,,298.0,285.0,303.0,False,SOFT,21.0,True,Force India,0 days 01:16:52.819000,2018-03-25 06:23:04.000,1,11.0,False,,False,True
0 days 01:19:49.612000,PER,11,0 days 00:01:28.354000,46.0,2.0,,,0 days 00:00:29.356000,0 days 00:00:23.643000,0 days 00:00:35.355000,0 days 01:18:50.607000,0 days 01:19:14.250000,0 days 01:19:49.605000,275.0,299.0,285.0,299.0,False,SOFT,22.0,True,Force India,0 days 01:18:21.258000,2018-03-25 06:24:32.439,1,11.0,False,,False,True
0 days 01:21:17.894000,PER,11,0 days 00:01:28.282000,47.0,2.0,,,0 days 00:00:29.326000,0 days 00:00:23.676000,0 days 00:00:35.280000,0 days 01:20:18.931000,0 days 01:20:42.607000,0 days 01:21:17.887000,280.0,298.0,286.0,301.0,False,SOFT,23.0,True,Force India,0 days 01:19:49.612000,2018-03-25 06:26:00.793,1,11.0,False,,False,True
0 days 01:22:45.920000,PER,11,0 days 00:01:28.026000,48.0,2.0,,,0 days 00:00:29.483000,0 days 00:00:23.565000,0 days 00:00:34.978000,0 days 01:21:47.370000,0 days 01:22:10.935000,0 days 01:22:45.913000,278.0,299.0,289.0,302.0,False,SOFT,24.0,True,Force India,0 days 01:21:17.894000,2018-03-25 06:27:29.075,1,11.0,False,,False,True
0 days 01:24:13.926000,PER,11,0 days 00:01:28.006000,49.0,2.0,,,0 days 00:00:29.198000,0 days 00:00:23.587000,0 days 00:00:35.221000,0 days 01:23:15.111000,0 days 01:23:38.698000,0 days 01:24:13.919000,,298.0,289.0,,False,SOFT,25.0,True,Force India,0 days 01:22:45.920000,2018-03-25 06:28:57.101,1,11.0,False,,False,True
0 days 01:25:42.005000,PER,11,0 days 00:01:28.079000,50.0,2.0,,,0 days 00:00:29.354000,0 days 00:00:23.617000,0 days 00:00:35.108000,0 days 01:24:43.273000,0 days 01:25:06.890000,0 days 01:25:41.998000,,298.0,287.0,304.0,False,SOFT,26.0,True,Force India,0 days 01:24:13.926000,2018-03-25 06:30:25.107,1,11.0,False,,False,True
0 days 01:27:09.638000,PER,11,0 days 00:01:27.633000,51.0,2.0,,,0 days 00:00:29.174000,0 days 00:00:23.582000,0 days 00:00:34.877000,0 days 01:26:11.172000,0 days 01:26:34.754000,0 days 01:27:09.631000,279.0,300.0,299.0,302.0,True,SOFT,27.0,True,Force India,0 days 01:25:42.005000,2018-03-25 06:31:53.186,1,11.0,False,,False,True
0 days 01:28:38.115000,PER,11,0 days 00:01:28.477000,52.0,2.0,,,0 days 00:00:29.543000,0 days 00:00:23.808000,0 days 00:00:35.126000,0 days 01:27:39.174000,0 days 01:28:02.982000,0 days 01:28:38.108000,276.0,300.0,298.0,316.0,False,SOFT,28.0,True,Force India,0 days 01:27:09.638000,2018-03-25 06:33:20.819,1,11.0,False,,False,True
0 days 01:30:06.496000,PER,11,0 days 00:01:28.381000,53.0,2.0,,,0 days 00:00:29.559000,0 days 00:00:23.793000,0 days 00:00:35.029000,0 days 01:29:07.667000,0 days 01:29:31.460000,0 days 01:30:06.489000,278.0,302.0,302.0,313.0,False,SOFT,29.0,True,Force India,0 days 01:28:38.115000,2018-03-25 06:34:49.296,1,11.0,False,,False,True
0 days 01:31:34.589000,PER,11,0 days 00:01:28.093000,54.0,2.0,,,0 days 00:00:29.534000,0 days 00:00:23.639000,0 days 00:00:34.920000,0 days 01:30:36.023000,0 days 01:30:59.662000,0 days 01:31:34.582000,277.0,301.0,300.0,319.0,False,SOFT,30.0,True,Force India,0 days 01:30:06.496000,2018-03-25 06:36:17.677,1,11.0,False,,False,True
0 days 01:33:02.873000,PER,11,0 days 00:01:28.284000,55.0,2.0,,,0 days 00:00:29.559000,0 days 00:00:23.605000,0 days 00:00:35.120000,0 days 01:32:04.141000,0 days 01:32:27.746000,0 days 01:33:02.866000,274.0,301.0,301.0,313.0,False,SOFT,31.0,True,Force India,0 days 01:31:34.589000,2018-03-25 06:37:45.770,1,11.0,False,,False,True
0 days 01:34:31.211000,PER,11,0 days 00:01:28.338000,56.0,2.0,,,0 days 00:00:29.596000,0 days 00:00:23.811000,0 days 00:00:34.931000,0 days 01:33:32.462000,0 days 01:33:56.273000,0 days 01:34:31.204000,277.0,300.0,300.0,,False,SOFT,32.0,True,Force India,0 days 01:33:02.873000,2018-03-25 06:39:14.054,1,11.0,False,,False,True
0 days 01:35:59.061000,PER,11,0 days 00:01:27.850000,57.0,2.0,,,0 days 00:00:29.219000,0 days 00:00:23.589000,0 days 00:00:35.042000,0 days 01:35:00.423000,0 days 01:35:24.012000,0 days 01:35:59.054000,276.0,300.0,298.0,,False,SOFT,33.0,True,Force India,0 days 01:34:31.211000,2018-03-25 06:40:42.392,1,11.0,False,,False,True
0 days 01:37:28.281000,PER,11,0 days 00:01:29.220000,58.0,2.0,,,0 days 00:00:29.451000,0 days 00:00:24.552000,0 days 00:00:35.217000,0 days 01:36:28.505000,0 days 01:36:53.057000,0 days 01:37:28.274000,278.0,297.0,285.0,312.0,False,SOFT,34.0,True,Force India,0 days 01:35:59.061000,2018-03-25 06:42:10.242,1,11.0,False,,False,True
0 days 00:08:49.709000,ALO,14,0 days 00:01:41.528000,1.0,,,,,0 days 00:00:24.692000,0 days 00:00:38.129000,,0 days 00:08:12.142000,0 days 00:08:50.005000,247.0,270.0,279.0,225.0,False,nan,,True,McLaren,0 days 00:07:07.988000,2018-03-25 05:13:19.169,,10.0,False,,False,False
0 days 00:10:21.274000,ALO,14,0 days 00:01:31.565000,2.0,1.0,,,0 days 00:00:30.482000,0 days 00:00:24.593000,0 days 00:00:36.490000,0 days 00:09:20.211000,0 days 00:09:44.804000,0 days 00:10:21.294000,266.0,287.0,279.0,273.0,True,ULTRASOFT,1.0,True,McLaren,0 days 00:08:49.709000,2018-03-25 05:15:00.890,,10.0,False,,False,False
0 days 00:11:52.578000,ALO,14,0 days 00:01:31.304000,3.0,1.0,,,0 days 00:00:30.619000,0 days 00:00:24.376000,0 days 00:00:36.309000,0 days 00:10:51.913000,0 days 00:11:16.289000,0 days 00:11:52.598000,263.0,281.0,283.0,280.0,True,ULTRASOFT,2.0,True,McLaren,0 days 00:10:21.274000,2018-03-25 05:16:32.455,,10.0,False,,False,False
0 days 00:13:23.129000,ALO,14,0 days 00:01:30.551000,4.0,1.0,,,0 days 00:00:30.031000,0 days 00:00:24.386000,0 days 00:00:36.134000,0 days 00:12:22.629000,0 days 00:12:47.015000,0 days 00:13:23.149000,268.0,285.0,284.0,288.0,True,ULTRASOFT,3.0,True,McLaren,0 days 00:11:52.578000,2018-03-25 05:18:03.759,,10.0,False,,False,False
0 days 00:14:55.039000,ALO,14,0 days 00:01:31.910000,5.0,1.0,,,0 days 00:00:30.524000,0 days 00:00:24.550000,0 days 00:00:36.836000,0 days 00:13:53.673000,0 days 00:14:18.223000,0 days 00:14:55.059000,263.0,286.0,281.0,283.0,False,ULTRASOFT,4.0,True,McLaren,0 days 00:13:23.129000,2018-03-25 05:19:34.310,21,10.0,False,,False,True
0 days 00:16:26.770000,ALO,14,0 days 00:01:31.731000,6.0,1.0,,,0 days 00:00:30.531000,0 days 00:00:24.504000,0 days 00:00:36.696000,0 days 00:15:25.590000,0 days 00:15:50.094000,0 days 00:16:26.790000,265.0,286.0,282.0,266.0,False,ULTRASOFT,5.0,True,McLaren,0 days 00:14:55.039000,2018-03-25 05:21:06.220,12,10.0,False,,False,True
0 days 00:17:57.937000,ALO,14,0 days 00:01:31.167000,7.0,1.0,,,0 days 00:00:30.449000,0 days 00:00:24.307000,0 days 00:00:36.411000,0 days 00:16:57.239000,0 days 00:17:21.546000,0 days 00:17:57.957000,261.0,284.0,281.0,263.0,False,ULTRASOFT,6.0,True,McLaren,0 days 00:16:26.770000,2018-03-25 05:22:37.951,21,10.0,False,,False,True
0 days 00:19:28.863000,ALO,14,0 days 00:01:30.926000,8.0,1.0,,,0 days 00:00:30.468000,0 days 00:00:24.244000,0 days 00:00:36.214000,0 days 00:18:28.425000,0 days 00:18:52.669000,0 days 00:19:28.883000,262.0,279.0,280.0,266.0,False,ULTRASOFT,7.0,True,McLaren,0 days 00:17:57.937000,2018-03-25 05:24:09.118,1,10.0,False,,False,True
0 days 00:20:59.270000,ALO,14,0 days 00:01:30.407000,9.0,1.0,,,0 days 00:00:30.157000,0 days 00:00:24.264000,0 days 00:00:35.986000,0 days 00:19:59.040000,0 days 00:20:23.304000,0 days 00:20:59.290000,263.0,282.0,281.0,279.0,True,ULTRASOFT,8.0,True,McLaren,0 days 00:19:28.863000,2018-03-25 05:25:40.044,1,10.0,False,,False,True
0 days 00:22:30.255000,ALO,14,0 days 00:01:30.985000,10.0,1.0,,,0 days 00:00:30.494000,0 days 00:00:24.281000,0 days 00:00:36.210000,0 days 00:21:29.784000,0 days 00:21:54.065000,0 days 00:22:30.275000,268.0,291.0,294.0,270.0,False,ULTRASOFT,9.0,True,McLaren,0 days 00:20:59.270000,2018-03-25 05:27:10.451,12,10.0,False,,False,True
0 days 00:24:01.127000,ALO,14,0 days 00:01:30.872000,11.0,1.0,,,0 days 00:00:30.164000,0 days 00:00:24.482000,0 days 00:00:36.226000,0 days 00:23:00.439000,0 days 00:23:24.921000,0 days 00:24:01.147000,264.0,283.0,280.0,292.0,False,ULTRASOFT,10.0,True,McLaren,0 days 00:22:30.255000,2018-03-25 05:28:41.436,1,10.0,False,,False,True
0 days 00:25:31.619000,ALO,14,0 days 00:01:30.492000,12.0,1.0,,,0 days 00:00:30.188000,0 days 00:00:24.227000,0 days 00:00:36.077000,0 days 00:24:31.335000,0 days 00:24:55.562000,0 days 00:25:31.639000,266.0,285.0,281.0,275.0,False,ULTRASOFT,11.0,True,McLaren,0 days 00:24:01.127000,2018-03-25 05:30:12.308,1,10.0,False,,False,True
0 days 00:27:01.790000,ALO,14,0 days 00:01:30.171000,13.0,1.0,,,0 days 00:00:30.141000,0 days 00:00:24.071000,0 days 00:00:35.959000,0 days 00:26:01.780000,0 days 00:26:25.851000,0 days 00:27:01.810000,263.0,282.0,281.0,284.0,True,ULTRASOFT,12.0,True,McLaren,0 days 00:25:31.619000,2018-03-25 05:31:42.800,1,10.0,False,,False,True
0 days 00:28:31.859000,ALO,14,0 days 00:01:30.069000,14.0,1.0,,,0 days 00:00:30.134000,0 days 00:00:24.198000,0 days 00:00:35.737000,0 days 00:27:31.944000,0 days 00:27:56.142000,0 days 00:28:31.879000,266.0,285.0,282.0,281.0,True,ULTRASOFT,13.0,True,McLaren,0 days 00:27:01.790000,2018-03-25 05:33:12.971,1,10.0,False,,False,True
0 days 00:30:02.360000,ALO,14,0 days 00:01:30.501000,15.0,1.0,,,0 days 00:00:30.295000,0 days 00:00:24.119000,0 days 00:00:36.087000,0 days 00:29:02.174000,0 days 00:29:26.293000,0 days 00:30:02.380000,261.0,284.0,280.0,274.0,False,ULTRASOFT,14.0,True,McLaren,0 days 00:28:31.859000,2018-03-25 05:34:43.040,1,10.0,False,,False,True
0 days 00:31:32.345000,ALO,14,0 days 00:01:29.985000,16.0,1.0,,,0 days 00:00:29.960000,0 days 00:00:24.088000,0 days 00:00:35.937000,0 days 00:30:32.340000,0 days 00:30:56.428000,0 days 00:31:32.365000,260.0,286.0,282.0,272.0,True,ULTRASOFT,15.0,True,McLaren,0 days 00:30:02.360000,2018-03-25 05:36:13.541,1,10.0,False,,False,True
0 days 00:33:02.611000,ALO,14,0 days 00:01:30.266000,17.0,1.0,,,0 days 00:00:30.166000,0 days 00:00:24.181000,0 days 00:00:35.919000,0 days 00:32:02.531000,0 days 00:32:26.712000,0 days 00:33:02.631000,261.0,285.0,282.0,,False,ULTRASOFT,16.0,True,McLaren,0 days 00:31:32.345000,2018-03-25 05:37:43.526,1,10.0,False,,False,True
0 days 00:34:32.793000,ALO,14,0 days 00:01:30.182000,18.0,1.0,,,0 days 00:00:30.081000,0 days 00:00:24.169000,0 days 00:00:35.932000,0 days 00:33:32.712000,0 days 00:33:56.881000,0 days 00:34:32.813000,267.0,281.0,282.0,,False,ULTRASOFT,17.0,True,McLaren,0 days 00:33:02.611000,2018-03-25 05:39:13.792,1,10.0,False,,False,True
0 days 00:36:02.390000,ALO,14,0 days 00:01:29.597000,19.0,1.0,,,0 days 00:00:30.043000,0 days 00:00:24.003000,0 days 00:00:35.551000,0 days 00:35:02.856000,0 days 00:35:26.859000,0 days 00:36:02.410000,268.0,285.0,282.0,271.0,True,ULTRASOFT,18.0,True,McLaren,0 days 00:34:32.793000,2018-03-25 05:40:43.974,1,10.0,False,,False,True
0 days 00:37:32.007000,ALO,14,0 days 00:01:29.617000,20.0,1.0,,,0 days 00:00:29.970000,0 days 00:00:23.960000,0 days 00:00:35.687000,0 days 00:36:32.380000,0 days 00:36:56.340000,0 days 00:37:32.027000,267.0,290.0,283.0,285.0,False,ULTRASOFT,19.0,True,McLaren,0 days 00:36:02.390000,2018-03-25 05:42:13.571,1,10.0,False,,False,True
0 days 00:39:01.872000,ALO,14,0 days 00:01:29.865000,21.0,1.0,,,0 days 00:00:30.151000,0 days 00:00:23.997000,0 days 00:00:35.717000,0 days 00:38:02.178000,0 days 00:38:26.175000,0 days 00:39:01.892000,270.0,294.0,292.0,288.0,False,ULTRASOFT,20.0,True,McLaren,0 days 00:37:32.007000,2018-03-25 05:43:43.188,1,9.0,False,,False,True
0 days 00:40:31.498000,ALO,14,0 days 00:01:29.626000,22.0,1.0,,,0 days 00:00:30.021000,0 days 00:00:24.244000,0 days 00:00:35.361000,0 days 00:39:31.913000,0 days 00:39:56.157000,0 days 00:40:31.518000,268.0,282.0,280.0,298.0,False,ULTRASOFT,21.0,True,McLaren,0 days 00:39:01.872000,2018-03-25 05:45:13.053,1,7.0,False,,False,True
0 days 00:42:00.301000,ALO,14,0 days 00:01:28.803000,23.0,1.0,,,0 days 00:00:29.590000,0 days 00:00:23.930000,0 days 00:00:35.283000,0 days 00:41:01.108000,0 days 00:41:25.038000,0 days 00:42:00.321000,269.0,284.0,279.0,285.0,True,ULTRASOFT,22.0,True,McLaren,0 days 00:40:31.498000,2018-03-25 05:46:42.679,12,7.0,False,,False,True
0 days 00:43:29.478000,ALO,14,0 days 00:01:29.177000,24.0,1.0,,,0 days 00:00:29.929000,0 days 00:00:23.866000,0 days 00:00:35.382000,0 days 00:42:30.250000,0 days 00:42:54.116000,0 days 00:43:29.498000,270.0,288.0,280.0,284.0,False,ULTRASOFT,23.0,True,McLaren,0 days 00:42:00.301000,2018-03-25 05:48:11.482,12,5.0,False,,False,True
0 days 00:44:58.615000,ALO,14,0 days 00:01:29.137000,25.0,1.0,,,0 days 00:00:29.631000,0 days 00:00:24.002000,0 days 00:00:35.504000,0 days 00:43:59.129000,0 days 00:44:23.131000,0 days 00:44:58.635000,268.0,285.0,280.0,,False,ULTRASOFT,24.0,True,McLaren,0 days 00:43:29.478000,2018-03-25 05:49:40.659,12,5.0,False,,False,True
0 days 00:47:19.145000,ALO,14,0 days 00:02:20.530000,26.0,1.0,,0 days 00:46:59.732000,0 days 00:00:42.712000,0 days 00:00:32.073000,0 days 00:01:05.745000,0 days 00:45:41.347000,0 days 00:46:13.420000,0 days 00:47:19.165000,168.0,205.0,,246.0,False,ULTRASOFT,25.0,True,McLaren,0 days 00:44:58.615000,2018-03-25 05:51:09.796,26,5.0,False,,False,False
0 days 00:49:29.302000,ALO,14,0 days 00:02:10.157000,27.0,2.0,0 days 00:47:21.957000,,0 days 00:00:46.515000,0 days 00:00:34.010000,0 days 00:00:49.632000,0 days 00:48:05.680000,0 days 00:48:39.690000,0 days 00:49:29.322000,202.0,200.0,217.0,217.0,False,SOFT,1.0,True,McLaren,0 days 00:47:19.145000,2018-03-25 05:53:30.326,64,6.0,False,,False,False
0 days 00:51:32.311000,ALO,14,0 days 00:02:03.009000,28.0,2.0,,,0 days 00:00:39.948000,0 days 00:00:34.739000,0 days 00:00:48.322000,0 days 00:50:09.270000,0 days 00:50:44.009000,0 days 00:51:32.331000,181.0,196.0,201.0,158.0,False,SOFT,2.0,True,McLaren,0 days 00:49:29.302000,2018-03-25 05:55:40.483,4,6.0,False,,False,False
0 days 00:53:21.620000,ALO,14,0 days 00:01:49.309000,29.0,2.0,,,0 days 00:00:36.931000,0 days 00:00:28.316000,0 days 00:00:44.062000,0 days 00:52:09.262000,0 days 00:52:37.578000,0 days 00:53:21.640000,240.0,264.0,255.0,205.0,False,SOFT,3.0,True,McLaren,0 days 00:51:32.311000,2018-03-25 05:57:43.492,4,6.0,False,,False,False
0 days 00:55:19.879000,ALO,14,0 days 00:01:58.259000,30.0,2.0,,,0 days 00:00:34.246000,0 days 00:00:28.401000,0 days 00:00:55.612000,0 days 00:53:55.886000,0 days 00:54:24.287000,0 days 00:55:19.899000,251.0,173.0,197.0,189.0,False,SOFT,4.0,True,McLaren,0 days 00:53:21.620000,2018-03-25 05:59:32.801,4,6.0,False,,False,False
0 days 00:57:31.884000,ALO,14,0 days 00:02:12.005000,31.0,2.0,,,0 days 00:00:42.078000,0 days 00:00:36.104000,0 days 00:00:53.823000,0 days 00:56:01.977000,0 days 00:56:38.081000,0 days 00:57:31.904000,127.0,212.0,290.0,211.0,False,SOFT,5.0,True,McLaren,0 days 00:55:19.879000,2018-03-25 06:01:31.060,41,5.0,False,,False,False
0 days 00:59:02.072000,ALO,14,0 days 00:01:30.188000,32.0,2.0,,,0 days 00:00:30.557000,0 days 00:00:23.946000,0 days 00:00:35.685000,0 days 00:58:02.461000,0 days 00:58:26.407000,0 days 00:59:02.092000,268.0,295.0,280.0,257.0,False,SOFT,6.0,True,McLaren,0 days 00:57:31.884000,2018-03-25 06:03:43.065,1,5.0,False,,False,True
0 days 01:00:31.115000,ALO,14,0 days 00:01:29.043000,33.0,2.0,,,0 days 00:00:29.808000,0 days 00:00:23.744000,0 days 00:00:35.491000,0 days 00:59:31.900000,0 days 00:59:55.644000,0 days 01:00:31.135000,269.0,288.0,279.0,279.0,False,SOFT,7.0,True,McLaren,0 days 00:59:02.072000,2018-03-25 06:05:13.253,1,5.0,False,,False,True
0 days 01:02:00.320000,ALO,14,0 days 00:01:29.205000,34.0,2.0,,,0 days 00:00:30.033000,0 days 00:00:23.848000,0 days 00:00:35.324000,0 days 01:01:01.168000,0 days 01:01:25.016000,0 days 01:02:00.340000,266.0,282.0,280.0,280.0,False,SOFT,8.0,True,McLaren,0 days 01:00:31.115000,2018-03-25 06:06:42.296,1,5.0,False,,False,True
0 days 01:03:28.947000,ALO,14,0 days 00:01:28.627000,35.0,2.0,,,0 days 00:00:29.766000,0 days 00:00:23.787000,0 days 00:00:35.074000,0 days 01:02:30.106000,0 days 01:02:53.893000,0 days 01:03:28.967000,269.0,285.0,279.0,282.0,True,SOFT,9.0,True,McLaren,0 days 01:02:00.320000,2018-03-25 06:08:11.501,1,5.0,False,,False,True
0 days 01:04:57.327000,ALO,14,0 days 00:01:28.380000,36.0,2.0,,,0 days 00:00:29.606000,0 days 00:00:23.729000,0 days 00:00:35.045000,0 days 01:03:58.573000,0 days 01:04:22.302000,0 days 01:04:57.347000,270.0,286.0,277.0,281.0,True,SOFT,10.0,True,McLaren,0 days 01:03:28.947000,2018-03-25 06:09:40.128,1,5.0,False,,False,True
0 days 01:06:25.778000,ALO,14,0 days 00:01:28.451000,37.0,2.0,,,0 days 00:00:29.597000,0 days 00:00:23.772000,0 days 00:00:35.082000,0 days 01:05:26.944000,0 days 01:05:50.716000,0 days 01:06:25.798000,,283.0,277.0,279.0,False,SOFT,11.0,True,McLaren,0 days 01:04:57.327000,2018-03-25 06:11:08.508,1,5.0,False,,False,True
0 days 01:07:54.182000,ALO,14,0 days 00:01:28.404000,38.0,2.0,,,0 days 00:00:29.579000,0 days 00:00:23.713000,0 days 00:00:35.112000,0 days 01:06:55.377000,0 days 01:07:19.090000,0 days 01:07:54.202000,,284.0,278.0,281.0,False,SOFT,12.0,True,McLaren,0 days 01:06:25.778000,2018-03-25 06:12:36.959,1,5.0,False,,False,True
0 days 01:09:22.344000,ALO,14,0 days 00:01:28.162000,39.0,2.0,,,0 days 00:00:29.468000,0 days 00:00:23.712000,0 days 00:00:34.982000,0 days 01:08:23.670000,0 days 01:08:47.382000,0 days 01:09:22.364000,,284.0,277.0,278.0,True,SOFT,13.0,True,McLaren,0 days 01:07:54.182000,2018-03-25 06:14:05.363,1,5.0,False,,False,True
0 days 01:10:50.623000,ALO,14,0 days 00:01:28.279000,40.0,2.0,,,0 days 00:00:29.490000,0 days 00:00:23.869000,0 days 00:00:34.920000,0 days 01:09:51.854000,0 days 01:10:15.723000,0 days 01:10:50.643000,268.0,282.0,275.0,282.0,False,SOFT,14.0,True,McLaren,0 days 01:09:22.344000,2018-03-25 06:15:33.525,1,5.0,False,,False,True
0 days 01:12:18.703000,ALO,14,0 days 00:01:28.080000,41.0,2.0,,,0 days 00:00:29.482000,0 days 00:00:23.714000,0 days 00:00:34.884000,0 days 01:11:20.125000,0 days 01:11:43.839000,0 days 01:12:18.723000,270.0,284.0,277.0,276.0,True,SOFT,15.0,True,McLaren,0 days 01:10:50.623000,2018-03-25 06:17:01.804,1,5.0,False,,False,True
0 days 01:13:46.639000,ALO,14,0 days 00:01:27.936000,42.0,2.0,,,0 days 00:00:29.308000,0 days 00:00:23.611000,0 days 00:00:35.017000,0 days 01:12:48.031000,0 days 01:13:11.642000,0 days 01:13:46.659000,271.0,283.0,278.0,279.0,True,SOFT,16.0,True,McLaren,0 days 01:12:18.703000,2018-03-25 06:18:29.884,1,5.0,False,,False,True
0 days 01:15:14.659000,ALO,14,0 days 00:01:28.020000,43.0,2.0,,,0 days 00:00:29.410000,0 days 00:00:23.707000,0 days 00:00:34.903000,0 days 01:14:16.069000,0 days 01:14:39.776000,0 days 01:15:14.679000,269.0,283.0,278.0,,False,SOFT,17.0,True,McLaren,0 days 01:13:46.639000,2018-03-25 06:19:57.820,1,5.0,False,,False,True
0 days 01:16:42.755000,ALO,14,0 days 00:01:28.096000,44.0,2.0,,,0 days 00:00:29.534000,0 days 00:00:23.630000,0 days 00:00:34.932000,0 days 01:15:44.213000,0 days 01:16:07.843000,0 days 01:16:42.775000,,284.0,278.0,277.0,False,SOFT,18.0,True,McLaren,0 days 01:15:14.659000,2018-03-25 06:21:25.840,1,5.0,False,,False,True
0 days 01:18:10.929000,ALO,14,0 days 00:01:28.174000,45.0,2.0,,,0 days 00:00:29.646000,0 days 00:00:23.679000,0 days 00:00:34.849000,0 days 01:17:12.421000,0 days 01:17:36.100000,0 days 01:18:10.949000,268.0,283.0,279.0,,False,SOFT,19.0,True,McLaren,0 days 01:16:42.755000,2018-03-25 06:22:53.936,1,5.0,False,,False,True
0 days 01:19:39.135000,ALO,14,0 days 00:01:28.206000,46.0,2.0,,,0 days 00:00:29.415000,0 days 00:00:23.674000,0 days 00:00:35.117000,0 days 01:18:40.364000,0 days 01:19:04.038000,0 days 01:19:39.155000,269.0,285.0,278.0,,False,SOFT,20.0,True,McLaren,0 days 01:18:10.929000,2018-03-25 06:24:22.110,1,5.0,False,,False,True
0 days 01:21:07.129000,ALO,14,0 days 00:01:27.994000,47.0,2.0,,,0 days 00:00:29.419000,0 days 00:00:23.626000,0 days 00:00:34.949000,0 days 01:20:08.574000,0 days 01:20:32.200000,0 days 01:21:07.149000,,284.0,279.0,278.0,False,SOFT,21.0,True,McLaren,0 days 01:19:39.135000,2018-03-25 06:25:50.316,1,5.0,False,,False,True
0 days 01:22:35.554000,ALO,14,0 days 00:01:28.425000,48.0,2.0,,,0 days 00:00:29.575000,0 days 00:00:23.862000,0 days 00:00:34.988000,0 days 01:21:36.724000,0 days 01:22:00.586000,0 days 01:22:35.574000,267.0,281.0,280.0,277.0,False,SOFT,22.0,True,McLaren,0 days 01:21:07.129000,2018-03-25 06:27:18.310,1,5.0,False,,False,True
0 days 01:24:03.474000,ALO,14,0 days 00:01:27.920000,49.0,2.0,,,0 days 00:00:29.369000,0 days 00:00:23.677000,0 days 00:00:34.874000,0 days 01:23:04.943000,0 days 01:23:28.620000,0 days 01:24:03.494000,269.0,281.0,279.0,278.0,True,SOFT,23.0,True,McLaren,0 days 01:22:35.554000,2018-03-25 06:28:46.735,1,5.0,False,,False,True
0 days 01:25:31.151000,ALO,14,0 days 00:01:27.677000,50.0,2.0,,,0 days 00:00:29.308000,0 days 00:00:23.676000,0 days 00:00:34.693000,0 days 01:24:32.802000,0 days 01:24:56.478000,0 days 01:25:31.171000,,282.0,278.0,,True,SOFT,24.0,True,McLaren,0 days 01:24:03.474000,2018-03-25 06:30:14.655,1,5.0,False,,False,True
0 days 01:26:58.502000,ALO,14,0 days 00:01:27.351000,51.0,2.0,,,0 days 00:00:29.236000,0 days 00:00:23.495000,0 days 00:00:34.620000,0 days 01:26:00.407000,0 days 01:26:23.902000,0 days 01:26:58.522000,271.0,283.0,279.0,,True,SOFT,25.0,True,McLaren,0 days 01:25:31.151000,2018-03-25 06:31:42.332,1,5.0,False,,False,True
0 days 01:28:26.048000,ALO,14,0 days 00:01:27.546000,52.0,2.0,,,0 days 00:00:29.292000,0 days 00:00:23.583000,0 days 00:00:34.671000,0 days 01:27:27.814000,0 days 01:27:51.397000,0 days 01:28:26.068000,270.0,285.0,278.0,279.0,False,SOFT,26.0,True,McLaren,0 days 01:26:58.502000,2018-03-25 06:33:09.683,1,5.0,False,,False,True
0 days 01:29:53.473000,ALO,14,0 days 00:01:27.425000,53.0,2.0,,,0 days 00:00:29.296000,0 days 00:00:23.623000,0 days 00:00:34.506000,0 days 01:28:55.364000,0 days 01:29:18.987000,0 days 01:29:53.493000,272.0,287.0,280.0,281.0,False,SOFT,27.0,True,McLaren,0 days 01:28:26.048000,2018-03-25 06:34:37.229,1,5.0,False,,False,True
0 days 01:31:20.593000,ALO,14,0 days 00:01:27.120000,54.0,2.0,,,0 days 00:00:29.196000,0 days 00:00:23.406000,0 days 00:00:34.518000,0 days 01:30:22.689000,0 days 01:30:46.095000,0 days 01:31:20.613000,270.0,288.0,279.0,,True,SOFT,28.0,True,McLaren,0 days 01:29:53.473000,2018-03-25 06:36:04.654,1,5.0,False,,False,True
0 days 01:32:47.747000,ALO,14,0 days 00:01:27.154000,55.0,2.0,,,0 days 00:00:29.205000,0 days 00:00:23.495000,0 days 00:00:34.454000,0 days 01:31:49.818000,0 days 01:32:13.313000,0 days 01:32:47.767000,272.0,286.0,279.0,,False,SOFT,29.0,True,McLaren,0 days 01:31:20.593000,2018-03-25 06:37:31.774,1,5.0,False,,False,True
0 days 01:34:15.029000,ALO,14,0 days 00:01:27.282000,56.0,2.0,,,0 days 00:00:29.072000,0 days 00:00:23.566000,0 days 00:00:34.644000,0 days 01:33:16.839000,0 days 01:33:40.405000,0 days 01:34:15.049000,271.0,286.0,279.0,,False,SOFT,30.0,True,McLaren,0 days 01:32:47.747000,2018-03-25 06:38:58.928,1,5.0,False,,False,True
0 days 01:35:42.007000,ALO,14,0 days 00:01:26.978000,57.0,2.0,,,0 days 00:00:28.976000,0 days 00:00:23.486000,0 days 00:00:34.516000,0 days 01:34:44.025000,0 days 01:35:07.511000,0 days 01:35:42.027000,272.0,292.0,280.0,283.0,True,SOFT,31.0,True,McLaren,0 days 01:34:15.029000,2018-03-25 06:40:26.210,1,5.0,False,,False,True
0 days 01:37:09.350000,ALO,14,0 days 00:01:27.343000,58.0,2.0,,,0 days 00:00:29.255000,0 days 00:00:23.521000,0 days 00:00:34.567000,0 days 01:36:11.282000,0 days 01:36:34.803000,0 days 01:37:09.370000,269.0,292.0,276.0,278.0,False,SOFT,32.0,True,McLaren,0 days 01:35:42.007000,2018-03-25 06:41:53.188,1,5.0,False,,False,True
0 days 00:08:53.765000,LEC,16,0 days 00:01:45.584000,1.0,,,,,0 days 00:00:25.641000,0 days 00:00:37.954000,,0 days 00:08:16.546000,0 days 00:08:54.434000,260.0,299.0,288.0,229.0,False,nan,,True,Sauber,0 days 00:07:07.988000,2018-03-25 05:13:19.169,,18.0,False,,False,False
0 days 00:10:27.540000,LEC,16,0 days 00:01:33.775000,2.0,1.0,,,0 days 00:00:31.554000,0 days 00:00:25.095000,0 days 00:00:37.126000,0 days 00:09:25.334000,0 days 00:09:50.429000,0 days 00:10:27.555000,262.0,288.0,287.0,272.0,True,SUPERSOFT,1.0,True,Sauber,0 days 00:08:53.765000,2018-03-25 05:15:04.946,,18.0,False,,False,False
0 days 00:11:59.945000,LEC,16,0 days 00:01:32.405000,3.0,1.0,,,0 days 00:00:30.785000,0 days 00:00:24.693000,0 days 00:00:36.927000,0 days 00:10:58.340000,0 days 00:11:23.033000,0 days 00:11:59.960000,267.0,292.0,301.0,293.0,True,SUPERSOFT,2.0,True,Sauber,0 days 00:10:27.540000,2018-03-25 05:16:38.721,,18.0,False,,False,False
0 days 00:13:33.073000,LEC,16,0 days 00:01:33.128000,4.0,1.0,,,0 days 00:00:31.427000,0 days 00:00:24.829000,0 days 00:00:36.872000,0 days 00:12:31.387000,0 days 00:12:56.216000,0 days 00:13:33.088000,262.0,289.0,288.0,312.0,False,SUPERSOFT,3.0,True,Sauber,0 days 00:11:59.945000,2018-03-25 05:18:11.126,,18.0,False,,False,False
0 days 00:15:05.160000,LEC,16,0 days 00:01:32.087000,5.0,1.0,,,0 days 00:00:30.688000,0 days 00:00:24.666000,0 days 00:00:36.733000,0 days 00:14:03.776000,0 days 00:14:28.442000,0 days 00:15:05.175000,265.0,290.0,285.0,294.0,True,SUPERSOFT,4.0,True,Sauber,0 days 00:13:33.073000,2018-03-25 05:19:44.254,21,18.0,False,,False,True
0 days 00:16:42.675000,LEC,16,0 days 00:01:37.515000,6.0,1.0,,,0 days 00:00:30.759000,0 days 00:00:24.566000,0 days 00:00:42.190000,0 days 00:15:35.934000,0 days 00:16:00.500000,0 days 00:16:42.690000,266.0,292.0,287.0,293.0,False,SUPERSOFT,5.0,True,Sauber,0 days 00:15:05.160000,2018-03-25 05:21:16.341,2,17.0,False,,False,True
0 days 00:18:14.718000,LEC,16,0 days 00:01:32.043000,7.0,1.0,,,0 days 00:00:30.997000,0 days 00:00:24.533000,0 days 00:00:36.513000,0 days 00:17:13.687000,0 days 00:17:38.220000,0 days 00:18:14.733000,268.0,292.0,294.0,287.0,True,SUPERSOFT,6.0,True,Sauber,0 days 00:16:42.675000,2018-03-25 05:22:53.856,21,17.0,False,,False,True
0 days 00:19:46.577000,LEC,16,0 days 00:01:31.859000,8.0,1.0,,,0 days 00:00:30.742000,0 days 00:00:24.496000,0 days 00:00:36.621000,0 days 00:18:45.475000,0 days 00:19:09.971000,0 days 00:19:46.592000,266.0,288.0,286.0,301.0,True,SUPERSOFT,7.0,True,Sauber,0 days 00:18:14.718000,2018-03-25 05:24:25.899,1,17.0,False,,False,True
0 days 00:21:17.864000,LEC,16,0 days 00:01:31.287000,9.0,1.0,,,0 days 00:00:30.355000,0 days 00:00:24.430000,0 days 00:00:36.502000,0 days 00:20:16.947000,0 days 00:20:41.377000,0 days 00:21:17.879000,268.0,289.0,285.0,296.0,True,SUPERSOFT,8.0,True,Sauber,0 days 00:19:46.577000,2018-03-25 05:25:57.758,12,17.0,False,,False,True
0 days 00:22:48.841000,LEC,16,0 days 00:01:30.977000,10.0,1.0,,,0 days 00:00:30.375000,0 days 00:00:24.305000,0 days 00:00:36.297000,0 days 00:21:48.254000,0 days 00:22:12.559000,0 days 00:22:48.856000,267.0,289.0,285.0,295.0,True,SUPERSOFT,9.0,True,Sauber,0 days 00:21:17.864000,2018-03-25 05:27:29.045,1,17.0,False,,False,True
0 days 00:24:19.986000,LEC,16,0 days 00:01:31.145000,11.0,1.0,,,0 days 00:00:30.404000,0 days 00:00:24.376000,0 days 00:00:36.365000,0 days 00:23:19.260000,0 days 00:23:43.636000,0 days 00:24:20.001000,268.0,290.0,284.0,296.0,False,SUPERSOFT,10.0,True,Sauber,0 days 00:22:48.841000,2018-03-25 05:29:00.022,1,17.0,False,,False,True
0 days 00:25:50.878000,LEC,16,0 days 00:01:30.892000,12.0,1.0,,,0 days 00:00:30.280000,0 days 00:00:24.255000,0 days 00:00:36.357000,0 days 00:24:50.281000,0 days 00:25:14.536000,0 days 00:25:50.893000,,290.0,284.0,294.0,True,SUPERSOFT,11.0,True,Sauber,0 days 00:24:19.986000,2018-03-25 05:30:31.167,1,17.0,False,,False,True
0 days 00:27:21.143000,LEC,16,0 days 00:01:30.265000,13.0,1.0,,,0 days 00:00:30.032000,0 days 00:00:24.139000,0 days 00:00:36.094000,0 days 00:26:20.925000,0 days 00:26:45.064000,0 days 00:27:21.158000,270.0,291.0,286.0,295.0,True,SUPERSOFT,12.0,True,Sauber,0 days 00:25:50.878000,2018-03-25 05:32:02.059,1,17.0,False,,False,True
0 days 00:28:52.092000,LEC,16,0 days 00:01:30.949000,14.0,1.0,,,0 days 00:00:30.320000,0 days 00:00:24.148000,0 days 00:00:36.481000,0 days 00:27:51.478000,0 days 00:28:15.626000,0 days 00:28:52.107000,269.0,292.0,283.0,296.0,False,SUPERSOFT,13.0,True,Sauber,0 days 00:27:21.143000,2018-03-25 05:33:32.324,1,16.0,False,,False,True
0 days 00:30:22.669000,LEC,16,0 days 00:01:30.577000,15.0,1.0,,,0 days 00:00:30.221000,0 days 00:00:24.213000,0 days 00:00:36.143000,0 days 00:29:22.328000,0 days 00:29:46.541000,0 days 00:30:22.684000,,286.0,283.0,290.0,False,SUPERSOFT,14.0,True,Sauber,0 days 00:28:52.092000,2018-03-25 05:35:03.273,1,16.0,False,,False,True
0 days 00:31:52.983000,LEC,16,0 days 00:01:30.314000,16.0,1.0,,,0 days 00:00:30.145000,0 days 00:00:24.070000,0 days 00:00:36.099000,0 days 00:30:52.829000,0 days 00:31:16.899000,0 days 00:31:52.998000,,286.0,284.0,,False,SUPERSOFT,15.0,True,Sauber,0 days 00:30:22.669000,2018-03-25 05:36:33.850,1,16.0,False,,False,True
0 days 00:33:23.512000,LEC,16,0 days 00:01:30.529000,17.0,1.0,,,0 days 00:00:30.232000,0 days 00:00:24.192000,0 days 00:00:36.105000,0 days 00:32:23.230000,0 days 00:32:47.422000,0 days 00:33:23.527000,267.0,288.0,284.0,292.0,False,SUPERSOFT,16.0,True,Sauber,0 days 00:31:52.983000,2018-03-25 05:38:04.164,1,16.0,False,,False,True
0 days 00:34:53.619000,LEC,16,0 days 00:01:30.107000,18.0,1.0,,,0 days 00:00:30.113000,0 days 00:00:24.049000,0 days 00:00:35.945000,0 days 00:33:53.640000,0 days 00:34:17.689000,0 days 00:34:53.634000,269.0,288.0,284.0,,True,SUPERSOFT,17.0,True,Sauber,0 days 00:33:23.512000,2018-03-25 05:39:34.693,1,16.0,False,,False,True
0 days 00:36:24.005000,LEC,16,0 days 00:01:30.386000,19.0,1.0,,,0 days 00:00:30.115000,0 days 00:00:24.219000,0 days 00:00:36.052000,0 days 00:35:23.749000,0 days 00:35:47.968000,0 days 00:36:24.020000,,290.0,285.0,294.0,False,SUPERSOFT,18.0,True,Sauber,0 days 00:34:53.619000,2018-03-25 05:41:04.800,1,16.0,False,,False,True
0 days 00:38:12.772000,LEC,16,0 days 00:01:48.767000,20.0,1.0,,0 days 00:37:53.289000,0 days 00:00:30.205000,0 days 00:00:23.992000,0 days 00:00:54.570000,0 days 00:36:54.225000,0 days 00:37:18.217000,0 days 00:38:12.787000,270.0,294.0,,295.0,False,SUPERSOFT,19.0,True,Sauber,0 days 00:36:24.005000,2018-03-25 05:42:35.186,1,17.0,False,,False,False
0 days 00:39:47.131000,LEC,16,0 days 00:01:34.359000,21.0,2.0,0 days 00:38:15.556000,,0 days 00:00:35.344000,0 days 00:00:23.740000,0 days 00:00:35.275000,0 days 00:38:48.131000,0 days 00:39:11.871000,0 days 00:39:47.146000,273.0,291.0,283.0,226.0,False,SOFT,1.0,True,Sauber,0 days 00:38:12.772000,2018-03-25 05:44:23.953,1,17.0,False,,False,False
0 days 00:41:20.722000,LEC,16,0 days 00:01:33.591000,22.0,2.0,,,0 days 00:00:29.843000,0 days 00:00:27.333000,0 days 00:00:36.415000,0 days 00:40:16.989000,0 days 00:40:44.322000,0 days 00:41:20.737000,268.0,282.0,280.0,291.0,False,SOFT,2.0,True,Sauber,0 days 00:39:47.131000,2018-03-25 05:45:58.312,1,16.0,False,,False,True
0 days 00:42:50.690000,LEC,16,0 days 00:01:29.968000,23.0,2.0,,,0 days 00:00:30.302000,0 days 00:00:24.112000,0 days 00:00:35.554000,0 days 00:41:51.039000,0 days 00:42:15.151000,0 days 00:42:50.705000,262.0,287.0,279.0,285.0,True,SOFT,3.0,True,Sauber,0 days 00:41:20.722000,2018-03-25 05:47:31.903,12,15.0,False,,False,True
0 days 00:44:20.013000,LEC,16,0 days 00:01:29.323000,24.0,2.0,,,0 days 00:00:29.856000,0 days 00:00:23.855000,0 days 00:00:35.612000,0 days 00:43:20.561000,0 days 00:43:44.416000,0 days 00:44:20.028000,267.0,288.0,280.0,286.0,True,SOFT,4.0,True,Sauber,0 days 00:42:50.690000,2018-03-25 05:49:01.871,21,15.0,False,,False,True
0 days 00:46:11.636000,LEC,16,0 days 00:01:51.623000,25.0,2.0,,,0 days 00:00:30.268000,0 days 00:00:31.543000,0 days 00:00:49.812000,0 days 00:44:50.296000,0 days 00:45:21.839000,0 days 00:46:11.651000,266.0,181.0,172.0,280.0,False,SOFT,5.0,True,Sauber,0 days 00:44:20.013000,2018-03-25 05:50:31.194,26,14.0,False,,False,False
0 days 00:48:14.958000,LEC,16,0 days 00:02:03.322000,26.0,2.0,,,0 days 00:00:41.478000,0 days 00:00:31.801000,0 days 00:00:50.043000,0 days 00:46:53.129000,0 days 00:47:24.930000,0 days 00:48:14.973000,208.0,222.0,182.0,182.0,False,SOFT,6.0,True,Sauber,0 days 00:46:11.636000,2018-03-25 05:52:22.817,6,14.0,False,,False,False
0 days 00:50:34.604000,LEC,16,0 days 00:02:19.646000,27.0,2.0,,0 days 00:50:14.593000,0 days 00:00:40.761000,0 days 00:00:32.758000,0 days 00:01:06.127000,0 days 00:48:55.734000,0 days 00:49:28.492000,0 days 00:50:34.619000,187.0,206.0,,195.0,False,SOFT,7.0,True,Sauber,0 days 00:48:14.958000,2018-03-25 05:54:26.139,64,14.0,False,,False,False
0 days 00:52:44.274000,LEC,16,0 days 00:02:09.670000,28.0,3.0,0 days 00:50:38.181000,,0 days 00:00:45.836000,0 days 00:00:33.264000,0 days 00:00:50.570000,0 days 00:51:20.455000,0 days 00:51:53.719000,0 days 00:52:44.289000,191.0,214.0,201.0,203.0,False,ULTRASOFT,1.0,True,Sauber,0 days 00:50:34.604000,2018-03-25 05:56:45.785,4,14.0,False,,False,False
0 days 00:54:19.785000,LEC,16,0 days 00:01:35.511000,29.0,3.0,,,0 days 00:00:33.601000,0 days 00:00:24.960000,0 days 00:00:36.950000,0 days 00:53:17.890000,0 days 00:53:42.850000,0 days 00:54:19.800000,254.0,284.0,277.0,194.0,False,ULTRASOFT,2.0,True,Sauber,0 days 00:52:44.274000,2018-03-25 05:58:55.455,4,14.0,False,,False,False
0 days 00:55:52.376000,LEC,16,0 days 00:01:32.591000,30.0,3.0,,,0 days 00:00:31.078000,0 days 00:00:24.062000,0 days 00:00:37.451000,0 days 00:54:50.878000,0 days 00:55:14.940000,0 days 00:55:52.391000,269.0,290.0,280.0,234.0,False,ULTRASOFT,3.0,True,Sauber,0 days 00:54:19.785000,2018-03-25 06:00:30.966,4,14.0,False,,False,False
0 days 00:57:35.307000,LEC,16,0 days 00:01:42.931000,31.0,3.0,,,0 days 00:00:30.444000,0 days 00:00:27.240000,0 days 00:00:45.247000,0 days 00:56:22.835000,0 days 00:56:50.075000,0 days 00:57:35.322000,270.0,259.0,299.0,284.0,False,ULTRASOFT,4.0,True,Sauber,0 days 00:55:52.376000,2018-03-25 06:02:03.557,41,14.0,False,,False,False
0 days 00:59:07.778000,LEC,16,0 days 00:01:32.471000,32.0,3.0,,,0 days 00:00:31.231000,0 days 00:00:24.595000,0 days 00:00:36.645000,0 days 00:58:06.553000,0 days 00:58:31.148000,0 days 00:59:07.793000,272.0,302.0,289.0,306.0,False,ULTRASOFT,5.0,True,Sauber,0 days 00:57:35.307000,2018-03-25 06:03:46.488,1,13.0,False,,False,True
0 days 01:00:38.777000,LEC,16,0 days 00:01:30.999000,33.0,3.0,,,0 days 00:00:30.404000,0 days 00:00:24.365000,0 days 00:00:36.230000,0 days 00:59:38.197000,0 days 01:00:02.562000,0 days 01:00:38.792000,264.0,297.0,285.0,286.0,False,ULTRASOFT,6.0,True,Sauber,0 days 00:59:07.778000,2018-03-25 06:05:18.959,1,13.0,False,,False,True
0 days 01:02:08.878000,LEC,16,0 days 00:01:30.101000,34.0,3.0,,,0 days 00:00:30.134000,0 days 00:00:23.933000,0 days 00:00:36.034000,0 days 01:01:08.926000,0 days 01:01:32.859000,0 days 01:02:08.893000,268.0,293.0,296.0,291.0,False,ULTRASOFT,7.0,True,Sauber,0 days 01:00:38.777000,2018-03-25 06:06:49.958,1,13.0,False,,False,True
0 days 01:03:38.780000,LEC,16,0 days 00:01:29.902000,35.0,3.0,,,0 days 00:00:29.978000,0 days 00:00:24.110000,0 days 00:00:35.814000,0 days 01:02:38.871000,0 days 01:03:02.981000,0 days 01:03:38.795000,266.0,294.0,297.0,306.0,False,ULTRASOFT,8.0,True,Sauber,0 days 01:02:08.878000,2018-03-25 06:08:20.059,1,13.0,False,,False,True
0 days 01:05:08.679000,LEC,16,0 days 00:01:29.899000,36.0,3.0,,,0 days 00:00:29.985000,0 days 00:00:24.064000,0 days 00:00:35.850000,0 days 01:04:08.780000,0 days 01:04:32.844000,0 days 01:05:08.694000,,294.0,285.0,290.0,False,ULTRASOFT,9.0,True,Sauber,0 days 01:03:38.780000,2018-03-25 06:09:49.961,1,13.0,False,,False,True
0 days 01:06:38.626000,LEC,16,0 days 00:01:29.947000,37.0,3.0,,,0 days 00:00:29.956000,0 days 00:00:24.143000,0 days 00:00:35.848000,0 days 01:05:38.650000,0 days 01:06:02.793000,0 days 01:06:38.641000,270.0,291.0,284.0,280.0,False,ULTRASOFT,10.0,True,Sauber,0 days 01:05:08.679000,2018-03-25 06:11:19.860,1,13.0,False,,False,True
0 days 01:08:08.134000,LEC,16,0 days 00:01:29.508000,38.0,3.0,,,0 days 00:00:29.729000,0 days 00:00:24.075000,0 days 00:00:35.704000,0 days 01:07:08.370000,0 days 01:07:32.445000,0 days 01:08:08.149000,271.0,293.0,285.0,287.0,False,ULTRASOFT,11.0,True,Sauber,0 days 01:06:38.626000,2018-03-25 06:12:49.807,1,13.0,False,,False,True
0 days 01:09:37.615000,LEC,16,0 days 00:01:29.481000,39.0,3.0,,,0 days 00:00:29.836000,0 days 00:00:24.057000,0 days 00:00:35.588000,0 days 01:08:37.985000,0 days 01:09:02.042000,0 days 01:09:37.630000,,291.0,281.0,288.0,False,ULTRASOFT,12.0,True,Sauber,0 days 01:08:08.134000,2018-03-25 06:14:19.315,1,13.0,False,,False,True
0 days 01:11:07.791000,LEC,16,0 days 00:01:30.176000,40.0,3.0,,,0 days 00:00:29.878000,0 days 00:00:24.040000,0 days 00:00:36.258000,0 days 01:10:07.508000,0 days 01:10:31.548000,0 days 01:11:07.806000,268.0,288.0,281.0,284.0,False,ULTRASOFT,13.0,True,Sauber,0 days 01:09:37.615000,2018-03-25 06:15:48.796,1,13.0,False,,False,True
0 days 01:12:37.872000,LEC,16,0 days 00:01:30.081000,41.0,3.0,,,0 days 00:00:30.046000,0 days 00:00:24.121000,0 days 00:00:35.914000,0 days 01:11:37.852000,0 days 01:12:01.973000,0 days 01:12:37.887000,,289.0,280.0,278.0,False,ULTRASOFT,14.0,True,Sauber,0 days 01:11:07.791000,2018-03-25 06:17:18.972,1,13.0,False,,False,True
0 days 01:14:07.283000,LEC,16,0 days 00:01:29.411000,42.0,3.0,,,0 days 00:00:29.803000,0 days 00:00:23.991000,0 days 00:00:35.617000,0 days 01:13:07.690000,0 days 01:13:31.681000,0 days 01:14:07.298000,271.0,288.0,281.0,279.0,False,ULTRASOFT,15.0,True,Sauber,0 days 01:12:37.872000,2018-03-25 06:18:49.053,1,13.0,False,,False,True
0 days 01:15:36.576000,LEC,16,0 days 00:01:29.293000,43.0,3.0,,,0 days 00:00:29.695000,0 days 00:00:23.957000,0 days 00:00:35.641000,0 days 01:14:36.993000,0 days 01:15:00.950000,0 days 01:15:36.591000,269.0,289.0,280.0,283.0,True,ULTRASOFT,16.0,True,Sauber,0 days 01:14:07.283000,2018-03-25 06:20:18.464,1,13.0,False,,False,True
0 days 01:17:06.151000,LEC,16,0 days 00:01:29.575000,44.0,3.0,,,0 days 00:00:30.026000,0 days 00:00:23.999000,0 days 00:00:35.550000,0 days 01:16:06.617000,0 days 01:16:30.616000,0 days 01:17:06.166000,,291.0,280.0,279.0,False,ULTRASOFT,17.0,True,Sauber,0 days 01:15:36.576000,2018-03-25 06:21:47.757,1,13.0,False,,False,True
0 days 01:18:35.838000,LEC,16,0 days 00:01:29.687000,45.0,3.0,,,0 days 00:00:29.921000,0 days 00:00:23.983000,0 days 00:00:35.783000,0 days 01:17:36.087000,0 days 01:18:00.070000,0 days 01:18:35.853000,267.0,289.0,280.0,282.0,False,ULTRASOFT,18.0,True,Sauber,0 days 01:17:06.151000,2018-03-25 06:23:17.332,1,13.0,False,,False,True
0 days 01:20:05.558000,LEC,16,0 days 00:01:29.720000,46.0,3.0,,,0 days 00:00:29.958000,0 days 00:00:24.016000,0 days 00:00:35.746000,0 days 01:19:05.811000,0 days 01:19:29.827000,0 days 01:20:05.573000,266.0,289.0,281.0,280.0,False,ULTRASOFT,19.0,True,Sauber,0 days 01:18:35.838000,2018-03-25 06:24:47.019,1,13.0,False,,False,True
0 days 01:21:34.726000,LEC,16,0 days 00:01:29.168000,47.0,3.0,,,0 days 00:00:29.688000,0 days 00:00:23.939000,0 days 00:00:35.541000,0 days 01:20:35.261000,0 days 01:20:59.200000,0 days 01:21:34.741000,270.0,291.0,282.0,283.0,True,ULTRASOFT,20.0,True,Sauber,0 days 01:20:05.558000,2018-03-25 06:26:16.739,1,13.0,False,,False,True
0 days 01:23:03.697000,LEC,16,0 days 00:01:28.971000,48.0,3.0,,,0 days 00:00:29.709000,0 days 00:00:23.953000,0 days 00:00:35.309000,0 days 01:22:04.450000,0 days 01:22:28.403000,0 days 01:23:03.712000,268.0,288.0,281.0,,True,ULTRASOFT,21.0,True,Sauber,0 days 01:21:34.726000,2018-03-25 06:27:45.907,1,13.0,False,,False,True
0 days 01:24:33.538000,LEC,16,0 days 00:01:29.841000,49.0,3.0,,,0 days 00:00:29.506000,0 days 00:00:24.642000,0 days 00:00:35.693000,0 days 01:23:33.218000,0 days 01:23:57.860000,0 days 01:24:33.553000,271.0,287.0,282.0,286.0,False,ULTRASOFT,22.0,True,Sauber,0 days 01:23:03.697000,2018-03-25 06:29:14.878,1,13.0,False,,False,True
0 days 01:26:03.445000,LEC,16,0 days 00:01:29.907000,50.0,3.0,,,0 days 00:00:30.181000,0 days 00:00:24.040000,0 days 00:00:35.686000,0 days 01:25:03.734000,0 days 01:25:27.774000,0 days 01:26:03.460000,270.0,287.0,279.0,279.0,False,ULTRASOFT,23.0,True,Sauber,0 days 01:24:33.538000,2018-03-25 06:30:44.719,1,13.0,False,,False,True
0 days 01:27:32.600000,LEC,16,0 days 00:01:29.155000,51.0,3.0,,,0 days 00:00:29.569000,0 days 00:00:23.929000,0 days 00:00:35.657000,0 days 01:26:33.029000,0 days 01:26:56.958000,0 days 01:27:32.615000,268.0,284.0,279.0,286.0,False,ULTRASOFT,24.0,True,Sauber,0 days 01:26:03.445000,2018-03-25 06:32:14.626,1,13.0,False,,False,True
0 days 01:29:01.924000,LEC,16,0 days 00:01:29.324000,52.0,3.0,,,0 days 00:00:29.665000,0 days 00:00:24.039000,0 days 00:00:35.620000,0 days 01:28:02.280000,0 days 01:28:26.319000,0 days 01:29:01.939000,,285.0,282.0,281.0,False,ULTRASOFT,25.0,True,Sauber,0 days 01:27:32.600000,2018-03-25 06:33:43.781,1,13.0,False,,False,True
0 days 01:30:31.531000,LEC,16,0 days 00:01:29.607000,53.0,3.0,,,0 days 00:00:29.760000,0 days 00:00:24.128000,0 days 00:00:35.719000,0 days 01:29:31.699000,0 days 01:29:55.827000,0 days 01:30:31.546000,266.0,284.0,281.0,279.0,False,ULTRASOFT,26.0,True,Sauber,0 days 01:29:01.924000,2018-03-25 06:35:13.105,1,13.0,False,,False,True
0 days 01:32:00.516000,LEC,16,0 days 00:01:28.985000,54.0,3.0,,,0 days 00:00:29.651000,0 days 00:00:23.937000,0 days 00:00:35.397000,0 days 01:31:01.197000,0 days 01:31:25.134000,0 days 01:32:00.531000,264.0,289.0,280.0,266.0,False,ULTRASOFT,27.0,True,Sauber,0 days 01:30:31.531000,2018-03-25 06:36:42.712,1,13.0,False,,False,True
0 days 01:33:29.519000,LEC,16,0 days 00:01:29.003000,55.0,3.0,,,0 days 00:00:29.584000,0 days 00:00:23.917000,0 days 00:00:35.502000,0 days 01:32:30.115000,0 days 01:32:54.032000,0 days 01:33:29.534000,266.0,288.0,281.0,270.0,False,ULTRASOFT,28.0,True,Sauber,0 days 01:32:00.516000,2018-03-25 06:38:11.697,1,13.0,False,,False,True
0 days 01:34:58.278000,LEC,16,0 days 00:01:28.759000,56.0,3.0,,,0 days 00:00:29.621000,0 days 00:00:23.882000,0 days 00:00:35.256000,0 days 01:33:59.155000,0 days 01:34:23.037000,0 days 01:34:58.293000,270.0,293.0,281.0,274.0,True,ULTRASOFT,29.0,True,Sauber,0 days 01:33:29.519000,2018-03-25 06:39:40.700,1,13.0,False,,False,True
0 days 01:36:27.279000,LEC,16,0 days 00:01:29.001000,57.0,3.0,,,0 days 00:00:29.698000,0 days 00:00:24.004000,0 days 00:00:35.299000,0 days 01:35:27.991000,0 days 01:35:51.995000,0 days 01:36:27.294000,265.0,293.0,280.0,281.0,False,ULTRASOFT,30.0,True,Sauber,0 days 01:34:58.278000,2018-03-25 06:41:09.459,1,13.0,False,,False,True
0 days 01:37:57.223000,LEC,16,0 days 00:01:29.944000,58.0,3.0,,,0 days 00:00:29.845000,0 days 00:00:23.818000,0 days 00:00:36.281000,0 days 01:36:57.139000,0 days 01:37:20.957000,0 days 01:37:57.238000,270.0,294.0,237.0,277.0,False,ULTRASOFT,31.0,True,Sauber,0 days 01:36:27.279000,2018-03-25 06:42:38.460,1,13.0,False,,False,True
0 days 00:08:51.615000,STR,18,0 days 00:01:43.434000,1.0,,,,,0 days 00:00:25.292000,0 days 00:00:38.288000,,0 days 00:08:13.673000,0 days 00:08:52.214000,267.0,282.0,285.0,231.0,False,nan,,True,Williams,0 days 00:07:07.988000,2018-03-25 05:13:19.169,,14.0,False,,False,False
0 days 00:10:24.752000,STR,18,0 days 00:01:33.137000,2.0,1.0,,,0 days 00:00:31.289000,0 days 00:00:24.676000,0 days 00:00:37.172000,0 days 00:09:22.902000,0 days 00:09:47.578000,0 days 00:10:24.750000,266.0,298.0,286.0,287.0,True,SUPERSOFT,1.0,True,Williams,0 days 00:08:51.615000,2018-03-25 05:15:02.796,,14.0,False,,False,False
0 days 00:11:57.406000,STR,18,0 days 00:01:32.654000,3.0,1.0,,,0 days 00:00:31.087000,0 days 00:00:24.698000,0 days 00:00:36.869000,0 days 00:10:55.837000,0 days 00:11:20.535000,0 days 00:11:57.404000,258.0,289.0,293.0,283.0,True,SUPERSOFT,2.0,True,Williams,0 days 00:10:24.752000,2018-03-25 05:16:35.933,,14.0,False,,False,False
0 days 00:13:30.368000,STR,18,0 days 00:01:32.962000,4.0,1.0,,,0 days 00:00:30.754000,0 days 00:00:24.681000,0 days 00:00:37.527000,0 days 00:12:28.158000,0 days 00:12:52.839000,0 days 00:13:30.366000,261.0,287.0,292.0,293.0,False,SUPERSOFT,3.0,True,Williams,0 days 00:11:57.406000,2018-03-25 05:18:08.587,,15.0,False,,False,False
0 days 00:15:02.641000,STR,18,0 days 00:01:32.273000,5.0,1.0,,,0 days 00:00:30.779000,0 days 00:00:24.530000,0 days 00:00:36.964000,0 days 00:14:01.145000,0 days 00:14:25.675000,0 days 00:15:02.639000,265.0,290.0,283.0,277.0,True,SUPERSOFT,4.0,True,Williams,0 days 00:13:30.368000,2018-03-25 05:19:41.549,21,15.0,False,,False,True
0 days 00:16:35.158000,STR,18,0 days 00:01:32.517000,6.0,1.0,,,0 days 00:00:30.803000,0 days 00:00:24.405000,0 days 00:00:37.309000,0 days 00:15:33.442000,0 days 00:15:57.847000,0 days 00:16:35.156000,263.0,288.0,282.0,295.0,False,SUPERSOFT,5.0,True,Williams,0 days 00:15:02.641000,2018-03-25 05:21:13.822,2,15.0,False,,False,True
0 days 00:18:07.136000,STR,18,0 days 00:01:31.978000,7.0,1.0,,,0 days 00:00:30.762000,0 days 00:00:24.464000,0 days 00:00:36.752000,0 days 00:17:05.918000,0 days 00:17:30.382000,0 days 00:18:07.134000,265.0,286.0,283.0,279.0,True,SUPERSOFT,6.0,True,Williams,0 days 00:16:35.158000,2018-03-25 05:22:46.339,21,15.0,False,,False,True
0 days 00:19:38.794000,STR,18,0 days 00:01:31.658000,8.0,1.0,,,0 days 00:00:30.576000,0 days 00:00:24.411000,0 days 00:00:36.671000,0 days 00:18:37.710000,0 days 00:19:02.121000,0 days 00:19:38.792000,,287.0,283.0,293.0,True,SUPERSOFT,7.0,True,Williams,0 days 00:18:07.136000,2018-03-25 05:24:18.317,1,15.0,False,,False,True
0 days 00:21:10.196000,STR,18,0 days 00:01:31.402000,9.0,1.0,,,0 days 00:00:30.457000,0 days 00:00:24.323000,0 days 00:00:36.622000,0 days 00:20:09.249000,0 days 00:20:33.572000,0 days 00:21:10.194000,264.0,288.0,282.0,296.0,True,SUPERSOFT,8.0,True,Williams,0 days 00:19:38.794000,2018-03-25 05:25:49.975,12,15.0,False,,False,True
0 days 00:22:41.284000,STR,18,0 days 00:01:31.088000,10.0,1.0,,,0 days 00:00:30.485000,0 days 00:00:24.260000,0 days 00:00:36.343000,0 days 00:21:40.679000,0 days 00:22:04.939000,0 days 00:22:41.282000,265.0,289.0,283.0,295.0,True,SUPERSOFT,9.0,True,Williams,0 days 00:21:10.196000,2018-03-25 05:27:21.377,1,15.0,False,,False,True
0 days 00:24:12.403000,STR,18,0 days 00:01:31.119000,11.0,1.0,,,0 days 00:00:30.371000,0 days 00:00:24.286000,0 days 00:00:36.462000,0 days 00:23:11.653000,0 days 00:23:35.939000,0 days 00:24:12.401000,,287.0,282.0,296.0,False,SUPERSOFT,10.0,True,Williams,0 days 00:22:41.284000,2018-03-25 05:28:52.465,1,15.0,False,,False,True
0 days 00:25:44.201000,STR,18,0 days 00:01:31.798000,12.0,1.0,,,0 days 00:00:30.654000,0 days 00:00:24.503000,0 days 00:00:36.641000,0 days 00:24:43.055000,0 days 00:25:07.558000,0 days 00:25:44.199000,267.0,288.0,282.0,292.0,False,SUPERSOFT,11.0,True,Williams,0 days 00:24:12.403000,2018-03-25 05:30:23.584,1,15.0,False,,False,True
0 days 00:27:15.129000,STR,18,0 days 00:01:30.928000,13.0,1.0,,,0 days 00:00:30.305000,0 days 00:00:24.186000,0 days 00:00:36.437000,0 days 00:26:14.504000,0 days 00:26:38.690000,0 days 00:27:15.127000,,288.0,283.0,,True,SUPERSOFT,12.0,True,Williams,0 days 00:25:44.201000,2018-03-25 05:31:55.382,1,15.0,False,,False,True
0 days 00:28:45.963000,STR,18,0 days 00:01:30.834000,14.0,1.0,,,0 days 00:00:30.372000,0 days 00:00:24.182000,0 days 00:00:36.280000,0 days 00:27:45.499000,0 days 00:28:09.681000,0 days 00:28:45.961000,,289.0,282.0,289.0,True,SUPERSOFT,13.0,True,Williams,0 days 00:27:15.129000,2018-03-25 05:33:26.310,1,15.0,False,,False,True
0 days 00:30:17.284000,STR,18,0 days 00:01:31.321000,15.0,1.0,,,0 days 00:00:30.375000,0 days 00:00:24.589000,0 days 00:00:36.357000,0 days 00:29:16.336000,0 days 00:29:40.925000,0 days 00:30:17.282000,268.0,287.0,282.0,288.0,False,SUPERSOFT,14.0,True,Williams,0 days 00:28:45.963000,2018-03-25 05:34:57.144,1,15.0,False,,False,True
0 days 00:31:48.633000,STR,18,0 days 00:01:31.349000,16.0,1.0,,,0 days 00:00:30.460000,0 days 00:00:24.324000,0 days 00:00:36.565000,0 days 00:30:47.742000,0 days 00:31:12.066000,0 days 00:31:48.631000,262.0,286.0,282.0,292.0,False,SUPERSOFT,15.0,True,Williams,0 days 00:30:17.284000,2018-03-25 05:36:28.465,1,15.0,False,,False,True
0 days 00:33:20.363000,STR,18,0 days 00:01:31.730000,17.0,1.0,,,0 days 00:00:30.736000,0 days 00:00:24.457000,0 days 00:00:36.537000,0 days 00:32:19.367000,0 days 00:32:43.824000,0 days 00:33:20.361000,267.0,288.0,281.0,294.0,False,SUPERSOFT,16.0,True,Williams,0 days 00:31:48.633000,2018-03-25 05:37:59.814,1,15.0,False,,False,True
0 days 00:34:51.617000,STR,18,0 days 00:01:31.254000,18.0,1.0,,,0 days 00:00:30.634000,0 days 00:00:24.283000,0 days 00:00:36.337000,0 days 00:33:50.995000,0 days 00:34:15.278000,0 days 00:34:51.615000,264.0,285.0,281.0,280.0,False,SUPERSOFT,17.0,True,Williams,0 days 00:33:20.363000,2018-03-25 05:39:31.544,1,15.0,False,,False,True
0 days 00:36:22.444000,STR,18,0 days 00:01:30.827000,19.0,1.0,,,0 days 00:00:30.458000,0 days 00:00:24.234000,0 days 00:00:36.135000,0 days 00:35:22.073000,0 days 00:35:46.307000,0 days 00:36:22.442000,266.0,288.0,280.0,275.0,True,SUPERSOFT,18.0,True,Williams,0 days 00:34:51.617000,2018-03-25 05:41:02.798,1,15.0,False,,False,True
0 days 00:37:53.454000,STR,18,0 days 00:01:31.010000,20.0,1.0,,,0 days 00:00:30.502000,0 days 00:00:24.195000,0 days 00:00:36.313000,0 days 00:36:52.944000,0 days 00:37:17.139000,0 days 00:37:53.452000,263.0,289.0,281.0,276.0,False,SUPERSOFT,19.0,True,Williams,0 days 00:36:22.444000,2018-03-25 05:42:33.625,1,15.0,False,,False,True
0 days 00:39:24.441000,STR,18,0 days 00:01:30.987000,21.0,1.0,,,0 days 00:00:30.458000,0 days 00:00:24.236000,0 days 00:00:36.293000,0 days 00:38:23.910000,0 days 00:38:48.146000,0 days 00:39:24.439000,264.0,287.0,280.0,280.0,False,SUPERSOFT,20.0,True,Williams,0 days 00:37:53.454000,2018-03-25 05:44:04.635,1,15.0,False,,False,True
0 days 00:40:55.457000,STR,18,0 days 00:01:31.016000,22.0,1.0,,,0 days 00:00:30.494000,0 days 00:00:24.231000,0 days 00:00:36.291000,0 days 00:39:54.933000,0 days 00:40:19.164000,0 days 00:40:55.455000,266.0,289.0,281.0,291.0,False,SUPERSOFT,21.0,True,Williams,0 days 00:39:24.441000,2018-03-25 05:45:35.622,1,14.0,False,,False,True
0 days 00:42:26.426000,STR,18,0 days 00:01:30.969000,23.0,1.0,,,0 days 00:00:30.633000,0 days 00:00:24.169000,0 days 00:00:36.167000,0 days 00:41:26.088000,0 days 00:41:50.257000,0 days 00:42:26.424000,267.0,288.0,278.0,284.0,False,SUPERSOFT,22.0,True,Williams,0 days 00:40:55.457000,2018-03-25 05:47:06.638,12,12.0,False,,False,True
0 days 00:43:57.381000,STR,18,0 days 00:01:30.955000,24.0,1.0,,,0 days 00:00:30.565000,0 days 00:00:24.158000,0 days 00:00:36.232000,0 days 00:42:56.989000,0 days 00:43:21.147000,0 days 00:43:57.379000,263.0,290.0,279.0,278.0,False,SUPERSOFT,23.0,True,Williams,0 days 00:42:26.426000,2018-03-25 05:48:37.607,21,11.0,False,,False,True
0 days 00:45:58.152000,STR,18,0 days 00:02:00.771000,25.0,1.0,,0 days 00:45:35.482000,0 days 00:00:30.682000,0 days 00:00:24.204000,0 days 00:01:05.885000,0 days 00:44:28.061000,0 days 00:44:52.265000,0 days 00:45:58.150000,264.0,290.0,,281.0,False,SUPERSOFT,24.0,True,Williams,0 days 00:43:57.381000,2018-03-25 05:50:08.562,126,13.0,False,,False,False
0 days 00:48:06.495000,STR,18,0 days 00:02:08.343000,26.0,2.0,0 days 00:46:00.898000,,0 days 00:00:44.951000,0 days 00:00:32.936000,0 days 00:00:50.456000,0 days 00:46:43.101000,0 days 00:47:16.037000,0 days 00:48:06.493000,208.0,251.0,195.0,226.0,False,SOFT,1.0,True,Williams,0 days 00:45:58.152000,2018-03-25 05:52:09.333,6,13.0,False,,False,False
0 days 00:50:09.348000,STR,18,0 days 00:02:02.853000,27.0,2.0,,,0 days 00:00:42.131000,0 days 00:00:33.575000,0 days 00:00:47.147000,0 days 00:48:48.624000,0 days 00:49:22.199000,0 days 00:50:09.346000,192.0,242.0,190.0,134.0,False,SOFT,2.0,True,Williams,0 days 00:48:06.495000,2018-03-25 05:54:17.676,64,13.0,False,,False,False
0 days 00:52:13.201000,STR,18,0 days 00:02:03.853000,28.0,2.0,,,0 days 00:00:42.313000,0 days 00:00:41.373000,0 days 00:00:40.167000,0 days 00:50:51.659000,0 days 00:51:33.032000,0 days 00:52:13.199000,230.0,239.0,256.0,202.0,False,SOFT,3.0,True,Williams,0 days 00:50:09.348000,2018-03-25 05:56:20.529,4,13.0,False,,False,False
0 days 00:54:05.737000,STR,18,0 days 00:01:52.536000,29.0,2.0,,0 days 00:53:47.069000,0 days 00:00:32.924000,0 days 00:00:25.484000,0 days 00:00:54.128000,0 days 00:52:46.123000,0 days 00:53:11.607000,0 days 00:54:05.735000,234.0,277.0,,261.0,False,SOFT,4.0,True,Williams,0 days 00:52:13.201000,2018-03-25 05:58:24.382,4,13.0,False,,False,False
0 days 00:55:43.090000,STR,18,0 days 00:01:37.353000,30.0,3.0,0 days 00:54:08.509000,,0 days 00:00:36.563000,0 days 00:00:24.559000,0 days 00:00:36.231000,0 days 00:54:42.298000,0 days 00:55:06.857000,0 days 00:55:43.088000,262.0,276.0,267.0,216.0,False,ULTRASOFT,1.0,True,Williams,0 days 00:54:05.737000,2018-03-25 06:00:16.918,4,13.0,False,,False,False
0 days 00:57:35.129000,STR,18,0 days 00:01:52.039000,31.0,3.0,,,0 days 00:00:31.608000,0 days 00:00:33.673000,0 days 00:00:46.758000,0 days 00:56:14.696000,0 days 00:56:48.369000,0 days 00:57:35.127000,158.0,219.0,288.0,278.0,False,ULTRASOFT,2.0,True,Williams,0 days 00:55:43.090000,2018-03-25 06:01:54.271,41,13.0,False,,False,False
0 days 00:59:08.363000,STR,18,0 days 00:01:33.234000,32.0,3.0,,,0 days 00:00:31.768000,0 days 00:00:24.485000,0 days 00:00:36.981000,0 days 00:58:06.895000,0 days 00:58:31.380000,0 days 00:59:08.361000,273.0,302.0,287.0,288.0,False,ULTRASOFT,3.0,True,Williams,0 days 00:57:35.129000,2018-03-25 06:03:46.310,1,14.0,False,,False,True
0 days 01:00:39.342000,STR,18,0 days 00:01:30.979000,33.0,3.0,,,0 days 00:00:30.629000,0 days 00:00:24.178000,0 days 00:00:36.172000,0 days 00:59:38.990000,0 days 01:00:03.168000,0 days 01:00:39.340000,262.0,299.0,286.0,290.0,False,ULTRASOFT,4.0,True,Williams,0 days 00:59:08.363000,2018-03-25 06:05:19.544,1,14.0,False,,False,True
0 days 01:02:09.749000,STR,18,0 days 00:01:30.407000,34.0,3.0,,,0 days 00:00:30.352000,0 days 00:00:24.103000,0 days 00:00:35.952000,0 days 01:01:09.692000,0 days 01:01:33.795000,0 days 01:02:09.747000,269.0,297.0,294.0,294.0,True,ULTRASOFT,5.0,True,Williams,0 days 01:00:39.342000,2018-03-25 06:06:50.523,1,14.0,False,,False,True
0 days 01:03:39.759000,STR,18,0 days 00:01:30.010000,35.0,3.0,,,0 days 00:00:30.036000,0 days 00:00:24.016000,0 days 00:00:35.958000,0 days 01:02:39.783000,0 days 01:03:03.799000,0 days 01:03:39.757000,267.0,297.0,295.0,306.0,True,ULTRASOFT,6.0,True,Williams,0 days 01:02:09.749000,2018-03-25 06:08:20.930,1,14.0,False,,False,True
0 days 01:05:09.458000,STR,18,0 days 00:01:29.699000,36.0,3.0,,,0 days 00:00:29.936000,0 days 00:00:24.119000,0 days 00:00:35.644000,0 days 01:04:09.693000,0 days 01:04:33.812000,0 days 01:05:09.456000,271.0,297.0,294.0,297.0,True,ULTRASOFT,7.0,True,Williams,0 days 01:03:39.759000,2018-03-25 06:09:50.940,1,14.0,False,,False,True
0 days 01:06:39.599000,STR,18,0 days 00:01:30.141000,37.0,3.0,,,0 days 00:00:30.042000,0 days 00:00:23.970000,0 days 00:00:36.129000,0 days 01:05:39.498000,0 days 01:06:03.468000,0 days 01:06:39.597000,,297.0,293.0,298.0,False,ULTRASOFT,8.0,True,Williams,0 days 01:05:09.458000,2018-03-25 06:11:20.639,1,14.0,False,,False,True
0 days 01:08:09.799000,STR,18,0 days 00:01:30.200000,38.0,3.0,,,0 days 00:00:29.917000,0 days 00:00:24.066000,0 days 00:00:36.217000,0 days 01:07:09.514000,0 days 01:07:33.580000,0 days 01:08:09.797000,273.0,296.0,284.0,296.0,False,ULTRASOFT,9.0,True,Williams,0 days 01:06:39.599000,2018-03-25 06:12:50.780,1,14.0,False,,False,True
0 days 01:09:40.640000,STR,18,0 days 00:01:30.841000,39.0,3.0,,,0 days 00:00:30.533000,0 days 00:00:24.303000,0 days 00:00:36.005000,0 days 01:08:40.330000,0 days 01:09:04.633000,0 days 01:09:40.638000,264.0,290.0,281.0,269.0,False,ULTRASOFT,10.0,True,Williams,0 days 01:08:09.799000,2018-03-25 06:14:20.980,1,14.0,False,,False,True
0 days 01:11:11.058000,STR,18,0 days 00:01:30.418000,40.0,3.0,,,0 days 00:00:30.286000,0 days 00:00:24.090000,0 days 00:00:36.042000,0 days 01:10:10.924000,0 days 01:10:35.014000,0 days 01:11:11.056000,269.0,288.0,280.0,280.0,False,ULTRASOFT,11.0,True,Williams,0 days 01:09:40.640000,2018-03-25 06:15:51.821,1,14.0,False,,False,True
0 days 01:12:40.814000,STR,18,0 days 00:01:29.756000,41.0,3.0,,,0 days 00:00:30.087000,0 days 00:00:23.997000,0 days 00:00:35.672000,0 days 01:11:41.143000,0 days 01:12:05.140000,0 days 01:12:40.812000,270.0,291.0,281.0,285.0,False,ULTRASOFT,12.0,True,Williams,0 days 01:11:11.058000,2018-03-25 06:17:22.239,1,14.0,False,,False,True
0 days 01:14:10.312000,STR,18,0 days 00:01:29.498000,42.0,3.0,,,0 days 00:00:29.821000,0 days 00:00:23.989000,0 days 00:00:35.688000,0 days 01:13:10.633000,0 days 01:13:34.622000,0 days 01:14:10.310000,,291.0,281.0,289.0,True,ULTRASOFT,13.0,True,Williams,0 days 01:12:40.814000,2018-03-25 06:18:51.995,1,14.0,False,,False,True
0 days 01:15:39.597000,STR,18,0 days 00:01:29.285000,43.0,3.0,,,0 days 00:00:29.736000,0 days 00:00:23.826000,0 days 00:00:35.723000,0 days 01:14:40.046000,0 days 01:15:03.872000,0 days 01:15:39.595000,271.0,293.0,280.0,290.0,True,ULTRASOFT,14.0,True,Williams,0 days 01:14:10.312000,2018-03-25 06:20:21.493,1,14.0,False,,False,True
0 days 01:17:09.153000,STR,18,0 days 00:01:29.556000,44.0,3.0,,,0 days 00:00:29.846000,0 days 00:00:23.895000,0 days 00:00:35.815000,0 days 01:16:09.441000,0 days 01:16:33.336000,0 days 01:17:09.151000,273.0,295.0,281.0,287.0,False,ULTRASOFT,15.0,True,Williams,0 days 01:15:39.597000,2018-03-25 06:21:50.778,1,14.0,False,,False,True
0 days 01:18:38.827000,STR,18,0 days 00:01:29.674000,45.0,3.0,,,0 days 00:00:29.908000,0 days 00:00:24.090000,0 days 00:00:35.676000,0 days 01:17:39.059000,0 days 01:18:03.149000,0 days 01:18:38.825000,268.0,292.0,281.0,290.0,False,ULTRASOFT,16.0,True,Williams,0 days 01:17:09.153000,2018-03-25 06:23:20.334,1,14.0,False,,False,True
0 days 01:20:08.130000,STR,18,0 days 00:01:29.303000,46.0,3.0,,,0 days 00:00:29.858000,0 days 00:00:23.832000,0 days 00:00:35.613000,0 days 01:19:08.683000,0 days 01:19:32.515000,0 days 01:20:08.128000,269.0,293.0,283.0,287.0,False,ULTRASOFT,17.0,True,Williams,0 days 01:18:38.827000,2018-03-25 06:24:50.008,1,14.0,False,,False,True
0 days 01:21:37.245000,STR,18,0 days 00:01:29.115000,47.0,3.0,,,0 days 00:00:29.859000,0 days 00:00:23.982000,0 days 00:00:35.274000,0 days 01:20:37.987000,0 days 01:21:01.969000,0 days 01:21:37.243000,270.0,293.0,283.0,289.0,True,ULTRASOFT,18.0,True,Williams,0 days 01:20:08.130000,2018-03-25 06:26:19.311,1,14.0,False,,False,True
0 days 01:23:06.103000,STR,18,0 days 00:01:28.858000,48.0,3.0,,,0 days 00:00:29.575000,0 days 00:00:23.825000,0 days 00:00:35.458000,0 days 01:22:06.818000,0 days 01:22:30.643000,0 days 01:23:06.101000,272.0,291.0,283.0,294.0,True,ULTRASOFT,19.0,True,Williams,0 days 01:21:37.245000,2018-03-25 06:27:48.426,1,14.0,False,,False,True
0 days 01:24:34.777000,STR,18,0 days 00:01:28.674000,49.0,3.0,,,0 days 00:00:29.481000,0 days 00:00:23.740000,0 days 00:00:35.453000,0 days 01:23:35.582000,0 days 01:23:59.322000,0 days 01:24:34.775000,,293.0,285.0,293.0,True,ULTRASOFT,20.0,True,Williams,0 days 01:23:06.103000,2018-03-25 06:29:17.284,1,14.0,False,,False,True
0 days 01:26:04.076000,STR,18,0 days 00:01:29.299000,50.0,3.0,,,0 days 00:00:29.886000,0 days 00:00:23.876000,0 days 00:00:35.537000,0 days 01:25:04.661000,0 days 01:25:28.537000,0 days 01:26:04.074000,273.0,295.0,292.0,,False,ULTRASOFT,21.0,True,Williams,0 days 01:24:34.777000,2018-03-25 06:30:45.958,1,14.0,False,,False,True
0 days 01:27:33.307000,STR,18,0 days 00:01:29.231000,51.0,3.0,,,0 days 00:00:29.734000,0 days 00:00:23.754000,0 days 00:00:35.743000,0 days 01:26:33.808000,0 days 01:26:57.562000,0 days 01:27:33.305000,,295.0,291.0,305.0,False,ULTRASOFT,22.0,True,Williams,0 days 01:26:04.076000,2018-03-25 06:32:15.257,1,14.0,False,,False,True
0 days 01:29:02.717000,STR,18,0 days 00:01:29.410000,52.0,3.0,,,0 days 00:00:29.848000,0 days 00:00:23.875000,0 days 00:00:35.687000,0 days 01:28:03.153000,0 days 01:28:27.028000,0 days 01:29:02.715000,271.0,295.0,293.0,299.0,False,ULTRASOFT,23.0,True,Williams,0 days 01:27:33.307000,2018-03-25 06:33:44.488,1,14.0,False,,False,True
0 days 01:30:33.652000,STR,18,0 days 00:01:30.935000,53.0,3.0,,,0 days 00:00:31.776000,0 days 00:00:23.800000,0 days 00:00:35.359000,0 days 01:29:34.491000,0 days 01:29:58.291000,0 days 01:30:33.650000,272.0,293.0,282.0,221.0,False,ULTRASOFT,24.0,True,Williams,0 days 01:29:02.717000,2018-03-25 06:35:13.898,1,14.0,False,,False,True
0 days 01:32:02.623000,STR,18,0 days 00:01:28.971000,54.0,3.0,,,0 days 00:00:29.770000,0 days 00:00:23.842000,0 days 00:00:35.359000,0 days 01:31:03.420000,0 days 01:31:27.262000,0 days 01:32:02.621000,270.0,293.0,281.0,290.0,False,ULTRASOFT,25.0,True,Williams,0 days 01:30:33.652000,2018-03-25 06:36:44.833,1,14.0,False,,False,True
0 days 01:33:31.134000,STR,18,0 days 00:01:28.511000,55.0,3.0,,,0 days 00:00:29.528000,0 days 00:00:23.572000,0 days 00:00:35.411000,0 days 01:32:32.149000,0 days 01:32:55.721000,0 days 01:33:31.132000,275.0,295.0,283.0,292.0,True,ULTRASOFT,26.0,True,Williams,0 days 01:32:02.623000,2018-03-25 06:38:13.804,1,14.0,False,,False,True
0 days 01:34:59.823000,STR,18,0 days 00:01:28.689000,56.0,3.0,,,0 days 00:00:29.369000,0 days 00:00:23.683000,0 days 00:00:35.637000,0 days 01:34:00.501000,0 days 01:34:24.184000,0 days 01:34:59.821000,280.0,296.0,282.0,293.0,False,ULTRASOFT,27.0,True,Williams,0 days 01:33:31.134000,2018-03-25 06:39:42.315,1,14.0,False,,False,True
0 days 01:36:28.461000,STR,18,0 days 00:01:28.638000,57.0,3.0,,,0 days 00:00:29.643000,0 days 00:00:23.697000,0 days 00:00:35.298000,0 days 01:35:29.464000,0 days 01:35:53.161000,0 days 01:36:28.459000,274.0,294.0,282.0,294.0,False,ULTRASOFT,28.0,True,Williams,0 days 01:34:59.823000,2018-03-25 06:41:11.004,1,14.0,False,,False,True
0 days 01:37:59.752000,STR,18,0 days 00:01:31.291000,58.0,3.0,,,0 days 00:00:29.635000,0 days 00:00:24.688000,0 days 00:00:36.968000,0 days 01:36:58.094000,0 days 01:37:22.782000,0 days 01:37:59.750000,272.0,294.0,226.0,293.0,False,ULTRASOFT,29.0,True,Williams,0 days 01:36:28.461000,2018-03-25 06:42:39.642,1,14.0,False,,False,True
0 days 00:08:50.132000,VAN,2,0 days 00:01:41.951000,1.0,,,,,0 days 00:00:24.842000,0 days 00:00:38.046000,,0 days 00:08:12.747000,0 days 00:08:50.509000,264.0,298.0,284.0,218.0,False,nan,,True,McLaren,0 days 00:07:07.988000,2018-03-25 05:13:19.169,,11.0,False,,False,False
0 days 00:10:22.305000,VAN,2,0 days 00:01:32.173000,2.0,1.0,,,0 days 00:00:31.130000,0 days 00:00:24.448000,0 days 00:00:36.595000,0 days 00:09:21.254000,0 days 00:09:45.702000,0 days 00:10:22.297000,266.0,286.0,280.0,271.0,True,ULTRASOFT,1.0,True,McLaren,0 days 00:08:50.132000,2018-03-25 05:15:01.313,,11.0,False,,False,False
0 days 00:11:53.865000,VAN,2,0 days 00:01:31.560000,3.0,1.0,,,0 days 00:00:30.526000,0 days 00:00:24.506000,0 days 00:00:36.528000,0 days 00:10:52.823000,0 days 00:11:17.329000,0 days 00:11:53.857000,270.0,286.0,283.0,284.0,True,ULTRASOFT,2.0,True,McLaren,0 days 00:10:22.305000,2018-03-25 05:16:33.486,,11.0,False,,False,False
0 days 00:13:24.722000,VAN,2,0 days 00:01:30.857000,4.0,1.0,,,0 days 00:00:30.390000,0 days 00:00:24.273000,0 days 00:00:36.194000,0 days 00:12:24.247000,0 days 00:12:48.520000,0 days 00:13:24.714000,269.0,285.0,281.0,288.0,True,ULTRASOFT,3.0,True,McLaren,0 days 00:11:53.865000,2018-03-25 05:18:05.046,,11.0,False,,False,False
0 days 00:14:56.193000,VAN,2,0 days 00:01:31.471000,5.0,1.0,,,0 days 00:00:30.384000,0 days 00:00:24.541000,0 days 00:00:36.546000,0 days 00:13:55.098000,0 days 00:14:19.639000,0 days 00:14:56.185000,268.0,285.0,281.0,280.0,False,ULTRASOFT,4.0,True,McLaren,0 days 00:13:24.722000,2018-03-25 05:19:35.903,21,11.0,False,,False,True
0 days 00:16:28.156000,VAN,2,0 days 00:01:31.963000,6.0,1.0,,,0 days 00:00:30.523000,0 days 00:00:24.631000,0 days 00:00:36.809000,0 days 00:15:26.708000,0 days 00:15:51.339000,0 days 00:16:28.148000,266.0,285.0,281.0,278.0,False,ULTRASOFT,5.0,True,McLaren,0 days 00:14:56.193000,2018-03-25 05:21:07.374,2,11.0,False,,False,True
0 days 00:17:59.758000,VAN,2,0 days 00:01:31.602000,7.0,1.0,,,0 days 00:00:30.486000,0 days 00:00:24.817000,0 days 00:00:36.299000,0 days 00:16:58.634000,0 days 00:17:23.451000,0 days 00:17:59.750000,267.0,282.0,281.0,281.0,False,ULTRASOFT,6.0,True,McLaren,0 days 00:16:28.156000,2018-03-25 05:22:39.337,21,11.0,False,,False,True
0 days 00:19:30.806000,VAN,2,0 days 00:01:31.048000,8.0,1.0,,,0 days 00:00:30.452000,0 days 00:00:24.487000,0 days 00:00:36.109000,0 days 00:18:30.202000,0 days 00:18:54.689000,0 days 00:19:30.798000,268.0,280.0,280.0,280.0,False,ULTRASOFT,7.0,True,McLaren,0 days 00:17:59.758000,2018-03-25 05:24:10.939,1,11.0,False,,False,True
0 days 00:21:01.754000,VAN,2,0 days 00:01:30.948000,9.0,1.0,,,0 days 00:00:30.393000,0 days 00:00:24.392000,0 days 00:00:36.163000,0 days 00:20:01.191000,0 days 00:20:25.583000,0 days 00:21:01.746000,266.0,281.0,280.0,282.0,False,ULTRASOFT,8.0,True,McLaren,0 days 00:19:30.806000,2018-03-25 05:25:41.987,12,11.0,False,,False,True
0 days 00:22:32.345000,VAN,2,0 days 00:01:30.591000,10.0,1.0,,,0 days 00:00:30.251000,0 days 00:00:24.233000,0 days 00:00:36.107000,0 days 00:21:31.997000,0 days 00:21:56.230000,0 days 00:22:32.337000,269.0,283.0,284.0,284.0,True,ULTRASOFT,9.0,True,McLaren,0 days 00:21:01.754000,2018-03-25 05:27:12.935,21,11.0,False,,False,True
0 days 00:24:02.989000,VAN,2,0 days 00:01:30.644000,11.0,1.0,,,0 days 00:00:30.097000,0 days 00:00:24.312000,0 days 00:00:36.235000,0 days 00:23:02.434000,0 days 00:23:26.746000,0 days 00:24:02.981000,267.0,282.0,280.0,286.0,False,ULTRASOFT,10.0,True,McLaren,0 days 00:22:32.345000,2018-03-25 05:28:43.526,1,11.0,False,,False,True
0 days 00:25:33.796000,VAN,2,0 days 00:01:30.807000,12.0,1.0,,,0 days 00:00:30.341000,0 days 00:00:24.421000,0 days 00:00:36.045000,0 days 00:24:33.322000,0 days 00:24:57.743000,0 days 00:25:33.788000,270.0,282.0,281.0,285.0,False,ULTRASOFT,11.0,True,McLaren,0 days 00:24:02.989000,2018-03-25 05:30:14.170,1,11.0,False,,False,True
0 days 00:27:04.302000,VAN,2,0 days 00:01:30.506000,13.0,1.0,,,0 days 00:00:30.108000,0 days 00:00:24.271000,0 days 00:00:36.127000,0 days 00:26:03.896000,0 days 00:26:28.167000,0 days 00:27:04.294000,267.0,283.0,281.0,284.0,True,ULTRASOFT,12.0,True,McLaren,0 days 00:25:33.796000,2018-03-25 05:31:44.977,1,11.0,False,,False,True
0 days 00:28:34.610000,VAN,2,0 days 00:01:30.308000,14.0,1.0,,,0 days 00:00:30.275000,0 days 00:00:24.243000,0 days 00:00:35.790000,0 days 00:27:34.569000,0 days 00:27:58.812000,0 days 00:28:34.602000,269.0,284.0,281.0,280.0,True,ULTRASOFT,13.0,True,McLaren,0 days 00:27:04.302000,2018-03-25 05:33:15.483,1,11.0,False,,False,True
0 days 00:30:05.167000,VAN,2,0 days 00:01:30.557000,15.0,1.0,,,0 days 00:00:30.214000,0 days 00:00:24.356000,0 days 00:00:35.987000,0 days 00:29:04.816000,0 days 00:29:29.172000,0 days 00:30:05.159000,,283.0,279.0,285.0,False,ULTRASOFT,14.0,True,McLaren,0 days 00:28:34.610000,2018-03-25 05:34:45.791,1,11.0,False,,False,True
0 days 00:31:35.230000,VAN,2,0 days 00:01:30.063000,16.0,1.0,,,0 days 00:00:29.993000,0 days 00:00:24.152000,0 days 00:00:35.918000,0 days 00:30:35.152000,0 days 00:30:59.304000,0 days 00:31:35.222000,,283.0,280.0,284.0,True,ULTRASOFT,15.0,True,McLaren,0 days 00:30:05.167000,2018-03-25 05:36:16.348,1,11.0,False,,False,True
0 days 00:33:05.692000,VAN,2,0 days 00:01:30.462000,17.0,1.0,,,0 days 00:00:30.269000,0 days 00:00:24.284000,0 days 00:00:35.909000,0 days 00:32:05.491000,0 days 00:32:29.775000,0 days 00:33:05.684000,268.0,282.0,280.0,278.0,False,ULTRASOFT,16.0,True,McLaren,0 days 00:31:35.230000,2018-03-25 05:37:46.411,1,11.0,False,,False,True
0 days 00:34:35.868000,VAN,2,0 days 00:01:30.176000,18.0,1.0,,,0 days 00:00:30.054000,0 days 00:00:24.162000,0 days 00:00:35.960000,0 days 00:33:35.738000,0 days 00:33:59.900000,0 days 00:34:35.860000,271.0,282.0,280.0,280.0,False,ULTRASOFT,17.0,True,McLaren,0 days 00:33:05.692000,2018-03-25 05:39:16.873,1,11.0,False,,False,True
0 days 00:36:05.790000,VAN,2,0 days 00:01:29.922000,19.0,1.0,,,0 days 00:00:30.048000,0 days 00:00:24.109000,0 days 00:00:35.765000,0 days 00:35:05.908000,0 days 00:35:30.017000,0 days 00:36:05.782000,,283.0,279.0,284.0,True,ULTRASOFT,18.0,True,McLaren,0 days 00:34:35.868000,2018-03-25 05:40:47.049,1,11.0,False,,False,True
0 days 00:37:35.680000,VAN,2,0 days 00:01:29.890000,20.0,1.0,,,0 days 00:00:30.028000,0 days 00:00:24.114000,0 days 00:00:35.748000,0 days 00:36:35.810000,0 days 00:36:59.924000,0 days 00:37:35.672000,267.0,285.0,280.0,278.0,True,ULTRASOFT,19.0,True,McLaren,0 days 00:36:05.790000,2018-03-25 05:42:16.971,1,11.0,False,,False,True
0 days 00:39:06.119000,VAN,2,0 days 00:01:30.439000,21.0,1.0,,,0 days 00:00:30.270000,0 days 00:00:24.175000,0 days 00:00:35.994000,0 days 00:38:05.942000,0 days 00:38:30.117000,0 days 00:39:06.111000,268.0,284.0,279.0,276.0,False,ULTRASOFT,20.0,True,McLaren,0 days 00:37:35.680000,2018-03-25 05:43:46.861,1,10.0,False,,False,True
0 days 00:40:38.062000,VAN,2,0 days 00:01:31.943000,22.0,1.0,,,0 days 00:00:30.007000,0 days 00:00:24.394000,0 days 00:00:37.542000,0 days 00:39:36.118000,0 days 00:40:00.512000,0 days 00:40:38.054000,267.0,282.0,289.0,280.0,False,ULTRASOFT,21.0,True,McLaren,0 days 00:39:06.119000,2018-03-25 05:45:17.300,1,8.0,False,,False,True
0 days 00:42:07.873000,VAN,2,0 days 00:01:29.811000,23.0,1.0,,,0 days 00:00:29.694000,0 days 00:00:24.270000,0 days 00:00:35.847000,0 days 00:41:07.748000,0 days 00:41:32.018000,0 days 00:42:07.865000,269.0,282.0,277.0,292.0,True,ULTRASOFT,22.0,True,McLaren,0 days 00:40:38.062000,2018-03-25 05:46:49.243,12,8.0,False,,False,True
0 days 00:43:38.344000,VAN,2,0 days 00:01:30.471000,24.0,1.0,,,0 days 00:00:30.434000,0 days 00:00:24.317000,0 days 00:00:35.720000,0 days 00:42:38.299000,0 days 00:43:02.616000,0 days 00:43:38.336000,263.0,279.0,277.0,276.0,False,ULTRASOFT,23.0,True,McLaren,0 days 00:42:07.873000,2018-03-25 05:48:19.054,12,6.0,False,,False,True
0 days 00:45:26.360000,VAN,2,0 days 00:01:48.016000,25.0,1.0,,0 days 00:45:08.049000,0 days 00:00:30.049000,0 days 00:00:24.152000,0 days 00:00:53.815000,0 days 00:44:08.385000,0 days 00:44:32.537000,0 days 00:45:26.352000,266.0,283.0,,278.0,False,ULTRASOFT,24.0,True,McLaren,0 days 00:43:38.344000,2018-03-25 05:49:49.525,126,7.0,False,,False,False
0 days 00:47:34.293000,VAN,2,0 days 00:02:07.933000,26.0,2.0,0 days 00:45:29.302000,,0 days 00:00:45.665000,0 days 00:00:33.920000,0 days 00:00:48.348000,0 days 00:46:12.017000,0 days 00:46:45.937000,0 days 00:47:34.285000,179.0,222.0,226.0,228.0,False,SUPERSOFT,1.0,True,McLaren,0 days 00:45:26.360000,2018-03-25 05:51:37.541,6,8.0,False,,False,False
0 days 00:49:39.865000,VAN,2,0 days 00:02:05.572000,27.0,2.0,,,0 days 00:00:42.066000,0 days 00:00:33.039000,0 days 00:00:50.467000,0 days 00:48:16.351000,0 days 00:48:49.390000,0 days 00:49:39.857000,168.0,189.0,189.0,231.0,False,SUPERSOFT,2.0,True,McLaren,0 days 00:47:34.293000,2018-03-25 05:53:45.474,64,8.0,False,,False,False
0 days 00:51:43.206000,VAN,2,0 days 00:02:03.341000,28.0,2.0,,,0 days 00:00:40.441000,0 days 00:00:36,0 days 00:00:46.900000,0 days 00:50:20.298000,0 days 00:50:56.298000,0 days 00:51:43.198000,154.0,239.0,199.0,218.0,False,SUPERSOFT,3.0,True,McLaren,0 days 00:49:39.865000,2018-03-25 05:55:51.046,4,8.0,False,,False,False
0 days 00:53:27.057000,VAN,2,0 days 00:01:43.851000,29.0,2.0,,,0 days 00:00:37.408000,0 days 00:00:27.038000,0 days 00:00:39.405000,0 days 00:52:20.606000,0 days 00:52:47.644000,0 days 00:53:27.049000,202.0,264.0,225.0,245.0,False,SUPERSOFT,4.0,True,McLaren,0 days 00:51:43.206000,2018-03-25 05:57:54.387,4,8.0,False,,False,False
0 days 00:55:23.062000,VAN,2,0 days 00:01:56.005000,30.0,2.0,,,0 days 00:00:33.489000,0 days 00:00:26.582000,0 days 00:00:55.934000,0 days 00:54:00.538000,0 days 00:54:27.120000,0 days 00:55:23.054000,206.0,232.0,175.0,226.0,False,SUPERSOFT,5.0,True,McLaren,0 days 00:53:27.057000,2018-03-25 05:59:38.238,4,8.0,False,,False,False
0 days 00:57:33.187000,VAN,2,0 days 00:02:10.125000,31.0,2.0,,,0 days 00:00:43.456000,0 days 00:00:34.922000,0 days 00:00:51.747000,0 days 00:56:06.510000,0 days 00:56:41.432000,0 days 00:57:33.179000,105.0,197.0,287.0,183.0,False,SUPERSOFT,6.0,True,McLaren,0 days 00:55:23.062000,2018-03-25 06:01:34.243,41,8.0,False,,False,False
0 days 00:59:04.336000,VAN,2,0 days 00:01:31.149000,32.0,2.0,,,0 days 00:00:31.258000,0 days 00:00:24.035000,0 days 00:00:35.856000,0 days 00:58:04.437000,0 days 00:58:28.472000,0 days 00:59:04.328000,270.0,293.0,283.0,295.0,False,SUPERSOFT,7.0,True,McLaren,0 days 00:57:33.187000,2018-03-25 06:03:44.368,1,8.0,False,,False,True
0 days 01:00:33.911000,VAN,2,0 days 00:01:29.575000,33.0,2.0,,,0 days 00:00:30.094000,0 days 00:00:23.957000,0 days 00:00:35.524000,0 days 00:59:34.422000,0 days 00:59:58.379000,0 days 01:00:33.903000,271.0,292.0,282.0,286.0,True,SUPERSOFT,8.0,True,McLaren,0 days 00:59:04.336000,2018-03-25 06:05:15.517,1,8.0,False,,False,True
0 days 01:02:03.373000,VAN,2,0 days 00:01:29.462000,34.0,2.0,,,0 days 00:00:29.963000,0 days 00:00:23.896000,0 days 00:00:35.603000,0 days 01:01:03.866000,0 days 01:01:27.762000,0 days 01:02:03.365000,273.0,290.0,281.0,288.0,True,SUPERSOFT,9.0,True,McLaren,0 days 01:00:33.911000,2018-03-25 06:06:45.092,1,8.0,False,,False,True
0 days 01:03:33.438000,VAN,2,0 days 00:01:30.065000,35.0,2.0,,,0 days 00:00:30.643000,0 days 00:00:23.999000,0 days 00:00:35.423000,0 days 01:02:34.008000,0 days 01:02:58.007000,0 days 01:03:33.430000,,290.0,294.0,287.0,False,SUPERSOFT,10.0,True,McLaren,0 days 01:02:03.373000,2018-03-25 06:08:14.554,1,9.0,False,,False,True
0 days 01:05:01.970000,VAN,2,0 days 00:01:28.532000,36.0,2.0,,,0 days 00:00:29.428000,0 days 00:00:23.752000,0 days 00:00:35.352000,0 days 01:04:02.858000,0 days 01:04:26.610000,0 days 01:05:01.962000,272.0,289.0,281.0,298.0,True,SUPERSOFT,11.0,True,McLaren,0 days 01:03:33.438000,2018-03-25 06:09:44.619,1,9.0,False,,False,True
0 days 01:06:30.818000,VAN,2,0 days 00:01:28.848000,37.0,2.0,,,0 days 00:00:29.771000,0 days 00:00:23.767000,0 days 00:00:35.310000,0 days 01:05:31.733000,0 days 01:05:55.500000,0 days 01:06:30.810000,271.0,283.0,281.0,283.0,False,SUPERSOFT,12.0,True,McLaren,0 days 01:05:01.970000,2018-03-25 06:11:13.151,1,9.0,False,,False,True
0 days 01:07:59.292000,VAN,2,0 days 00:01:28.474000,38.0,2.0,,,0 days 00:00:29.596000,0 days 00:00:23.718000,0 days 00:00:35.160000,0 days 01:07:00.406000,0 days 01:07:24.124000,0 days 01:07:59.284000,270.0,286.0,282.0,285.0,True,SUPERSOFT,13.0,True,McLaren,0 days 01:06:30.818000,2018-03-25 06:12:41.999,1,9.0,False,,False,True
0 days 01:09:27.549000,VAN,2,0 days 00:01:28.257000,39.0,2.0,,,0 days 00:00:29.431000,0 days 00:00:23.774000,0 days 00:00:35.052000,0 days 01:08:28.715000,0 days 01:08:52.489000,0 days 01:09:27.541000,272.0,287.0,280.0,,True,SUPERSOFT,14.0,True,McLaren,0 days 01:07:59.292000,2018-03-25 06:14:10.473,1,9.0,False,,False,True
0 days 01:10:55.904000,VAN,2,0 days 00:01:28.355000,40.0,2.0,,,0 days 00:00:29.492000,0 days 00:00:23.808000,0 days 00:00:35.055000,0 days 01:09:57.033000,0 days 01:10:20.841000,0 days 01:10:55.896000,270.0,286.0,278.0,,False,SUPERSOFT,15.0,True,McLaren,0 days 01:09:27.549000,2018-03-25 06:15:38.730,1,9.0,False,,False,True
0 days 01:12:23.893000,VAN,2,0 days 00:01:27.989000,41.0,2.0,,,0 days 00:00:29.561000,0 days 00:00:23.664000,0 days 00:00:34.764000,0 days 01:11:25.457000,0 days 01:11:49.121000,0 days 01:12:23.885000,273.0,286.0,281.0,282.0,True,SUPERSOFT,16.0,True,McLaren,0 days 01:10:55.904000,2018-03-25 06:17:07.085,1,9.0,False,,False,True
0 days 01:13:51.731000,VAN,2,0 days 00:01:27.838000,42.0,2.0,,,0 days 00:00:29.168000,0 days 00:00:23.665000,0 days 00:00:35.005000,0 days 01:12:53.053000,0 days 01:13:16.718000,0 days 01:13:51.723000,275.0,288.0,281.0,285.0,True,SUPERSOFT,17.0,True,McLaren,0 days 01:12:23.893000,2018-03-25 06:18:35.074,1,9.0,False,,False,True
0 days 01:15:19.845000,VAN,2,0 days 00:01:28.114000,43.0,2.0,,,0 days 00:00:29.386000,0 days 00:00:23.636000,0 days 00:00:35.092000,0 days 01:14:21.109000,0 days 01:14:44.745000,0 days 01:15:19.837000,273.0,288.0,281.0,286.0,False,SUPERSOFT,18.0,True,McLaren,0 days 01:13:51.731000,2018-03-25 06:20:02.912,1,9.0,False,,False,True
0 days 01:16:47.883000,VAN,2,0 days 00:01:28.038000,44.0,2.0,,,0 days 00:00:29.385000,0 days 00:00:23.744000,0 days 00:00:34.909000,0 days 01:15:49.222000,0 days 01:16:12.966000,0 days 01:16:47.875000,272.0,288.0,281.0,283.0,False,SUPERSOFT,19.0,True,McLaren,0 days 01:15:19.845000,2018-03-25 06:21:31.026,1,9.0,False,,False,True
0 days 01:18:16.287000,VAN,2,0 days 00:01:28.404000,45.0,2.0,,,0 days 00:00:29.526000,0 days 00:00:23.872000,0 days 00:00:35.006000,0 days 01:17:17.401000,0 days 01:17:41.273000,0 days 01:18:16.279000,270.0,287.0,281.0,285.0,False,SUPERSOFT,20.0,True,McLaren,0 days 01:16:47.883000,2018-03-25 06:22:59.064,1,9.0,False,,False,True
0 days 01:19:44.175000,VAN,2,0 days 00:01:27.888000,46.0,2.0,,,0 days 00:00:29.341000,0 days 00:00:23.647000,0 days 00:00:34.900000,0 days 01:18:45.620000,0 days 01:19:09.267000,0 days 01:19:44.167000,272.0,290.0,283.0,,False,SUPERSOFT,21.0,True,McLaren,0 days 01:18:16.287000,2018-03-25 06:24:27.468,1,9.0,False,,False,True
0 days 01:21:12.136000,VAN,2,0 days 00:01:27.961000,47.0,2.0,,,0 days 00:00:29.256000,0 days 00:00:23.648000,0 days 00:00:35.057000,0 days 01:20:13.423000,0 days 01:20:37.071000,0 days 01:21:12.128000,274.0,289.0,283.0,,False,SUPERSOFT,22.0,True,McLaren,0 days 01:19:44.175000,2018-03-25 06:25:55.356,1,9.0,False,,False,True
0 days 01:22:39.914000,VAN,2,0 days 00:01:27.778000,48.0,2.0,,,0 days 00:00:29.272000,0 days 00:00:23.686000,0 days 00:00:34.820000,0 days 01:21:41.400000,0 days 01:22:05.086000,0 days 01:22:39.906000,272.0,288.0,284.0,287.0,True,SUPERSOFT,23.0,True,McLaren,0 days 01:21:12.136000,2018-03-25 06:27:23.317,1,9.0,False,,False,True
0 days 01:24:08.134000,VAN,2,0 days 00:01:28.220000,49.0,2.0,,,0 days 00:00:29.154000,0 days 00:00:23.660000,0 days 00:00:35.406000,0 days 01:23:09.060000,0 days 01:23:32.720000,0 days 01:24:08.126000,274.0,289.0,285.0,288.0,False,SUPERSOFT,24.0,True,McLaren,0 days 01:22:39.914000,2018-03-25 06:28:51.095,1,9.0,False,,False,True
0 days 01:25:36.113000,VAN,2,0 days 00:01:27.979000,50.0,2.0,,,0 days 00:00:29.243000,0 days 00:00:23.769000,0 days 00:00:34.967000,0 days 01:24:37.369000,0 days 01:25:01.138000,0 days 01:25:36.105000,273.0,288.0,283.0,290.0,False,SUPERSOFT,25.0,True,McLaren,0 days 01:24:08.134000,2018-03-25 06:30:19.315,1,9.0,False,,False,True
0 days 01:27:04.239000,VAN,2,0 days 00:01:28.126000,51.0,2.0,,,0 days 00:00:29.308000,0 days 00:00:23.727000,0 days 00:00:35.091000,0 days 01:26:05.413000,0 days 01:26:29.140000,0 days 01:27:04.231000,,288.0,281.0,286.0,False,SUPERSOFT,26.0,True,McLaren,0 days 01:25:36.113000,2018-03-25 06:31:47.294,1,9.0,False,,False,True
0 days 01:28:32.349000,VAN,2,0 days 00:01:28.110000,52.0,2.0,,,0 days 00:00:29.312000,0 days 00:00:24.023000,0 days 00:00:34.775000,0 days 01:27:33.543000,0 days 01:27:57.566000,0 days 01:28:32.341000,,287.0,280.0,,False,SUPERSOFT,27.0,True,McLaren,0 days 01:27:04.239000,2018-03-25 06:33:15.420,1,9.0,False,,False,True
0 days 01:30:00.059000,VAN,2,0 days 00:01:27.710000,53.0,2.0,,,0 days 00:00:29.278000,0 days 00:00:23.663000,0 days 00:00:34.769000,0 days 01:29:01.619000,0 days 01:29:25.282000,0 days 01:30:00.051000,274.0,289.0,282.0,,True,SUPERSOFT,28.0,True,McLaren,0 days 01:28:32.349000,2018-03-25 06:34:43.530,1,9.0,False,,False,True
0 days 01:31:27.279000,VAN,2,0 days 00:01:27.220000,54.0,2.0,,,0 days 00:00:29.256000,0 days 00:00:23.455000,0 days 00:00:34.509000,0 days 01:30:29.307000,0 days 01:30:52.762000,0 days 01:31:27.271000,273.0,291.0,282.0,285.0,True,SUPERSOFT,29.0,True,McLaren,0 days 01:30:00.059000,2018-03-25 06:36:11.240,1,9.0,False,,False,True
0 days 01:32:54.660000,VAN,2,0 days 00:01:27.381000,55.0,2.0,,,0 days 00:00:29.015000,0 days 00:00:23.554000,0 days 00:00:34.812000,0 days 01:31:56.286000,0 days 01:32:19.840000,0 days 01:32:54.652000,275.0,290.0,281.0,287.0,False,SUPERSOFT,30.0,True,McLaren,0 days 01:31:27.279000,2018-03-25 06:37:38.460,1,9.0,False,,False,True
0 days 01:34:21.751000,VAN,2,0 days 00:01:27.091000,56.0,2.0,,,0 days 00:00:29.030000,0 days 00:00:23.466000,0 days 00:00:34.595000,0 days 01:33:23.682000,0 days 01:33:47.148000,0 days 01:34:21.743000,273.0,290.0,283.0,288.0,True,SUPERSOFT,31.0,True,McLaren,0 days 01:32:54.660000,2018-03-25 06:39:05.841,1,9.0,False,,False,True
0 days 01:35:48.709000,VAN,2,0 days 00:01:26.958000,57.0,2.0,,,0 days 00:00:28.902000,0 days 00:00:23.563000,0 days 00:00:34.493000,0 days 01:34:50.645000,0 days 01:35:14.208000,0 days 01:35:48.701000,275.0,292.0,281.0,291.0,True,SUPERSOFT,32.0,True,McLaren,0 days 01:34:21.751000,2018-03-25 06:40:32.932,1,9.0,False,,False,True
0 days 01:37:16.385000,VAN,2,0 days 00:01:27.676000,58.0,2.0,,,0 days 00:00:29.007000,0 days 00:00:23.751000,0 days 00:00:34.918000,0 days 01:36:17.708000,0 days 01:36:41.459000,0 days 01:37:16.377000,277.0,293.0,291.0,288.0,False,SUPERSOFT,33.0,True,McLaren,0 days 01:35:48.709000,2018-03-25 06:41:59.890,1,9.0,False,,False,True
0 days 00:08:45.288000,MAG,20,0 days 00:01:37.107000,1.0,,,,,0 days 00:00:24.172000,0 days 00:00:36.683000,,0 days 00:08:09.328000,0 days 00:08:45.471000,274.0,298.0,284.0,251.0,False,nan,,True,Haas F1 Team,0 days 00:07:07.988000,2018-03-25 05:13:19.169,,4.0,False,,False,False
0 days 00:10:16.118000,MAG,20,0 days 00:01:30.830000,2.0,1.0,,,0 days 00:00:30.350000,0 days 00:00:24.353000,0 days 00:00:36.127000,0 days 00:09:15.674000,0 days 00:09:40.027000,0 days 00:10:16.154000,267.0,290.0,283.0,292.0,True,ULTRASOFT,4.0,False,Haas F1 Team,0 days 00:08:45.288000,2018-03-25 05:14:56.469,,4.0,False,,False,False
0 days 00:11:47.353000,MAG,20,0 days 00:01:31.235000,3.0,1.0,,,0 days 00:00:30.430000,0 days 00:00:24.433000,0 days 00:00:36.372000,0 days 00:10:46.584000,0 days 00:11:11.017000,0 days 00:11:47.389000,268.0,288.0,282.0,284.0,False,ULTRASOFT,5.0,False,Haas F1 Team,0 days 00:10:16.118000,2018-03-25 05:16:27.299,,4.0,False,,False,False
0 days 00:13:17.900000,MAG,20,0 days 00:01:30.547000,4.0,1.0,,,0 days 00:00:30.120000,0 days 00:00:24.352000,0 days 00:00:36.075000,0 days 00:12:17.509000,0 days 00:12:41.861000,0 days 00:13:17.936000,267.0,286.0,280.0,286.0,True,ULTRASOFT,6.0,False,Haas F1 Team,0 days 00:11:47.353000,2018-03-25 05:17:58.534,,4.0,False,,False,False
0 days 00:14:48.418000,MAG,20,0 days 00:01:30.518000,5.0,1.0,,,0 days 00:00:30.337000,0 days 00:00:24.248000,0 days 00:00:35.933000,0 days 00:13:48.273000,0 days 00:14:12.521000,0 days 00:14:48.454000,265.0,284.0,279.0,276.0,True,ULTRASOFT,7.0,False,Haas F1 Team,0 days 00:13:17.900000,2018-03-25 05:19:29.081,2,4.0,False,,False,True
0 days 00:16:19.402000,MAG,20,0 days 00:01:30.984000,6.0,1.0,,,0 days 00:00:30.409000,0 days 00:00:24.132000,0 days 00:00:36.443000,0 days 00:15:18.863000,0 days 00:15:42.995000,0 days 00:16:19.438000,259.0,282.0,281.0,,False,ULTRASOFT,8.0,False,Haas F1 Team,0 days 00:14:48.418000,2018-03-25 05:20:59.599,21,4.0,False,,False,True
0 days 00:17:49.979000,MAG,20,0 days 00:01:30.577000,7.0,1.0,,,0 days 00:00:30.169000,0 days 00:00:24.274000,0 days 00:00:36.134000,0 days 00:16:49.607000,0 days 00:17:13.881000,0 days 00:17:50.015000,263.0,281.0,281.0,280.0,False,ULTRASOFT,9.0,False,Haas F1 Team,0 days 00:16:19.402000,2018-03-25 05:22:30.583,21,4.0,False,,False,True
0 days 00:19:20.231000,MAG,20,0 days 00:01:30.252000,8.0,1.0,,,0 days 00:00:30.219000,0 days 00:00:24.090000,0 days 00:00:35.943000,0 days 00:18:20.234000,0 days 00:18:44.324000,0 days 00:19:20.267000,265.0,283.0,280.0,277.0,True,ULTRASOFT,10.0,False,Haas F1 Team,0 days 00:17:49.979000,2018-03-25 05:24:01.160,1,4.0,False,,False,True
0 days 00:20:50.676000,MAG,20,0 days 00:01:30.445000,9.0,1.0,,,0 days 00:00:30.162000,0 days 00:00:24.163000,0 days 00:00:36.120000,0 days 00:19:50.429000,0 days 00:20:14.592000,0 days 00:20:50.712000,,283.0,281.0,275.0,False,ULTRASOFT,11.0,False,Haas F1 Team,0 days 00:19:20.231000,2018-03-25 05:25:31.412,1,4.0,False,,False,True
0 days 00:22:21.286000,MAG,20,0 days 00:01:30.610000,10.0,1.0,,,0 days 00:00:30.297000,0 days 00:00:24.192000,0 days 00:00:36.121000,0 days 00:21:21.009000,0 days 00:21:45.201000,0 days 00:22:21.322000,,283.0,281.0,,False,ULTRASOFT,12.0,False,Haas F1 Team,0 days 00:20:50.676000,2018-03-25 05:27:01.857,12,4.0,False,,False,True
0 days 00:23:51.786000,MAG,20,0 days 00:01:30.500000,11.0,1.0,,,0 days 00:00:30.140000,0 days 00:00:24.162000,0 days 00:00:36.198000,0 days 00:22:51.462000,0 days 00:23:15.624000,0 days 00:23:51.822000,,282.0,280.0,277.0,False,ULTRASOFT,13.0,False,Haas F1 Team,0 days 00:22:21.286000,2018-03-25 05:28:32.467,1,4.0,False,,False,True
0 days 00:25:21.836000,MAG,20,0 days 00:01:30.050000,12.0,1.0,,,0 days 00:00:30.028000,0 days 00:00:24.128000,0 days 00:00:35.894000,0 days 00:24:21.850000,0 days 00:24:45.978000,0 days 00:25:21.872000,267.0,284.0,280.0,283.0,True,ULTRASOFT,14.0,False,Haas F1 Team,0 days 00:23:51.786000,2018-03-25 05:30:02.967,1,4.0,False,,False,True
0 days 00:26:51.951000,MAG,20,0 days 00:01:30.115000,13.0,1.0,,,0 days 00:00:30.021000,0 days 00:00:24.057000,0 days 00:00:36.037000,0 days 00:25:51.893000,0 days 00:26:15.950000,0 days 00:26:51.987000,265.0,285.0,280.0,277.0,False,ULTRASOFT,15.0,False,Haas F1 Team,0 days 00:25:21.836000,2018-03-25 05:31:33.017,1,4.0,False,,False,True
0 days 00:28:22.069000,MAG,20,0 days 00:01:30.118000,14.0,1.0,,,0 days 00:00:29.978000,0 days 00:00:24.064000,0 days 00:00:36.076000,0 days 00:27:21.965000,0 days 00:27:46.029000,0 days 00:28:22.105000,267.0,284.0,280.0,270.0,False,ULTRASOFT,16.0,False,Haas F1 Team,0 days 00:26:51.951000,2018-03-25 05:33:03.132,1,4.0,False,,False,True
0 days 00:29:52.173000,MAG,20,0 days 00:01:30.104000,15.0,1.0,,,0 days 00:00:29.994000,0 days 00:00:24.103000,0 days 00:00:36.007000,0 days 00:28:52.099000,0 days 00:29:16.202000,0 days 00:29:52.209000,265.0,285.0,278.0,278.0,False,ULTRASOFT,17.0,False,Haas F1 Team,0 days 00:28:22.069000,2018-03-25 05:34:33.250,1,4.0,False,,False,True
0 days 00:31:22.025000,MAG,20,0 days 00:01:29.852000,16.0,1.0,,,0 days 00:00:29.915000,0 days 00:00:24.065000,0 days 00:00:35.872000,0 days 00:30:22.124000,0 days 00:30:46.189000,0 days 00:31:22.061000,267.0,284.0,279.0,277.0,True,ULTRASOFT,18.0,False,Haas F1 Team,0 days 00:29:52.173000,2018-03-25 05:36:03.354,1,4.0,False,,False,True
0 days 00:32:52.471000,MAG,20,0 days 00:01:30.446000,17.0,1.0,,,0 days 00:00:30.200000,0 days 00:00:24.076000,0 days 00:00:36.170000,0 days 00:31:52.261000,0 days 00:32:16.337000,0 days 00:32:52.507000,265.0,284.0,280.0,278.0,False,ULTRASOFT,19.0,False,Haas F1 Team,0 days 00:31:22.025000,2018-03-25 05:37:33.206,1,4.0,False,,False,True
0 days 00:34:22.513000,MAG,20,0 days 00:01:30.042000,18.0,1.0,,,0 days 00:00:30.085000,0 days 00:00:24.064000,0 days 00:00:35.893000,0 days 00:33:22.592000,0 days 00:33:46.656000,0 days 00:34:22.549000,,282.0,279.0,,False,ULTRASOFT,20.0,False,Haas F1 Team,0 days 00:32:52.471000,2018-03-25 05:39:03.652,1,4.0,False,,False,True
0 days 00:35:52.904000,MAG,20,0 days 00:01:30.391000,19.0,1.0,,,0 days 00:00:30.320000,0 days 00:00:24.059000,0 days 00:00:36.012000,0 days 00:34:52.869000,0 days 00:35:16.928000,0 days 00:35:52.940000,267.0,285.0,281.0,274.0,False,ULTRASOFT,21.0,False,Haas F1 Team,0 days 00:34:22.513000,2018-03-25 05:40:33.694,1,4.0,False,,False,True
0 days 00:37:22.724000,MAG,20,0 days 00:01:29.820000,20.0,1.0,,,0 days 00:00:30.048000,0 days 00:00:23.859000,0 days 00:00:35.913000,0 days 00:36:22.988000,0 days 00:36:46.847000,0 days 00:37:22.760000,266.0,292.0,281.0,282.0,True,ULTRASOFT,22.0,False,Haas F1 Team,0 days 00:35:52.904000,2018-03-25 05:42:04.085,1,4.0,False,,False,True
0 days 00:38:52.258000,MAG,20,0 days 00:01:29.534000,21.0,1.0,,,0 days 00:00:29.873000,0 days 00:00:23.822000,0 days 00:00:35.839000,0 days 00:37:52.633000,0 days 00:38:16.455000,0 days 00:38:52.294000,265.0,287.0,281.0,,True,ULTRASOFT,23.0,False,Haas F1 Team,0 days 00:37:22.724000,2018-03-25 05:43:33.905,1,4.0,False,,False,True
0 days 00:40:39.648000,MAG,20,0 days 00:01:47.390000,22.0,1.0,,0 days 00:40:20.801000,0 days 00:00:29.749000,0 days 00:00:24.003000,0 days 00:00:53.638000,0 days 00:39:22.043000,0 days 00:39:46.046000,0 days 00:40:39.684000,263.0,284.0,,283.0,False,ULTRASOFT,24.0,False,Haas F1 Team,0 days 00:38:52.258000,2018-03-25 05:45:03.439,1,9.0,False,,False,False
0 days 00:08:47.258000,HUL,27,0 days 00:01:39.077000,1.0,,,,,0 days 00:00:24.679000,0 days 00:00:36.881000,,0 days 00:08:10.737000,0 days 00:08:47.547000,266.0,294.0,285.0,220.0,False,nan,,True,Renault,0 days 00:07:07.988000,2018-03-25 05:13:19.169,,7.0,False,,False,False
0 days 00:10:18.568000,HUL,27,0 days 00:01:31.310000,2.0,1.0,,,0 days 00:00:30.586000,0 days 00:00:24.299000,0 days 00:00:36.425000,0 days 00:09:17.863000,0 days 00:09:42.162000,0 days 00:10:18.587000,270.0,292.0,283.0,286.0,True,ULTRASOFT,4.0,False,Renault,0 days 00:08:47.258000,2018-03-25 05:14:58.439,,7.0,False,,False,False
0 days 00:11:49.649000,HUL,27,0 days 00:01:31.081000,3.0,1.0,,,0 days 00:00:30.513000,0 days 00:00:24.360000,0 days 00:00:36.208000,0 days 00:10:49.100000,0 days 00:11:13.460000,0 days 00:11:49.668000,268.0,288.0,294.0,290.0,True,ULTRASOFT,5.0,False,Renault,0 days 00:10:18.568000,2018-03-25 05:16:29.749,,7.0,False,,False,False
0 days 00:13:20.496000,HUL,27,0 days 00:01:30.847000,4.0,1.0,,,0 days 00:00:30.219000,0 days 00:00:24.200000,0 days 00:00:36.428000,0 days 00:12:19.887000,0 days 00:12:44.087000,0 days 00:13:20.515000,269.0,290.0,291.0,305.0,True,ULTRASOFT,6.0,False,Renault,0 days 00:11:49.649000,2018-03-25 05:18:00.830,,7.0,False,,False,False
0 days 00:14:53.354000,HUL,27,0 days 00:01:32.858000,5.0,1.0,,,0 days 00:00:30.369000,0 days 00:00:24.617000,0 days 00:00:37.872000,0 days 00:13:50.884000,0 days 00:14:15.501000,0 days 00:14:53.373000,,293.0,293.0,302.0,False,ULTRASOFT,7.0,False,Renault,0 days 00:13:20.496000,2018-03-25 05:19:31.677,2,8.0,False,,False,True
0 days 00:16:24.675000,HUL,27,0 days 00:01:31.321000,6.0,1.0,,,0 days 00:00:30.608000,0 days 00:00:24.170000,0 days 00:00:36.543000,0 days 00:15:23.981000,0 days 00:15:48.151000,0 days 00:16:24.694000,270.0,288.0,284.0,297.0,False,ULTRASOFT,8.0,False,Renault,0 days 00:14:53.354000,2018-03-25 05:21:04.535,21,8.0,False,,False,True
0 days 00:17:55.189000,HUL,27,0 days 00:01:30.514000,7.0,1.0,,,0 days 00:00:30.220000,0 days 00:00:24.011000,0 days 00:00:36.283000,0 days 00:16:54.914000,0 days 00:17:18.925000,0 days 00:17:55.208000,272.0,287.0,285.0,291.0,True,ULTRASOFT,9.0,False,Renault,0 days 00:16:24.675000,2018-03-25 05:22:35.856,21,8.0,False,,False,True
0 days 00:19:25.558000,HUL,27,0 days 00:01:30.369000,8.0,1.0,,,0 days 00:00:30.187000,0 days 00:00:24.097000,0 days 00:00:36.085000,0 days 00:18:25.395000,0 days 00:18:49.492000,0 days 00:19:25.577000,268.0,284.0,284.0,290.0,True,ULTRASOFT,10.0,False,Renault,0 days 00:17:55.189000,2018-03-25 05:24:06.370,1,8.0,False,,False,True
0 days 00:20:55.528000,HUL,27,0 days 00:01:29.970000,9.0,1.0,,,0 days 00:00:29.999000,0 days 00:00:23.992000,0 days 00:00:35.979000,0 days 00:19:55.576000,0 days 00:20:19.568000,0 days 00:20:55.547000,270.0,286.0,285.0,,True,ULTRASOFT,11.0,False,Renault,0 days 00:19:25.558000,2018-03-25 05:25:36.739,1,8.0,False,,False,True
0 days 00:22:26.297000,HUL,27,0 days 00:01:30.769000,10.0,1.0,,,0 days 00:00:30.441000,0 days 00:00:24.171000,0 days 00:00:36.157000,0 days 00:21:25.988000,0 days 00:21:50.159000,0 days 00:22:26.316000,271.0,289.0,287.0,,False,ULTRASOFT,12.0,False,Renault,0 days 00:20:55.528000,2018-03-25 05:27:06.709,12,7.0,False,,False,True
0 days 00:23:56.244000,HUL,27,0 days 00:01:29.947000,11.0,1.0,,,0 days 00:00:29.885000,0 days 00:00:24.107000,0 days 00:00:35.955000,0 days 00:22:56.201000,0 days 00:23:20.308000,0 days 00:23:56.263000,272.0,289.0,285.0,291.0,True,ULTRASOFT,13.0,False,Renault,0 days 00:22:26.297000,2018-03-25 05:28:37.478,1,7.0,False,,False,True
0 days 00:25:26.317000,HUL,27,0 days 00:01:30.073000,12.0,1.0,,,0 days 00:00:29.988000,0 days 00:00:24.069000,0 days 00:00:36.016000,0 days 00:24:26.251000,0 days 00:24:50.320000,0 days 00:25:26.336000,270.0,287.0,284.0,289.0,False,ULTRASOFT,14.0,False,Renault,0 days 00:23:56.244000,2018-03-25 05:30:07.425,1,7.0,False,,False,True
0 days 00:26:56.443000,HUL,27,0 days 00:01:30.126000,13.0,1.0,,,0 days 00:00:29.998000,0 days 00:00:24.036000,0 days 00:00:36.092000,0 days 00:25:56.334000,0 days 00:26:20.370000,0 days 00:26:56.462000,268.0,287.0,284.0,290.0,False,ULTRASOFT,15.0,False,Renault,0 days 00:25:26.317000,2018-03-25 05:31:37.498,1,7.0,False,,False,True
0 days 00:28:26.289000,HUL,27,0 days 00:01:29.846000,14.0,1.0,,,0 days 00:00:29.920000,0 days 00:00:23.914000,0 days 00:00:36.012000,0 days 00:27:26.382000,0 days 00:27:50.296000,0 days 00:28:26.308000,269.0,288.0,284.0,289.0,True,ULTRASOFT,16.0,False,Renault,0 days 00:26:56.443000,2018-03-25 05:33:07.624,1,7.0,False,,False,True
0 days 00:29:56.779000,HUL,27,0 days 00:01:30.490000,15.0,1.0,,,0 days 00:00:30.038000,0 days 00:00:24.208000,0 days 00:00:36.244000,0 days 00:28:56.346000,0 days 00:29:20.554000,0 days 00:29:56.798000,267.0,285.0,283.0,282.0,False,ULTRASOFT,17.0,False,Renault,0 days 00:28:26.289000,2018-03-25 05:34:37.470,1,7.0,False,,False,True
0 days 00:31:26.740000,HUL,27,0 days 00:01:29.961000,16.0,1.0,,,0 days 00:00:29.915000,0 days 00:00:24.028000,0 days 00:00:36.018000,0 days 00:30:26.713000,0 days 00:30:50.741000,0 days 00:31:26.759000,270.0,286.0,283.0,285.0,False,ULTRASOFT,18.0,False,Renault,0 days 00:29:56.779000,2018-03-25 05:36:07.960,1,7.0,False,,False,True
0 days 00:32:56.832000,HUL,27,0 days 00:01:30.092000,17.0,1.0,,,0 days 00:00:30.112000,0 days 00:00:23.989000,0 days 00:00:35.991000,0 days 00:31:56.871000,0 days 00:32:20.860000,0 days 00:32:56.851000,267.0,286.0,283.0,286.0,False,ULTRASOFT,19.0,False,Renault,0 days 00:31:26.740000,2018-03-25 05:37:37.921,1,7.0,False,,False,True
0 days 00:34:26.756000,HUL,27,0 days 00:01:29.924000,18.0,1.0,,,0 days 00:00:29.856000,0 days 00:00:24.065000,0 days 00:00:36.003000,0 days 00:33:26.707000,0 days 00:33:50.772000,0 days 00:34:26.775000,270.0,287.0,283.0,280.0,False,ULTRASOFT,20.0,False,Renault,0 days 00:32:56.832000,2018-03-25 05:39:08.013,1,7.0,False,,False,True
0 days 00:35:56.763000,HUL,27,0 days 00:01:30.007000,19.0,1.0,,,0 days 00:00:30.043000,0 days 00:00:23.991000,0 days 00:00:35.973000,0 days 00:34:56.818000,0 days 00:35:20.809000,0 days 00:35:56.782000,271.0,288.0,285.0,287.0,False,ULTRASOFT,21.0,False,Renault,0 days 00:34:26.756000,2018-03-25 05:40:37.937,1,7.0,False,,False,True
0 days 00:37:26.565000,HUL,27,0 days 00:01:29.802000,20.0,1.0,,,0 days 00:00:29.933000,0 days 00:00:23.854000,0 days 00:00:36.015000,0 days 00:36:26.715000,0 days 00:36:50.569000,0 days 00:37:26.584000,270.0,292.0,284.0,,True,ULTRASOFT,22.0,False,Renault,0 days 00:35:56.763000,2018-03-25 05:42:07.944,1,7.0,False,,False,True
0 days 00:38:56.398000,HUL,27,0 days 00:01:29.833000,21.0,1.0,,,0 days 00:00:29.886000,0 days 00:00:23.878000,0 days 00:00:36.069000,0 days 00:37:56.470000,0 days 00:38:20.348000,0 days 00:38:56.417000,,292.0,285.0,285.0,False,ULTRASOFT,23.0,False,Renault,0 days 00:37:26.565000,2018-03-25 05:43:37.746,1,7.0,False,,False,True
0 days 00:40:26.464000,HUL,27,0 days 00:01:30.066000,22.0,1.0,,,0 days 00:00:29.986000,0 days 00:00:24.098000,0 days 00:00:35.982000,0 days 00:39:26.403000,0 days 00:39:50.501000,0 days 00:40:26.483000,267.0,289.0,283.0,287.0,False,ULTRASOFT,24.0,False,Renault,0 days 00:38:56.398000,2018-03-25 05:45:07.579,1,6.0,False,,False,True
0 days 00:41:56.263000,HUL,27,0 days 00:01:29.799000,23.0,1.0,,,0 days 00:00:29.979000,0 days 00:00:24.005000,0 days 00:00:35.815000,0 days 00:40:56.462000,0 days 00:41:20.467000,0 days 00:41:56.282000,269.0,286.0,281.0,283.0,True,ULTRASOFT,25.0,False,Renault,0 days 00:40:26.464000,2018-03-25 05:46:37.645,12,6.0,False,,False,True
0 days 00:43:44.405000,HUL,27,0 days 00:01:48.142000,24.0,1.0,,0 days 00:43:24.644000,0 days 00:00:30.002000,0 days 00:00:23.906000,0 days 00:00:54.234000,0 days 00:42:26.284000,0 days 00:42:50.190000,0 days 00:43:44.424000,270.0,293.0,,288.0,False,ULTRASOFT,26.0,False,Renault,0 days 00:41:56.263000,2018-03-25 05:48:07.444,12,10.0,False,,False,False
0 days 00:45:28.275000,HUL,27,0 days 00:01:43.870000,25.0,2.0,0 days 00:43:47.387000,,0 days 00:00:35.200000,0 days 00:00:23.796000,0 days 00:00:44.874000,0 days 00:44:19.624000,0 days 00:44:43.420000,0 days 00:45:28.294000,268.0,289.0,175.0,224.0,False,SOFT,1.0,True,Renault,0 days 00:43:44.405000,2018-03-25 05:49:55.586,126,8.0,False,,False,False
0 days 00:47:31.650000,HUL,27,0 days 00:02:03.375000,26.0,2.0,,,0 days 00:00:39.853000,0 days 00:00:32.969000,0 days 00:00:50.553000,0 days 00:46:08.147000,0 days 00:46:41.116000,0 days 00:47:31.669000,188.0,227.0,233.0,185.0,False,SOFT,2.0,True,Renault,0 days 00:45:28.275000,2018-03-25 05:51:39.456,6,7.0,False,,False,False
0 days 00:49:35.666000,HUL,27,0 days 00:02:04.016000,27.0,2.0,,,0 days 00:00:40.598000,0 days 00:00:32.798000,0 days 00:00:50.620000,0 days 00:48:12.267000,0 days 00:48:45.065000,0 days 00:49:35.685000,165.0,268.0,212.0,186.0,False,SOFT,3.0,True,Renault,0 days 00:47:31.650000,2018-03-25 05:53:42.831,64,7.0,False,,False,False
0 days 00:51:39.685000,HUL,27,0 days 00:02:04.019000,28.0,2.0,,,0 days 00:00:41.297000,0 days 00:00:34.909000,0 days 00:00:47.813000,0 days 00:50:16.982000,0 days 00:50:51.891000,0 days 00:51:39.704000,229.0,223.0,252.0,223.0,False,SOFT,4.0,True,Renault,0 days 00:49:35.666000,2018-03-25 05:55:46.847,4,7.0,False,,False,False
0 days 00:53:23.912000,HUL,27,0 days 00:01:44.227000,29.0,2.0,,,0 days 00:00:37.949000,0 days 00:00:26.871000,0 days 00:00:39.407000,0 days 00:52:17.653000,0 days 00:52:44.524000,0 days 00:53:23.931000,241.0,259.0,258.0,207.0,False,SOFT,5.0,True,Renault,0 days 00:51:39.685000,2018-03-25 05:57:50.866,4,7.0,False,,False,False
0 days 00:55:21.772000,HUL,27,0 days 00:01:57.860000,30.0,2.0,,,0 days 00:00:33.862000,0 days 00:00:27.157000,0 days 00:00:56.841000,0 days 00:53:57.793000,0 days 00:54:24.950000,0 days 00:55:21.791000,230.0,160.0,189.0,205.0,False,SOFT,6.0,True,Renault,0 days 00:53:23.912000,2018-03-25 05:59:35.093,4,7.0,False,,False,False
0 days 00:57:32.522000,HUL,27,0 days 00:02:10.750000,31.0,2.0,,,0 days 00:00:43.601000,0 days 00:00:35.261000,0 days 00:00:51.888000,0 days 00:56:05.392000,0 days 00:56:40.653000,0 days 00:57:32.541000,126.0,200.0,299.0,216.0,False,SOFT,7.0,True,Renault,0 days 00:55:21.772000,2018-03-25 06:01:32.953,41,7.0,False,,False,False
0 days 00:59:03.535000,HUL,27,0 days 00:01:31.013000,32.0,2.0,,,0 days 00:00:31.290000,0 days 00:00:23.892000,0 days 00:00:35.831000,0 days 00:58:03.831000,0 days 00:58:27.723000,0 days 00:59:03.554000,274.0,300.0,286.0,300.0,False,SOFT,8.0,True,Renault,0 days 00:57:32.522000,2018-03-25 06:03:43.703,1,7.0,False,,False,True
0 days 01:00:32.894000,HUL,27,0 days 00:01:29.359000,33.0,2.0,,,0 days 00:00:29.979000,0 days 00:00:23.674000,0 days 00:00:35.706000,0 days 00:59:33.533000,0 days 00:59:57.207000,0 days 01:00:32.913000,,294.0,283.0,288.0,True,SOFT,9.0,True,Renault,0 days 00:59:03.535000,2018-03-25 06:05:14.716,1,7.0,False,,False,True
0 days 01:02:02.045000,HUL,27,0 days 00:01:29.151000,34.0,2.0,,,0 days 00:00:29.936000,0 days 00:00:23.723000,0 days 00:00:35.492000,0 days 01:01:02.849000,0 days 01:01:26.572000,0 days 01:02:02.064000,272.0,292.0,287.0,289.0,True,SOFT,10.0,True,Renault,0 days 01:00:32.894000,2018-03-25 06:06:44.075,1,7.0,False,,False,True
0 days 01:03:30.677000,HUL,27,0 days 00:01:28.632000,35.0,2.0,,,0 days 00:00:29.597000,0 days 00:00:23.632000,0 days 00:00:35.403000,0 days 01:02:31.661000,0 days 01:02:55.293000,0 days 01:03:30.696000,274.0,294.0,295.0,293.0,True,SOFT,11.0,True,Renault,0 days 01:02:02.045000,2018-03-25 06:08:13.226,1,7.0,False,,False,True
0 days 01:04:59.401000,HUL,27,0 days 00:01:28.724000,36.0,2.0,,,0 days 00:00:29.459000,0 days 00:00:23.783000,0 days 00:00:35.482000,0 days 01:04:00.155000,0 days 01:04:23.938000,0 days 01:04:59.420000,272.0,293.0,285.0,303.0,False,SOFT,12.0,True,Renault,0 days 01:03:30.677000,2018-03-25 06:09:41.858,1,7.0,False,,False,True
0 days 01:06:27.835000,HUL,27,0 days 00:01:28.434000,37.0,2.0,,,0 days 00:00:29.536000,0 days 00:00:23.615000,0 days 00:00:35.283000,0 days 01:05:28.956000,0 days 01:05:52.571000,0 days 01:06:27.854000,275.0,290.0,285.0,289.0,True,SOFT,13.0,True,Renault,0 days 01:04:59.401000,2018-03-25 06:11:10.582,1,7.0,False,,False,True
0 days 01:07:55.980000,HUL,27,0 days 00:01:28.145000,38.0,2.0,,,0 days 00:00:29.497000,0 days 00:00:23.564000,0 days 00:00:35.084000,0 days 01:06:57.351000,0 days 01:07:20.915000,0 days 01:07:55.999000,274.0,292.0,287.0,290.0,True,SOFT,14.0,True,Renault,0 days 01:06:27.835000,2018-03-25 06:12:39.016,1,7.0,False,,False,True
0 days 01:09:24.058000,HUL,27,0 days 00:01:28.078000,39.0,2.0,,,0 days 00:00:29.415000,0 days 00:00:23.698000,0 days 00:00:34.965000,0 days 01:08:25.414000,0 days 01:08:49.112000,0 days 01:09:24.077000,277.0,294.0,295.0,300.0,True,SOFT,15.0,True,Renault,0 days 01:07:55.980000,2018-03-25 06:14:07.161,1,7.0,False,,False,True
0 days 01:10:52.775000,HUL,27,0 days 00:01:28.717000,40.0,2.0,,,0 days 00:00:29.618000,0 days 00:00:23.932000,0 days 00:00:35.167000,0 days 01:09:53.695000,0 days 01:10:17.627000,0 days 01:10:52.794000,276.0,293.0,283.0,307.0,False,SOFT,16.0,True,Renault,0 days 01:09:24.058000,2018-03-25 06:15:35.239,1,7.0,False,,False,True
0 days 01:12:20.596000,HUL,27,0 days 00:01:27.821000,41.0,2.0,,,0 days 00:00:29.405000,0 days 00:00:23.533000,0 days 00:00:34.883000,0 days 01:11:22.199000,0 days 01:11:45.732000,0 days 01:12:20.615000,277.0,294.0,287.0,288.0,True,SOFT,17.0,True,Renault,0 days 01:10:52.775000,2018-03-25 06:17:03.956,1,7.0,False,,False,True
0 days 01:13:48.416000,HUL,27,0 days 00:01:27.820000,42.0,2.0,,,0 days 00:00:29.359000,0 days 00:00:23.467000,0 days 00:00:34.994000,0 days 01:12:49.974000,0 days 01:13:13.441000,0 days 01:13:48.435000,,292.0,288.0,291.0,True,SOFT,18.0,True,Renault,0 days 01:12:20.596000,2018-03-25 06:18:31.777,1,7.0,False,,False,True
0 days 01:15:16.387000,HUL,27,0 days 00:01:27.971000,43.0,2.0,,,0 days 00:00:29.490000,0 days 00:00:23.530000,0 days 00:00:34.951000,0 days 01:14:17.925000,0 days 01:14:41.455000,0 days 01:15:16.406000,276.0,294.0,295.0,294.0,False,SOFT,19.0,True,Renault,0 days 01:13:48.416000,2018-03-25 06:19:59.597,1,7.0,False,,False,True
0 days 01:16:44.289000,HUL,27,0 days 00:01:27.902000,44.0,2.0,,,0 days 00:00:29.266000,0 days 00:00:23.709000,0 days 00:00:34.927000,0 days 01:15:45.672000,0 days 01:16:09.381000,0 days 01:16:44.308000,275.0,295.0,295.0,306.0,False,SOFT,20.0,True,Renault,0 days 01:15:16.387000,2018-03-25 06:21:27.568,1,7.0,False,,False,True
0 days 01:18:12.509000,HUL,27,0 days 00:01:28.220000,45.0,2.0,,,0 days 00:00:29.446000,0 days 00:00:23.717000,0 days 00:00:35.057000,0 days 01:17:13.754000,0 days 01:17:37.471000,0 days 01:18:12.528000,,294.0,297.0,,False,SOFT,21.0,True,Renault,0 days 01:16:44.289000,2018-03-25 06:22:55.470,1,7.0,False,,False,True
0 days 01:19:40.694000,HUL,27,0 days 00:01:28.185000,46.0,2.0,,,0 days 00:00:29.275000,0 days 00:00:23.525000,0 days 00:00:35.385000,0 days 01:18:41.803000,0 days 01:19:05.328000,0 days 01:19:40.713000,,293.0,298.0,303.0,False,SOFT,22.0,True,Renault,0 days 01:18:12.509000,2018-03-25 06:24:23.690,1,7.0,False,,False,True
0 days 01:21:08.691000,HUL,27,0 days 00:01:27.997000,47.0,2.0,,,0 days 00:00:29.395000,0 days 00:00:23.565000,0 days 00:00:35.037000,0 days 01:20:10.108000,0 days 01:20:33.673000,0 days 01:21:08.710000,277.0,295.0,299.0,299.0,False,SOFT,23.0,True,Renault,0 days 01:19:40.694000,2018-03-25 06:25:51.875,1,7.0,False,,False,True
0 days 01:22:37.210000,HUL,27,0 days 00:01:28.519000,48.0,2.0,,,0 days 00:00:29.436000,0 days 00:00:23.813000,0 days 00:00:35.270000,0 days 01:21:38.146000,0 days 01:22:01.959000,0 days 01:22:37.229000,276.0,292.0,301.0,305.0,False,SOFT,24.0,True,Renault,0 days 01:21:08.691000,2018-03-25 06:27:19.872,1,7.0,False,,False,True
0 days 01:24:05.184000,HUL,27,0 days 00:01:27.974000,49.0,2.0,,,0 days 00:00:29.236000,0 days 00:00:23.592000,0 days 00:00:35.146000,0 days 01:23:06.465000,0 days 01:23:30.057000,0 days 01:24:05.203000,278.0,294.0,299.0,319.0,False,SOFT,25.0,True,Renault,0 days 01:22:37.210000,2018-03-25 06:28:48.391,1,7.0,False,,False,True
0 days 01:25:33.058000,HUL,27,0 days 00:01:27.874000,50.0,2.0,,,0 days 00:00:29.204000,0 days 00:00:23.668000,0 days 00:00:35.002000,0 days 01:24:34.407000,0 days 01:24:58.075000,0 days 01:25:33.077000,276.0,292.0,296.0,305.0,False,SOFT,26.0,True,Renault,0 days 01:24:05.184000,2018-03-25 06:30:16.365,1,7.0,False,,False,True
0 days 01:27:00.590000,HUL,27,0 days 00:01:27.532000,51.0,2.0,,,0 days 00:00:29.011000,0 days 00:00:23.620000,0 days 00:00:34.901000,0 days 01:26:02.088000,0 days 01:26:25.708000,0 days 01:27:00.609000,277.0,292.0,296.0,300.0,True,SOFT,27.0,True,Renault,0 days 01:25:33.058000,2018-03-25 06:31:44.239,1,7.0,False,,False,True
0 days 01:28:28.144000,HUL,27,0 days 00:01:27.554000,52.0,2.0,,,0 days 00:00:29.071000,0 days 00:00:23.530000,0 days 00:00:34.953000,0 days 01:27:29.680000,0 days 01:27:53.210000,0 days 01:28:28.163000,276.0,292.0,287.0,302.0,False,SOFT,28.0,True,Renault,0 days 01:27:00.590000,2018-03-25 06:33:11.771,1,7.0,False,,False,True
0 days 01:29:55.679000,HUL,27,0 days 00:01:27.535000,53.0,2.0,,,0 days 00:00:29.080000,0 days 00:00:23.437000,0 days 00:00:35.018000,0 days 01:28:57.243000,0 days 01:29:20.680000,0 days 01:29:55.698000,,294.0,290.0,293.0,False,SOFT,29.0,True,Renault,0 days 01:28:28.144000,2018-03-25 06:34:39.325,1,7.0,False,,False,True
0 days 01:31:23.192000,HUL,27,0 days 00:01:27.513000,54.0,2.0,,,0 days 00:00:29.281000,0 days 00:00:23.479000,0 days 00:00:34.753000,0 days 01:30:24.979000,0 days 01:30:48.458000,0 days 01:31:23.211000,273.0,293.0,287.0,,True,SOFT,30.0,True,Renault,0 days 01:29:55.679000,2018-03-25 06:36:06.860,1,7.0,False,,False,True
0 days 01:32:50.451000,HUL,27,0 days 00:01:27.259000,55.0,2.0,,,0 days 00:00:29.100000,0 days 00:00:23.422000,0 days 00:00:34.737000,0 days 01:31:52.311000,0 days 01:32:15.733000,0 days 01:32:50.470000,278.0,289.0,288.0,,True,SOFT,31.0,True,Renault,0 days 01:31:23.192000,2018-03-25 06:37:34.373,1,7.0,False,,False,True
0 days 01:34:17.533000,HUL,27,0 days 00:01:27.082000,56.0,2.0,,,0 days 00:00:29.129000,0 days 00:00:23.404000,0 days 00:00:34.549000,0 days 01:33:19.599000,0 days 01:33:43.003000,0 days 01:34:17.552000,277.0,295.0,287.0,301.0,True,SOFT,32.0,True,Renault,0 days 01:32:50.451000,2018-03-25 06:39:01.632,1,7.0,False,,False,True
0 days 01:35:44.614000,HUL,27,0 days 00:01:27.081000,57.0,2.0,,,0 days 00:00:28.989000,0 days 00:00:23.464000,0 days 00:00:34.628000,0 days 01:34:46.541000,0 days 01:35:10.005000,0 days 01:35:44.633000,278.0,294.0,287.0,293.0,True,SOFT,33.0,True,Renault,0 days 01:34:17.533000,2018-03-25 06:40:28.714,1,7.0,False,,False,True
0 days 01:37:14.135000,HUL,27,0 days 00:01:29.521000,58.0,2.0,,,0 days 00:00:29.454000,0 days 00:00:23.933000,0 days 00:00:36.134000,0 days 01:36:14.087000,0 days 01:36:38.020000,0 days 01:37:14.154000,269.0,289.0,231.0,290.0,False,SOFT,34.0,True,Renault,0 days 01:35:44.614000,2018-03-25 06:41:55.795,1,7.0,False,,False,True
0 days 00:09:13.765000,HAR,28,0 days 00:02:05.584000,1.0,,,0 days 00:08:55.152000,,0 days 00:00:26.123000,0 days 00:00:58.018000,,0 days 00:08:16.487000,0 days 00:09:13.931000,258.0,285.0,,263.0,False,nan,,True,Toro Rosso,0 days 00:07:07.988000,2018-03-25 05:13:19.169,,20.0,False,,False,False
0 days 00:10:51.006000,HAR,28,0 days 00:01:37.241000,2.0,2.0,0 days 00:09:17.019000,,0 days 00:00:36.075000,0 days 00:00:24.421000,0 days 00:00:36.745000,0 days 00:09:49.871000,0 days 00:10:14.292000,0 days 00:10:51.037000,264.0,276.0,274.0,221.0,False,SOFT,1.0,True,Toro Rosso,0 days 00:09:13.765000,2018-03-25 05:15:24.946,,20.0,False,,False,False
0 days 00:12:21.894000,HAR,28,0 days 00:01:30.888000,3.0,2.0,,,0 days 00:00:30.264000,0 days 00:00:24.315000,0 days 00:00:36.309000,0 days 00:11:21.301000,0 days 00:11:45.616000,0 days 00:12:21.925000,267.0,279.0,275.0,276.0,True,SOFT,2.0,True,Toro Rosso,0 days 00:10:51.006000,2018-03-25 05:17:02.187,,20.0,False,,False,False
0 days 00:13:53.076000,HAR,28,0 days 00:01:31.182000,4.0,2.0,,,0 days 00:00:30.288000,0 days 00:00:24.332000,0 days 00:00:36.562000,0 days 00:12:52.213000,0 days 00:13:16.545000,0 days 00:13:53.107000,266.0,278.0,273.0,,False,SOFT,3.0,True,Toro Rosso,0 days 00:12:21.894000,2018-03-25 05:18:33.075,,20.0,False,,False,False
0 days 00:15:24.557000,HAR,28,0 days 00:01:31.481000,5.0,2.0,,,0 days 00:00:30.272000,0 days 00:00:24.435000,0 days 00:00:36.774000,0 days 00:14:23.379000,0 days 00:14:47.814000,0 days 00:15:24.588000,267.0,278.0,273.0,275.0,False,SOFT,4.0,True,Toro Rosso,0 days 00:13:53.076000,2018-03-25 05:20:04.257,21,19.0,False,,False,True
0 days 00:16:56.668000,HAR,28,0 days 00:01:32.111000,6.0,2.0,,,0 days 00:00:30.461000,0 days 00:00:24.638000,0 days 00:00:37.012000,0 days 00:15:55.049000,0 days 00:16:19.687000,0 days 00:16:56.699000,,278.0,274.0,273.0,False,SOFT,5.0,True,Toro Rosso,0 days 00:15:24.557000,2018-03-25 05:21:35.738,2,19.0,False,,False,True
0 days 00:18:28.265000,HAR,28,0 days 00:01:31.597000,7.0,2.0,,,0 days 00:00:30.327000,0 days 00:00:24.567000,0 days 00:00:36.703000,0 days 00:17:27.026000,0 days 00:17:51.593000,0 days 00:18:28.296000,266.0,278.0,274.0,276.0,False,SOFT,6.0,True,Toro Rosso,0 days 00:16:56.668000,2018-03-25 05:23:07.849,21,18.0,False,,False,True
0 days 00:19:59.425000,HAR,28,0 days 00:01:31.160000,8.0,2.0,,,0 days 00:00:30.236000,0 days 00:00:24.483000,0 days 00:00:36.441000,0 days 00:18:58.532000,0 days 00:19:23.015000,0 days 00:19:59.456000,,276.0,276.0,277.0,False,SOFT,7.0,True,Toro Rosso,0 days 00:18:28.265000,2018-03-25 05:24:39.446,1,18.0,False,,False,True
0 days 00:21:30.472000,HAR,28,0 days 00:01:31.047000,9.0,2.0,,,0 days 00:00:30.167000,0 days 00:00:24.340000,0 days 00:00:36.540000,0 days 00:20:29.623000,0 days 00:20:53.963000,0 days 00:21:30.503000,265.0,277.0,275.0,276.0,False,SOFT,8.0,True,Toro Rosso,0 days 00:19:59.425000,2018-03-25 05:26:10.606,12,18.0,False,,False,True
0 days 00:23:01.525000,HAR,28,0 days 00:01:31.053000,10.0,2.0,,,0 days 00:00:30.287000,0 days 00:00:24.287000,0 days 00:00:36.479000,0 days 00:22:00.790000,0 days 00:22:25.077000,0 days 00:23:01.556000,267.0,278.0,275.0,278.0,False,SOFT,9.0,True,Toro Rosso,0 days 00:21:30.472000,2018-03-25 05:27:41.653,1,18.0,False,,False,True
0 days 00:24:32.543000,HAR,28,0 days 00:01:31.018000,11.0,2.0,,,0 days 00:00:30.355000,0 days 00:00:24.260000,0 days 00:00:36.403000,0 days 00:23:31.911000,0 days 00:23:56.171000,0 days 00:24:32.574000,265.0,279.0,275.0,277.0,False,SOFT,10.0,True,Toro Rosso,0 days 00:23:01.525000,2018-03-25 05:29:12.706,1,18.0,False,,False,True
0 days 00:26:03.791000,HAR,28,0 days 00:01:31.248000,12.0,2.0,,,0 days 00:00:30.222000,0 days 00:00:24.251000,0 days 00:00:36.775000,0 days 00:25:02.796000,0 days 00:25:27.047000,0 days 00:26:03.822000,269.0,279.0,274.0,279.0,False,SOFT,11.0,True,Toro Rosso,0 days 00:24:32.543000,2018-03-25 05:30:43.724,1,18.0,False,,False,True
0 days 00:27:35.232000,HAR,28,0 days 00:01:31.441000,13.0,2.0,,,0 days 00:00:30.295000,0 days 00:00:24.380000,0 days 00:00:36.766000,0 days 00:26:34.117000,0 days 00:26:58.497000,0 days 00:27:35.263000,265.0,280.0,275.0,278.0,False,SOFT,12.0,True,Toro Rosso,0 days 00:26:03.791000,2018-03-25 05:32:14.972,1,18.0,False,,False,True
0 days 00:29:06.460000,HAR,28,0 days 00:01:31.228000,14.0,2.0,,,0 days 00:00:30.102000,0 days 00:00:24.309000,0 days 00:00:36.817000,0 days 00:28:05.365000,0 days 00:28:29.674000,0 days 00:29:06.491000,269.0,279.0,275.0,,False,SOFT,13.0,True,Toro Rosso,0 days 00:27:35.232000,2018-03-25 05:33:46.413,1,17.0,False,,False,True
0 days 00:30:37.660000,HAR,28,0 days 00:01:31.200000,15.0,2.0,,,0 days 00:00:30.299000,0 days 00:00:24.373000,0 days 00:00:36.528000,0 days 00:29:36.790000,0 days 00:30:01.163000,0 days 00:30:37.691000,272.0,280.0,275.0,276.0,False,SOFT,14.0,True,Toro Rosso,0 days 00:29:06.460000,2018-03-25 05:35:17.641,1,17.0,False,,False,True
0 days 00:32:08.599000,HAR,28,0 days 00:01:30.939000,16.0,2.0,,,0 days 00:00:30.118000,0 days 00:00:24.250000,0 days 00:00:36.571000,0 days 00:31:07.809000,0 days 00:31:32.059000,0 days 00:32:08.630000,267.0,280.0,276.0,277.0,False,SOFT,15.0,True,Toro Rosso,0 days 00:30:37.660000,2018-03-25 05:36:48.841,1,17.0,False,,False,True
0 days 00:33:39.554000,HAR,28,0 days 00:01:30.955000,17.0,2.0,,,0 days 00:00:30.065000,0 days 00:00:24.196000,0 days 00:00:36.694000,0 days 00:32:38.695000,0 days 00:33:02.891000,0 days 00:33:39.585000,,282.0,274.0,280.0,False,SOFT,16.0,True,Toro Rosso,0 days 00:32:08.599000,2018-03-25 05:38:19.780,1,17.0,False,,False,True
0 days 00:35:10.595000,HAR,28,0 days 00:01:31.041000,18.0,2.0,,,0 days 00:00:30.199000,0 days 00:00:24.213000,0 days 00:00:36.629000,0 days 00:34:09.784000,0 days 00:34:33.997000,0 days 00:35:10.626000,269.0,278.0,276.0,277.0,False,SOFT,17.0,True,Toro Rosso,0 days 00:33:39.554000,2018-03-25 05:39:50.735,1,17.0,False,,False,True
0 days 00:36:41.700000,HAR,28,0 days 00:01:31.105000,19.0,2.0,,,0 days 00:00:30.232000,0 days 00:00:24.318000,0 days 00:00:36.555000,0 days 00:35:40.858000,0 days 00:36:05.176000,0 days 00:36:41.731000,266.0,279.0,273.0,278.0,False,SOFT,18.0,True,Toro Rosso,0 days 00:35:10.595000,2018-03-25 05:41:21.776,1,17.0,False,,False,True
0 days 00:38:12.585000,HAR,28,0 days 00:01:30.885000,20.0,2.0,,,0 days 00:00:30.234000,0 days 00:00:24.223000,0 days 00:00:36.428000,0 days 00:37:11.965000,0 days 00:37:36.188000,0 days 00:38:12.616000,265.0,281.0,274.0,276.0,True,SOFT,19.0,True,Toro Rosso,0 days 00:36:41.700000,2018-03-25 05:42:52.881,1,16.0,False,,False,True
0 days 00:39:44.388000,HAR,28,0 days 00:01:31.803000,21.0,2.0,,,0 days 00:00:30.467000,0 days 00:00:24.465000,0 days 00:00:36.871000,0 days 00:38:43.083000,0 days 00:39:07.548000,0 days 00:39:44.419000,266.0,283.0,273.0,,False,SOFT,20.0,True,Toro Rosso,0 days 00:38:12.585000,2018-03-25 05:44:23.766,1,16.0,False,,False,True
0 days 00:41:45.915000,HAR,28,0 days 00:02:01.527000,22.0,2.0,,0 days 00:41:26.417000,0 days 00:00:30.785000,0 days 00:00:26.591000,0 days 00:01:04.151000,0 days 00:40:15.204000,0 days 00:40:41.795000,0 days 00:41:45.946000,264.0,249.0,,,False,SOFT,21.0,True,Toro Rosso,0 days 00:39:44.388000,2018-03-25 05:45:55.569,12,17.0,False,,False,False
0 days 00:43:24.748000,HAR,28,0 days 00:01:38.833000,23.0,2.0,0 days 00:41:48.711000,,0 days 00:00:38.343000,0 days 00:00:24.332000,0 days 00:00:36.158000,0 days 00:42:24.289000,0 days 00:42:48.621000,0 days 00:43:24.779000,267.0,288.0,279.0,218.0,False,SOFT,22.0,True,Toro Rosso,0 days 00:41:45.915000,2018-03-25 05:47:57.096,21,16.0,False,,False,False
0 days 00:44:54.261000,HAR,28,0 days 00:01:29.513000,24.0,2.0,,,0 days 00:00:29.696000,0 days 00:00:23.861000,0 days 00:00:35.956000,0 days 00:43:54.475000,0 days 00:44:18.336000,0 days 00:44:54.292000,269.0,287.0,278.0,281.0,True,SOFT,23.0,True,Toro Rosso,0 days 00:43:24.748000,2018-03-25 05:49:35.929,12,16.0,False,,False,True
0 days 00:46:58.826000,HAR,28,0 days 00:02:04.565000,25.0,3.0,,,0 days 00:00:43.658000,0 days 00:00:30.026000,0 days 00:00:50.881000,0 days 00:45:37.950000,0 days 00:46:07.976000,0 days 00:46:58.857000,167.0,202.0,169.0,276.0,False,ULTRASOFT,1.0,True,Toro Rosso,0 days 00:44:54.261000,2018-03-25 05:51:05.442,26,15.0,False,,False,False
0 days 00:49:02.573000,HAR,28,0 days 00:02:03.747000,26.0,3.0,,,0 days 00:00:42.203000,0 days 00:00:31.483000,0 days 00:00:50.061000,0 days 00:47:41.060000,0 days 00:48:12.543000,0 days 00:49:02.604000,205.0,200.0,206.0,153.0,False,ULTRASOFT,2.0,True,Toro Rosso,0 days 00:46:58.826000,2018-03-25 05:53:10.007,64,15.0,False,,False,False
0 days 00:51:06.978000,HAR,28,0 days 00:02:04.405000,27.0,3.0,,,0 days 00:00:41.183000,0 days 00:00:34.356000,0 days 00:00:48.866000,0 days 00:49:43.787000,0 days 00:50:18.143000,0 days 00:51:07.009000,154.0,193.0,199.0,177.0,False,ULTRASOFT,3.0,True,Toro Rosso,0 days 00:49:02.573000,2018-03-25 05:55:13.754,4,15.0,False,,False,False
0 days 00:53:11.571000,HAR,28,0 days 00:02:04.593000,28.0,3.0,,,0 days 00:00:41.400000,0 days 00:00:32.997000,0 days 00:00:50.196000,0 days 00:51:48.409000,0 days 00:52:21.406000,0 days 00:53:11.602000,165.0,210.0,217.0,175.0,False,ULTRASOFT,4.0,True,Toro Rosso,0 days 00:51:06.978000,2018-03-25 05:57:18.159,4,15.0,False,,False,False
0 days 00:55:03.205000,HAR,28,0 days 00:01:51.634000,29.0,3.0,,,0 days 00:00:33.801000,0 days 00:00:32.950000,0 days 00:00:44.883000,0 days 00:53:45.403000,0 days 00:54:18.353000,0 days 00:55:03.236000,191.0,212.0,269.0,240.0,False,ULTRASOFT,5.0,True,Toro Rosso,0 days 00:53:11.571000,2018-03-25 05:59:22.752,4,15.0,False,,False,False
0 days 00:56:36.074000,HAR,28,0 days 00:01:32.869000,30.0,3.0,,,0 days 00:00:31.464000,0 days 00:00:24.457000,0 days 00:00:36.948000,0 days 00:55:34.700000,0 days 00:55:59.157000,0 days 00:56:36.105000,263.0,283.0,272.0,264.0,False,ULTRASOFT,6.0,True,Toro Rosso,0 days 00:55:03.205000,2018-03-25 06:01:14.386,4,15.0,False,,False,False
0 days 00:58:07.811000,HAR,28,0 days 00:01:31.737000,31.0,3.0,,,0 days 00:00:30.530000,0 days 00:00:24.401000,0 days 00:00:36.806000,0 days 00:57:06.635000,0 days 00:57:31.036000,0 days 00:58:07.842000,267.0,286.0,271.0,273.0,False,ULTRASOFT,7.0,True,Toro Rosso,0 days 00:56:36.074000,2018-03-25 06:02:47.255,41,15.0,False,,False,False
0 days 00:59:38.531000,HAR,28,0 days 00:01:30.720000,32.0,3.0,,,0 days 00:00:30.238000,0 days 00:00:24.061000,0 days 00:00:36.421000,0 days 00:58:38.080000,0 days 00:59:02.141000,0 days 00:59:38.562000,266.0,286.0,269.0,,False,ULTRASOFT,8.0,True,Toro Rosso,0 days 00:58:07.811000,2018-03-25 06:04:18.992,1,15.0,False,,False,True
0 days 01:01:09.842000,HAR,28,0 days 00:01:31.311000,33.0,3.0,,,0 days 00:00:30.463000,0 days 00:00:24.339000,0 days 00:00:36.509000,0 days 01:00:09.025000,0 days 01:00:33.364000,0 days 01:01:09.873000,264.0,286.0,272.0,270.0,False,ULTRASOFT,9.0,True,Toro Rosso,0 days 00:59:38.531000,2018-03-25 06:05:49.712,1,15.0,False,,False,True
0 days 01:02:40.529000,HAR,28,0 days 00:01:30.687000,34.0,3.0,,,0 days 00:00:30.216000,0 days 00:00:24.079000,0 days 00:00:36.392000,0 days 01:01:40.089000,0 days 01:02:04.168000,0 days 01:02:40.560000,267.0,283.0,271.0,273.0,False,ULTRASOFT,10.0,True,Toro Rosso,0 days 01:01:09.842000,2018-03-25 06:07:21.023,1,15.0,False,,False,True
0 days 01:04:11.121000,HAR,28,0 days 00:01:30.592000,35.0,3.0,,,0 days 00:00:30.168000,0 days 00:00:24.046000,0 days 00:00:36.378000,0 days 01:03:10.728000,0 days 01:03:34.774000,0 days 01:04:11.152000,268.0,285.0,272.0,271.0,False,ULTRASOFT,11.0,True,Toro Rosso,0 days 01:02:40.529000,2018-03-25 06:08:51.710,1,15.0,False,,False,True
0 days 01:05:41.555000,HAR,28,0 days 00:01:30.434000,36.0,3.0,,,0 days 00:00:30.021000,0 days 00:00:24.095000,0 days 00:00:36.318000,0 days 01:04:41.173000,0 days 01:05:05.268000,0 days 01:05:41.586000,269.0,282.0,273.0,269.0,False,ULTRASOFT,12.0,True,Toro Rosso,0 days 01:04:11.121000,2018-03-25 06:10:22.302,1,15.0,False,,False,True
0 days 01:07:11.844000,HAR,28,0 days 00:01:30.289000,37.0,3.0,,,0 days 00:00:29.982000,0 days 00:00:24.114000,0 days 00:00:36.193000,0 days 01:06:11.568000,0 days 01:06:35.682000,0 days 01:07:11.875000,272.0,283.0,271.0,272.0,False,ULTRASOFT,13.0,True,Toro Rosso,0 days 01:05:41.555000,2018-03-25 06:11:52.736,1,15.0,False,,False,True
0 days 01:08:41.932000,HAR,28,0 days 00:01:30.088000,38.0,3.0,,,0 days 00:00:30.041000,0 days 00:00:24.014000,0 days 00:00:36.033000,0 days 01:07:41.916000,0 days 01:08:05.930000,0 days 01:08:41.963000,267.0,284.0,274.0,270.0,False,ULTRASOFT,14.0,True,Toro Rosso,0 days 01:07:11.844000,2018-03-25 06:13:23.025,1,15.0,False,,False,True
0 days 01:10:11.608000,HAR,28,0 days 00:01:29.676000,39.0,3.0,,,0 days 00:00:29.704000,0 days 00:00:24.072000,0 days 00:00:35.900000,0 days 01:09:11.667000,0 days 01:09:35.739000,0 days 01:10:11.639000,263.0,283.0,273.0,275.0,False,ULTRASOFT,15.0,True,Toro Rosso,0 days 01:08:41.932000,2018-03-25 06:14:53.113,1,15.0,False,,False,True
0 days 01:11:41.618000,HAR,28,0 days 00:01:30.010000,40.0,3.0,,,0 days 00:00:29.948000,0 days 00:00:23.943000,0 days 00:00:36.119000,0 days 01:10:41.587000,0 days 01:11:05.530000,0 days 01:11:41.649000,268.0,283.0,271.0,273.0,False,ULTRASOFT,16.0,True,Toro Rosso,0 days 01:10:11.608000,2018-03-25 06:16:22.789,1,15.0,False,,False,True
0 days 01:13:11.546000,HAR,28,0 days 00:01:29.928000,41.0,3.0,,,0 days 00:00:29.997000,0 days 00:00:23.916000,0 days 00:00:36.015000,0 days 01:12:11.646000,0 days 01:12:35.562000,0 days 01:13:11.577000,,284.0,271.0,270.0,False,ULTRASOFT,17.0,True,Toro Rosso,0 days 01:11:41.618000,2018-03-25 06:17:52.799,1,15.0,False,,False,True
0 days 01:14:41.413000,HAR,28,0 days 00:01:29.867000,42.0,3.0,,,0 days 00:00:29.912000,0 days 00:00:23.991000,0 days 00:00:35.964000,0 days 01:13:41.489000,0 days 01:14:05.480000,0 days 01:14:41.444000,266.0,286.0,274.0,273.0,False,ULTRASOFT,18.0,True,Toro Rosso,0 days 01:13:11.546000,2018-03-25 06:19:22.727,1,15.0,False,,False,True
0 days 01:16:11.169000,HAR,28,0 days 00:01:29.756000,43.0,3.0,,,0 days 00:00:29.868000,0 days 00:00:23.947000,0 days 00:00:35.941000,0 days 01:15:11.312000,0 days 01:15:35.259000,0 days 01:16:11.200000,269.0,286.0,273.0,272.0,False,ULTRASOFT,19.0,True,Toro Rosso,0 days 01:14:41.413000,2018-03-25 06:20:52.594,1,15.0,False,,False,True
0 days 01:17:40.569000,HAR,28,0 days 00:01:29.400000,44.0,3.0,,,0 days 00:00:29.864000,0 days 00:00:23.763000,0 days 00:00:35.773000,0 days 01:16:41.064000,0 days 01:17:04.827000,0 days 01:17:40.600000,267.0,285.0,274.0,,True,ULTRASOFT,20.0,True,Toro Rosso,0 days 01:16:11.169000,2018-03-25 06:22:22.350,1,15.0,False,,False,True
0 days 01:19:09.916000,HAR,28,0 days 00:01:29.347000,45.0,3.0,,,0 days 00:00:29.688000,0 days 00:00:23.901000,0 days 00:00:35.758000,0 days 01:18:10.288000,0 days 01:18:34.189000,0 days 01:19:09.947000,270.0,285.0,273.0,,True,ULTRASOFT,21.0,True,Toro Rosso,0 days 01:17:40.569000,2018-03-25 06:23:51.750,1,15.0,False,,False,True
0 days 01:20:39.269000,HAR,28,0 days 00:01:29.353000,46.0,3.0,,,0 days 00:00:29.797000,0 days 00:00:23.831000,0 days 00:00:35.725000,0 days 01:19:39.744000,0 days 01:20:03.575000,0 days 01:20:39.300000,269.0,286.0,273.0,271.0,False,ULTRASOFT,22.0,True,Toro Rosso,0 days 01:19:09.916000,2018-03-25 06:25:21.097,1,15.0,False,,False,True
0 days 01:22:08.629000,HAR,28,0 days 00:01:29.360000,47.0,3.0,,,0 days 00:00:29.750000,0 days 00:00:23.838000,0 days 00:00:35.772000,0 days 01:21:09.050000,0 days 01:21:32.888000,0 days 01:22:08.660000,268.0,285.0,274.0,272.0,False,ULTRASOFT,23.0,True,Toro Rosso,0 days 01:20:39.269000,2018-03-25 06:26:50.450,1,15.0,False,,False,True
0 days 01:23:42.299000,HAR,28,0 days 00:01:33.670000,48.0,3.0,,,0 days 00:00:29.635000,0 days 00:00:23.845000,0 days 00:00:40.190000,0 days 01:22:38.295000,0 days 01:23:02.140000,0 days 01:23:42.330000,270.0,281.0,274.0,274.0,False,ULTRASOFT,24.0,True,Toro Rosso,0 days 01:22:08.629000,2018-03-25 06:28:19.810,1,15.0,False,,False,True
0 days 01:25:12.313000,HAR,28,0 days 00:01:30.014000,49.0,3.0,,,0 days 00:00:29.655000,0 days 00:00:23.868000,0 days 00:00:36.491000,0 days 01:24:11.985000,0 days 01:24:35.853000,0 days 01:25:12.344000,273.0,287.0,164.0,277.0,False,ULTRASOFT,25.0,True,Toro Rosso,0 days 01:23:42.299000,2018-03-25 06:29:53.480,1,15.0,False,,False,True
0 days 01:26:44.518000,HAR,28,0 days 00:01:32.205000,50.0,3.0,,,0 days 00:00:32.181000,0 days 00:00:24.108000,0 days 00:00:35.916000,0 days 01:25:44.525000,0 days 01:26:08.633000,0 days 01:26:44.549000,269.0,288.0,278.0,216.0,False,ULTRASOFT,26.0,True,Toro Rosso,0 days 01:25:12.313000,2018-03-25 06:31:23.494,1,15.0,False,,False,True
0 days 01:28:13.711000,HAR,28,0 days 00:01:29.193000,51.0,3.0,,,0 days 00:00:29.742000,0 days 00:00:23.866000,0 days 00:00:35.585000,0 days 01:27:14.291000,0 days 01:27:38.157000,0 days 01:28:13.742000,272.0,286.0,277.0,275.0,True,ULTRASOFT,27.0,True,Toro Rosso,0 days 01:26:44.518000,2018-03-25 06:32:55.699,1,15.0,False,,False,True
0 days 01:29:42.392000,HAR,28,0 days 00:01:28.681000,52.0,3.0,,,0 days 00:00:29.611000,0 days 00:00:23.707000,0 days 00:00:35.363000,0 days 01:28:43.353000,0 days 01:29:07.060000,0 days 01:29:42.423000,270.0,287.0,277.0,277.0,True,ULTRASOFT,28.0,True,Toro Rosso,0 days 01:28:13.711000,2018-03-25 06:34:24.892,1,15.0,False,,False,True
0 days 01:31:10.690000,HAR,28,0 days 00:01:28.298000,53.0,3.0,,,0 days 00:00:29.403000,0 days 00:00:23.714000,0 days 00:00:35.181000,0 days 01:30:11.826000,0 days 01:30:35.540000,0 days 01:31:10.721000,268.0,288.0,276.0,278.0,True,ULTRASOFT,29.0,True,Toro Rosso,0 days 01:29:42.392000,2018-03-25 06:35:53.573,1,15.0,False,,False,True
0 days 01:32:38.945000,HAR,28,0 days 00:01:28.255000,54.0,3.0,,,0 days 00:00:29.364000,0 days 00:00:23.587000,0 days 00:00:35.304000,0 days 01:31:40.085000,0 days 01:32:03.672000,0 days 01:32:38.976000,270.0,289.0,276.0,277.0,True,ULTRASOFT,30.0,True,Toro Rosso,0 days 01:31:10.690000,2018-03-25 06:37:21.871,1,15.0,False,,False,True
0 days 01:34:07.271000,HAR,28,0 days 00:01:28.326000,55.0,3.0,,,0 days 00:00:29.370000,0 days 00:00:23.644000,0 days 00:00:35.312000,0 days 01:33:08.346000,0 days 01:33:31.990000,0 days 01:34:07.302000,269.0,290.0,276.0,278.0,False,ULTRASOFT,31.0,True,Toro Rosso,0 days 01:32:38.945000,2018-03-25 06:38:50.126,1,15.0,False,,False,True
0 days 01:35:35.764000,HAR,28,0 days 00:01:28.493000,56.0,3.0,,,0 days 00:00:29.432000,0 days 00:00:23.637000,0 days 00:00:35.424000,0 days 01:34:36.734000,0 days 01:35:00.371000,0 days 01:35:35.795000,272.0,288.0,276.0,281.0,False,ULTRASOFT,32.0,True,Toro Rosso,0 days 01:34:07.271000,2018-03-25 06:40:18.452,1,15.0,False,,False,True
0 days 01:37:03.940000,HAR,28,0 days 00:01:28.176000,57.0,3.0,,,0 days 00:00:29.270000,0 days 00:00:23.657000,0 days 00:00:35.249000,0 days 01:36:05.065000,0 days 01:36:28.722000,0 days 01:37:03.971000,271.0,288.0,274.0,277.0,True,ULTRASOFT,33.0,True,Toro Rosso,0 days 01:35:35.764000,2018-03-25 06:41:46.945,1,15.0,False,,False,True
0 days 00:08:47.781000,RIC,3,0 days 00:01:39.600000,1.0,,,,,0 days 00:00:24.880000,0 days 00:00:36.745000,,0 days 00:08:11.262000,0 days 00:08:48.035000,273.0,295.0,287.0,245.0,False,nan,,True,Red Bull Racing,0 days 00:07:07.988000,2018-03-25 05:13:19.169,,8.0,False,,False,False
0 days 00:10:19.045000,RIC,3,0 days 00:01:31.264000,2.0,1.0,,,0 days 00:00:30.571000,0 days 00:00:24.323000,0 days 00:00:36.370000,0 days 00:09:18.343000,0 days 00:09:42.666000,0 days 00:10:19.036000,270.0,292.0,288.0,274.0,True,SUPERSOFT,4.0,False,Red Bull Racing,0 days 00:08:47.781000,2018-03-25 05:14:58.962,,8.0,False,,False,False
0 days 00:11:50.207000,RIC,3,0 days 00:01:31.162000,3.0,1.0,,,0 days 00:00:30.582000,0 days 00:00:24.249000,0 days 00:00:36.331000,0 days 00:10:49.618000,0 days 00:11:13.867000,0 days 00:11:50.198000,268.0,293.0,298.0,269.0,True,SUPERSOFT,5.0,False,Red Bull Racing,0 days 00:10:19.045000,2018-03-25 05:16:30.226,,8.0,False,,False,False
0 days 00:13:21.003000,RIC,3,0 days 00:01:30.796000,4.0,1.0,,,0 days 00:00:30.367000,0 days 00:00:24.318000,0 days 00:00:36.111000,0 days 00:12:20.565000,0 days 00:12:44.883000,0 days 00:13:20.994000,266.0,288.0,297.0,282.0,True,SUPERSOFT,6.0,False,Red Bull Racing,0 days 00:11:50.207000,2018-03-25 05:18:01.388,,8.0,False,,False,False
0 days 00:14:52.693000,RIC,3,0 days 00:01:31.690000,5.0,1.0,,,0 days 00:00:30.423000,0 days 00:00:24.115000,0 days 00:00:37.152000,0 days 00:13:51.417000,0 days 00:14:15.532000,0 days 00:14:52.684000,268.0,289.0,281.0,278.0,False,SUPERSOFT,7.0,False,Red Bull Racing,0 days 00:13:21.003000,2018-03-25 05:19:32.184,2,7.0,False,,False,True
0 days 00:16:23.411000,RIC,3,0 days 00:01:30.718000,6.0,1.0,,,0 days 00:00:30.286000,0 days 00:00:24.052000,0 days 00:00:36.380000,0 days 00:15:22.970000,0 days 00:15:47.022000,0 days 00:16:23.402000,267.0,286.0,284.0,269.0,True,SUPERSOFT,8.0,False,Red Bull Racing,0 days 00:14:52.693000,2018-03-25 05:21:03.874,21,7.0,False,,False,True
0 days 00:17:53.970000,RIC,3,0 days 00:01:30.559000,7.0,1.0,,,0 days 00:00:30.111000,0 days 00:00:24.036000,0 days 00:00:36.412000,0 days 00:16:53.513000,0 days 00:17:17.549000,0 days 00:17:53.961000,264.0,283.0,285.0,278.0,True,SUPERSOFT,9.0,False,Red Bull Racing,0 days 00:16:23.411000,2018-03-25 05:22:34.592,21,7.0,False,,False,True
0 days 00:19:23.891000,RIC,3,0 days 00:01:29.921000,8.0,1.0,,,0 days 00:00:30.091000,0 days 00:00:23.978000,0 days 00:00:35.852000,0 days 00:18:24.052000,0 days 00:18:48.030000,0 days 00:19:23.882000,265.0,286.0,287.0,277.0,True,SUPERSOFT,10.0,False,Red Bull Racing,0 days 00:17:53.970000,2018-03-25 05:24:05.151,1,7.0,False,,False,True
0 days 00:20:53.545000,RIC,3,0 days 00:01:29.654000,9.0,1.0,,,0 days 00:00:30.041000,0 days 00:00:23.943000,0 days 00:00:35.670000,0 days 00:19:53.923000,0 days 00:20:17.866000,0 days 00:20:53.536000,264.0,287.0,295.0,280.0,True,SUPERSOFT,11.0,False,Red Bull Racing,0 days 00:19:23.891000,2018-03-25 05:25:35.072,1,7.0,False,,False,True
0 days 00:22:24.810000,RIC,3,0 days 00:01:31.265000,10.0,1.0,,,0 days 00:00:31.355000,0 days 00:00:24.121000,0 days 00:00:35.789000,0 days 00:21:24.891000,0 days 00:21:49.012000,0 days 00:22:24.801000,268.0,292.0,295.0,292.0,False,SUPERSOFT,12.0,False,Red Bull Racing,0 days 00:20:53.545000,2018-03-25 05:27:04.726,12,6.0,False,,False,True
0 days 00:23:54.415000,RIC,3,0 days 00:01:29.605000,11.0,1.0,,,0 days 00:00:29.934000,0 days 00:00:24.068000,0 days 00:00:35.603000,0 days 00:22:54.735000,0 days 00:23:18.803000,0 days 00:23:54.406000,269.0,286.0,291.0,288.0,True,SUPERSOFT,13.0,False,Red Bull Racing,0 days 00:22:24.810000,2018-03-25 05:28:35.991,1,6.0,False,,False,True
0 days 00:25:24.328000,RIC,3,0 days 00:01:29.913000,12.0,1.0,,,0 days 00:00:29.973000,0 days 00:00:24.068000,0 days 00:00:35.872000,0 days 00:24:24.379000,0 days 00:24:48.447000,0 days 00:25:24.319000,267.0,288.0,293.0,287.0,False,SUPERSOFT,14.0,False,Red Bull Racing,0 days 00:23:54.415000,2018-03-25 05:30:05.596,1,6.0,False,,False,True
0 days 00:26:54.012000,RIC,3,0 days 00:01:29.684000,13.0,1.0,,,0 days 00:00:30.087000,0 days 00:00:23.938000,0 days 00:00:35.659000,0 days 00:25:54.406000,0 days 00:26:18.344000,0 days 00:26:54.003000,,287.0,293.0,290.0,False,SUPERSOFT,15.0,False,Red Bull Racing,0 days 00:25:24.328000,2018-03-25 05:31:35.509,1,6.0,False,,False,True
0 days 00:28:23.881000,RIC,3,0 days 00:01:29.869000,14.0,1.0,,,0 days 00:00:30.178000,0 days 00:00:24.011000,0 days 00:00:35.680000,0 days 00:27:24.181000,0 days 00:27:48.192000,0 days 00:28:23.872000,265.0,289.0,294.0,282.0,False,SUPERSOFT,16.0,False,Red Bull Racing,0 days 00:26:54.012000,2018-03-25 05:33:05.193,1,6.0,False,,False,True
0 days 00:29:54.191000,RIC,3,0 days 00:01:30.310000,15.0,1.0,,,0 days 00:00:30.268000,0 days 00:00:24.069000,0 days 00:00:35.973000,0 days 00:28:54.140000,0 days 00:29:18.209000,0 days 00:29:54.182000,264.0,289.0,294.0,286.0,False,SUPERSOFT,17.0,False,Red Bull Racing,0 days 00:28:23.881000,2018-03-25 05:34:35.062,1,6.0,False,,False,True
0 days 00:31:23.984000,RIC,3,0 days 00:01:29.793000,16.0,1.0,,,0 days 00:00:30.041000,0 days 00:00:23.863000,0 days 00:00:35.889000,0 days 00:30:24.223000,0 days 00:30:48.086000,0 days 00:31:23.975000,266.0,290.0,295.0,,False,SUPERSOFT,18.0,False,Red Bull Racing,0 days 00:29:54.191000,2018-03-25 05:36:05.372,1,6.0,False,,False,True
0 days 00:32:54.174000,RIC,3,0 days 00:01:30.190000,17.0,1.0,,,0 days 00:00:30.265000,0 days 00:00:23.943000,0 days 00:00:35.982000,0 days 00:31:54.240000,0 days 00:32:18.183000,0 days 00:32:54.165000,269.0,290.0,292.0,282.0,False,SUPERSOFT,19.0,False,Red Bull Racing,0 days 00:31:23.984000,2018-03-25 05:37:35.165,1,6.0,False,,False,True
0 days 00:34:24.172000,RIC,3,0 days 00:01:29.998000,18.0,1.0,,,0 days 00:00:30.011000,0 days 00:00:24.023000,0 days 00:00:35.964000,0 days 00:33:24.176000,0 days 00:33:48.199000,0 days 00:34:24.163000,270.0,292.0,295.0,288.0,False,SUPERSOFT,20.0,False,Red Bull Racing,0 days 00:32:54.174000,2018-03-25 05:39:05.355,1,6.0,False,,False,True
0 days 00:35:54.394000,RIC,3,0 days 00:01:30.222000,19.0,1.0,,,0 days 00:00:30.259000,0 days 00:00:23.980000,0 days 00:00:35.983000,0 days 00:34:54.422000,0 days 00:35:18.402000,0 days 00:35:54.385000,268.0,292.0,298.0,279.0,False,SUPERSOFT,21.0,False,Red Bull Racing,0 days 00:34:24.172000,2018-03-25 05:40:35.353,1,6.0,False,,False,True
0 days 00:37:24.425000,RIC,3,0 days 00:01:30.031000,20.0,1.0,,,0 days 00:00:30.322000,0 days 00:00:23.947000,0 days 00:00:35.762000,0 days 00:36:24.707000,0 days 00:36:48.654000,0 days 00:37:24.416000,267.0,293.0,296.0,287.0,False,SUPERSOFT,22.0,False,Red Bull Racing,0 days 00:35:54.394000,2018-03-25 05:42:05.575,1,6.0,False,,False,True
0 days 00:38:54.033000,RIC,3,0 days 00:01:29.608000,21.0,1.0,,,0 days 00:00:30.041000,0 days 00:00:23.768000,0 days 00:00:35.799000,0 days 00:37:54.457000,0 days 00:38:18.225000,0 days 00:38:54.024000,264.0,292.0,296.0,282.0,False,SUPERSOFT,23.0,False,Red Bull Racing,0 days 00:37:24.425000,2018-03-25 05:43:35.606,1,6.0,False,,False,True
0 days 00:40:23.686000,RIC,3,0 days 00:01:29.653000,22.0,1.0,,,0 days 00:00:30.092000,0 days 00:00:23.949000,0 days 00:00:35.612000,0 days 00:39:24.116000,0 days 00:39:48.065000,0 days 00:40:23.677000,267.0,290.0,296.0,286.0,False,SUPERSOFT,24.0,False,Red Bull Racing,0 days 00:38:54.033000,2018-03-25 05:45:05.214,1,5.0,False,,False,True
0 days 00:41:53.014000,RIC,3,0 days 00:01:29.328000,23.0,1.0,,,0 days 00:00:29.917000,0 days 00:00:23.923000,0 days 00:00:35.488000,0 days 00:40:53.594000,0 days 00:41:17.517000,0 days 00:41:53.005000,271.0,290.0,283.0,288.0,True,SUPERSOFT,25.0,False,Red Bull Racing,0 days 00:40:23.686000,2018-03-25 05:46:34.867,12,5.0,False,,False,True
0 days 00:43:22.315000,RIC,3,0 days 00:01:29.301000,24.0,1.0,,,0 days 00:00:30.015000,0 days 00:00:23.686000,0 days 00:00:35.600000,0 days 00:42:23.020000,0 days 00:42:46.706000,0 days 00:43:22.306000,269.0,294.0,289.0,282.0,True,SUPERSOFT,26.0,False,Red Bull Racing,0 days 00:41:53.014000,2018-03-25 05:48:04.195,21,4.0,False,,False,True
0 days 00:44:50.442000,RIC,3,0 days 00:01:28.127000,25.0,1.0,,,0 days 00:00:29.338000,0 days 00:00:23.642000,0 days 00:00:35.147000,0 days 00:43:51.644000,0 days 00:44:15.286000,0 days 00:44:50.433000,267.0,287.0,281.0,292.0,True,SUPERSOFT,27.0,False,Red Bull Racing,0 days 00:43:22.315000,2018-03-25 05:49:33.496,12,4.0,False,,False,True
0 days 00:47:07.615000,RIC,3,0 days 00:02:17.173000,26.0,1.0,,0 days 00:46:48.949000,0 days 00:00:43.039000,0 days 00:00:30.926000,0 days 00:01:03.208000,0 days 00:45:33.472000,0 days 00:46:04.398000,0 days 00:47:07.606000,242.0,209.0,,268.0,False,SUPERSOFT,28.0,False,Red Bull Racing,0 days 00:44:50.442000,2018-03-25 05:51:01.623,26,4.0,False,,False,False
0 days 00:49:17.175000,RIC,3,0 days 00:02:09.560000,27.0,2.0,0 days 00:47:10.403000,,0 days 00:00:46.099000,0 days 00:00:33.407000,0 days 00:00:50.054000,0 days 00:47:53.705000,0 days 00:48:27.112000,0 days 00:49:17.166000,199.0,151.0,166.0,207.0,False,SOFT,1.0,True,Red Bull Racing,0 days 00:47:07.615000,2018-03-25 05:53:18.796,64,4.0,False,,False,False
0 days 00:51:18.494000,RIC,3,0 days 00:02:01.319000,28.0,2.0,,,0 days 00:00:42.784000,0 days 00:00:30.625000,0 days 00:00:47.910000,0 days 00:49:59.950000,0 days 00:50:30.575000,0 days 00:51:18.485000,258.0,267.0,255.0,231.0,False,SOFT,2.0,True,Red Bull Racing,0 days 00:49:17.175000,2018-03-25 05:55:28.356,4,4.0,False,,False,False
0 days 00:53:15.126000,RIC,3,0 days 00:01:56.632000,29.0,2.0,,,0 days 00:00:40.050000,0 days 00:00:33.423000,0 days 00:00:43.159000,0 days 00:51:58.535000,0 days 00:52:31.958000,0 days 00:53:15.117000,160.0,180.0,217.0,214.0,False,SOFT,3.0,True,Red Bull Racing,0 days 00:51:18.494000,2018-03-25 05:57:29.675,4,4.0,False,,False,False
0 days 00:55:14.701000,RIC,3,0 days 00:01:59.575000,30.0,2.0,,,0 days 00:00:33.818000,0 days 00:00:30.738000,0 days 00:00:55.019000,0 days 00:53:48.935000,0 days 00:54:19.673000,0 days 00:55:14.692000,268.0,226.0,236.0,265.0,False,SOFT,4.0,True,Red Bull Racing,0 days 00:53:15.126000,2018-03-25 05:59:26.307,4,4.0,False,,False,False
0 days 00:57:31.596000,RIC,3,0 days 00:02:16.895000,31.0,2.0,,,0 days 00:00:46.264000,0 days 00:00:35.328000,0 days 00:00:55.303000,0 days 00:56:00.956000,0 days 00:56:36.284000,0 days 00:57:31.587000,118.0,165.0,287.0,120.0,False,SOFT,5.0,True,Red Bull Racing,0 days 00:55:14.701000,2018-03-25 06:01:25.882,41,4.0,False,,False,False
0 days 00:59:00.505000,RIC,3,0 days 00:01:28.909000,32.0,2.0,,,0 days 00:00:30.105000,0 days 00:00:23.683000,0 days 00:00:35.121000,0 days 00:58:01.692000,0 days 00:58:25.375000,0 days 00:59:00.496000,271.0,295.0,285.0,297.0,False,SOFT,6.0,True,Red Bull Racing,0 days 00:57:31.596000,2018-03-25 06:03:42.777,1,4.0,False,,False,True
0 days 01:00:28.489000,RIC,3,0 days 00:01:27.984000,33.0,2.0,,,0 days 00:00:29.511000,0 days 00:00:23.520000,0 days 00:00:34.953000,0 days 00:59:30.007000,0 days 00:59:53.527000,0 days 01:00:28.480000,273.0,291.0,286.0,287.0,True,SOFT,7.0,True,Red Bull Racing,0 days 00:59:00.505000,2018-03-25 06:05:11.686,1,4.0,False,,False,True
0 days 01:01:56.348000,RIC,3,0 days 00:01:27.859000,34.0,2.0,,,0 days 00:00:29.511000,0 days 00:00:23.457000,0 days 00:00:34.891000,,0 days 01:01:21.448000,0 days 01:01:56.339000,,291.0,297.0,288.0,True,SOFT,8.0,True,Red Bull Racing,0 days 01:00:28.489000,2018-03-25 06:06:39.670,1,4.0,False,,False,True
0 days 01:03:24.255000,RIC,3,0 days 00:01:27.907000,35.0,2.0,,,0 days 00:00:29.651000,0 days 00:00:23.430000,0 days 00:00:34.826000,0 days 01:02:25.990000,0 days 01:02:49.420000,0 days 01:03:24.246000,270.0,291.0,295.0,305.0,False,SOFT,9.0,True,Red Bull Racing,0 days 01:01:56.348000,2018-03-25 06:08:07.529,1,4.0,False,,False,True
0 days 01:04:51.667000,RIC,3,0 days 00:01:27.412000,36.0,2.0,,,0 days 00:00:29.172000,0 days 00:00:23.431000,0 days 00:00:34.809000,0 days 01:03:53.418000,0 days 01:04:16.849000,0 days 01:04:51.658000,277.0,295.0,294.0,302.0,True,SOFT,10.0,True,Red Bull Racing,0 days 01:03:24.255000,2018-03-25 06:09:35.436,1,4.0,False,,False,True
0 days 01:06:19.111000,RIC,3,0 days 00:01:27.444000,37.0,2.0,,,0 days 00:00:29.304000,0 days 00:00:23.395000,0 days 00:00:34.745000,0 days 01:05:20.962000,0 days 01:05:44.357000,0 days 01:06:19.102000,275.0,295.0,295.0,,False,SOFT,11.0,True,Red Bull Racing,0 days 01:04:51.667000,2018-03-25 06:11:02.848,1,4.0,False,,False,True
0 days 01:07:46.979000,RIC,3,0 days 00:01:27.868000,38.0,2.0,,,0 days 00:00:29.571000,0 days 00:00:23.418000,0 days 00:00:34.879000,0 days 01:06:48.673000,0 days 01:07:12.091000,0 days 01:07:46.970000,276.0,293.0,291.0,301.0,False,SOFT,12.0,True,Red Bull Racing,0 days 01:06:19.111000,2018-03-25 06:12:30.292,1,4.0,False,,False,True
0 days 01:09:14.513000,RIC,3,0 days 00:01:27.534000,39.0,2.0,,,0 days 00:00:29.327000,0 days 00:00:23.468000,0 days 00:00:34.739000,0 days 01:08:16.297000,0 days 01:08:39.765000,0 days 01:09:14.504000,,293.0,293.0,294.0,False,SOFT,13.0,True,Red Bull Racing,0 days 01:07:46.979000,2018-03-25 06:13:58.160,1,4.0,False,,False,True
0 days 01:10:41.717000,RIC,3,0 days 00:01:27.204000,40.0,2.0,,,0 days 00:00:29.130000,0 days 00:00:23.397000,0 days 00:00:34.677000,0 days 01:09:43.634000,0 days 01:10:07.031000,0 days 01:10:41.708000,273.0,290.0,285.0,301.0,True,SOFT,14.0,True,Red Bull Racing,0 days 01:09:14.513000,2018-03-25 06:15:25.694,1,4.0,False,,False,True
0 days 01:12:08.827000,RIC,3,0 days 00:01:27.110000,41.0,2.0,,,0 days 00:00:29.135000,0 days 00:00:23.399000,0 days 00:00:34.576000,0 days 01:11:10.843000,0 days 01:11:34.242000,0 days 01:12:08.818000,277.0,290.0,287.0,288.0,True,SOFT,15.0,True,Red Bull Racing,0 days 01:10:41.717000,2018-03-25 06:16:52.898,1,4.0,False,,False,True
0 days 01:13:35.699000,RIC,3,0 days 00:01:26.872000,42.0,2.0,,,0 days 00:00:29.122000,0 days 00:00:23.275000,0 days 00:00:34.475000,0 days 01:12:37.940000,0 days 01:13:01.215000,0 days 01:13:35.690000,,294.0,296.0,290.0,True,SOFT,16.0,True,Red Bull Racing,0 days 01:12:08.827000,2018-03-25 06:18:20.008,1,4.0,False,,False,True
0 days 01:15:03.177000,RIC,3,0 days 00:01:27.478000,43.0,2.0,,,0 days 00:00:29.155000,0 days 00:00:23.625000,0 days 00:00:34.698000,0 days 01:14:04.845000,0 days 01:14:28.470000,0 days 01:15:03.168000,276.0,294.0,287.0,300.0,False,SOFT,17.0,True,Red Bull Racing,0 days 01:13:35.699000,2018-03-25 06:19:46.880,1,4.0,False,,False,True
0 days 01:16:30.362000,RIC,3,0 days 00:01:27.185000,44.0,2.0,,,0 days 00:00:29.296000,0 days 00:00:23.312000,0 days 00:00:34.577000,0 days 01:15:32.464000,0 days 01:15:55.776000,0 days 01:16:30.353000,,293.0,286.0,287.0,False,SOFT,18.0,True,Red Bull Racing,0 days 01:15:03.177000,2018-03-25 06:21:14.358,1,4.0,False,,False,True
0 days 01:17:57.528000,RIC,3,0 days 00:01:27.166000,45.0,2.0,,,0 days 00:00:29.159000,0 days 00:00:23.247000,0 days 00:00:34.760000,0 days 01:16:59.512000,0 days 01:17:22.759000,0 days 01:17:57.519000,275.0,293.0,287.0,,False,SOFT,19.0,True,Red Bull Racing,0 days 01:16:30.362000,2018-03-25 06:22:41.543,1,4.0,False,,False,True
0 days 01:19:24.844000,RIC,3,0 days 00:01:27.316000,46.0,2.0,,,0 days 00:00:29.197000,0 days 00:00:23.393000,0 days 00:00:34.726000,0 days 01:18:26.716000,0 days 01:18:50.109000,0 days 01:19:24.835000,276.0,294.0,286.0,286.0,False,SOFT,20.0,True,Red Bull Racing,0 days 01:17:57.528000,2018-03-25 06:24:08.709,1,4.0,False,,False,True
0 days 01:20:52.236000,RIC,3,0 days 00:01:27.392000,47.0,2.0,,,0 days 00:00:29.094000,0 days 00:00:23.470000,0 days 00:00:34.828000,0 days 01:19:53.929000,0 days 01:20:17.399000,0 days 01:20:52.227000,277.0,295.0,288.0,288.0,False,SOFT,21.0,True,Red Bull Racing,0 days 01:19:24.844000,2018-03-25 06:25:36.025,1,4.0,False,,False,True
0 days 01:22:19.330000,RIC,3,0 days 00:01:27.094000,48.0,2.0,,,0 days 00:00:29.080000,0 days 00:00:23.285000,0 days 00:00:34.729000,0 days 01:21:21.307000,0 days 01:21:44.592000,0 days 01:22:19.321000,276.0,294.0,288.0,289.0,False,SOFT,22.0,True,Red Bull Racing,0 days 01:20:52.236000,2018-03-25 06:27:03.417,1,4.0,False,,False,True
0 days 01:23:46.857000,RIC,3,0 days 00:01:27.527000,49.0,2.0,,,0 days 00:00:29.069000,0 days 00:00:23.516000,0 days 00:00:34.942000,0 days 01:22:48.390000,0 days 01:23:11.906000,0 days 01:23:46.848000,277.0,291.0,285.0,292.0,False,SOFT,23.0,True,Red Bull Racing,0 days 01:22:19.330000,2018-03-25 06:28:30.511,1,4.0,False,,False,True
0 days 01:25:13.582000,RIC,3,0 days 00:01:26.725000,50.0,2.0,,,0 days 00:00:28.904000,0 days 00:00:23.306000,0 days 00:00:34.515000,0 days 01:24:15.752000,0 days 01:24:39.058000,0 days 01:25:13.573000,278.0,293.0,288.0,289.0,True,SOFT,24.0,True,Red Bull Racing,0 days 01:23:46.857000,2018-03-25 06:29:58.038,1,4.0,False,,False,True
0 days 01:26:41.188000,RIC,3,0 days 00:01:27.606000,51.0,2.0,,,0 days 00:00:29.040000,0 days 00:00:23.594000,0 days 00:00:34.972000,0 days 01:25:42.613000,0 days 01:26:06.207000,0 days 01:26:41.179000,276.0,293.0,286.0,290.0,False,SOFT,25.0,True,Red Bull Racing,0 days 01:25:13.582000,2018-03-25 06:31:24.763,1,4.0,False,,False,True
0 days 01:28:09.092000,RIC,3,0 days 00:01:27.904000,52.0,2.0,,,0 days 00:00:29.415000,0 days 00:00:23.497000,0 days 00:00:34.992000,0 days 01:27:10.594000,0 days 01:27:34.091000,0 days 01:28:09.083000,274.0,293.0,286.0,287.0,False,SOFT,26.0,True,Red Bull Racing,0 days 01:26:41.188000,2018-03-25 06:32:52.369,1,4.0,False,,False,True
0 days 01:29:36.447000,RIC,3,0 days 00:01:27.355000,53.0,2.0,,,0 days 00:00:29.127000,0 days 00:00:23.453000,0 days 00:00:34.775000,0 days 01:28:38.210000,0 days 01:29:01.663000,0 days 01:29:36.438000,272.0,294.0,286.0,289.0,False,SOFT,27.0,True,Red Bull Racing,0 days 01:28:09.092000,2018-03-25 06:34:20.273,1,4.0,False,,False,True
0 days 01:31:02.392000,RIC,3,0 days 00:01:25.945000,54.0,2.0,,,0 days 00:00:28.732000,0 days 00:00:23.124000,0 days 00:00:34.089000,0 days 01:30:05.170000,0 days 01:30:28.294000,0 days 01:31:02.383000,276.0,294.0,286.0,287.0,True,SOFT,28.0,True,Red Bull Racing,0 days 01:29:36.447000,2018-03-25 06:35:47.628,1,4.0,False,,False,True
0 days 01:32:28.557000,RIC,3,0 days 00:01:26.165000,55.0,2.0,,,0 days 00:00:28.885000,0 days 00:00:23.044000,0 days 00:00:34.236000,0 days 01:31:31.268000,0 days 01:31:54.312000,0 days 01:32:28.548000,278.0,295.0,287.0,290.0,False,SOFT,29.0,True,Red Bull Racing,0 days 01:31:02.392000,2018-03-25 06:37:13.573,1,4.0,False,,False,True
0 days 01:33:54.986000,RIC,3,0 days 00:01:26.429000,56.0,2.0,,,0 days 00:00:28.821000,0 days 00:00:23.120000,0 days 00:00:34.488000,0 days 01:32:57.369000,0 days 01:33:20.489000,0 days 01:33:54.977000,,301.0,297.0,,False,SOFT,30.0,True,Red Bull Racing,0 days 01:32:28.557000,2018-03-25 06:38:39.738,1,4.0,False,,False,True
0 days 01:35:21.334000,RIC,3,0 days 00:01:26.348000,57.0,2.0,,,0 days 00:00:28.651000,0 days 00:00:23.278000,0 days 00:00:34.419000,0 days 01:34:23.628000,0 days 01:34:46.906000,0 days 01:35:21.325000,280.0,296.0,290.0,306.0,False,SOFT,31.0,True,Red Bull Racing,0 days 01:33:54.986000,2018-03-25 06:40:06.167,1,4.0,False,,False,True
0 days 01:36:48.533000,RIC,3,0 days 00:01:27.199000,58.0,2.0,,,0 days 00:00:29.060000,0 days 00:00:23.366000,0 days 00:00:34.773000,0 days 01:35:50.385000,0 days 01:36:13.751000,0 days 01:36:48.524000,277.0,302.0,292.0,303.0,False,SOFT,32.0,True,Red Bull Racing,0 days 01:35:21.334000,2018-03-25 06:41:32.515,1,4.0,False,,False,True
0 days 00:08:51.087000,OCO,31,0 days 00:01:42.906000,1.0,,,,,0 days 00:00:25.175000,0 days 00:00:37.589000,,0 days 00:08:13.976000,0 days 00:08:51.727000,270.0,291.0,288.0,221.0,False,nan,,True,Force India,0 days 00:07:07.988000,2018-03-25 05:13:19.169,,13.0,False,,False,False
0 days 00:10:24.042000,OCO,31,0 days 00:01:32.955000,2.0,1.0,,,0 days 00:00:31.293000,0 days 00:00:24.552000,0 days 00:00:37.110000,0 days 00:09:22.365000,0 days 00:09:46.917000,0 days 00:10:24.027000,269.0,296.0,288.0,272.0,True,ULTRASOFT,1.0,True,Force India,0 days 00:08:51.087000,2018-03-25 05:15:02.268,,13.0,False,,False,False
0 days 00:11:56.623000,OCO,31,0 days 00:01:32.581000,3.0,1.0,,,0 days 00:00:31.034000,0 days 00:00:24.662000,0 days 00:00:36.885000,0 days 00:10:55.061000,0 days 00:11:19.723000,0 days 00:11:56.608000,265.0,289.0,286.0,293.0,True,ULTRASOFT,2.0,True,Force India,0 days 00:10:24.042000,2018-03-25 05:16:35.223,,13.0,False,,False,False
0 days 00:13:28.535000,OCO,31,0 days 00:01:31.912000,4.0,1.0,,,0 days 00:00:30.637000,0 days 00:00:24.556000,0 days 00:00:36.719000,0 days 00:12:27.245000,0 days 00:12:51.801000,0 days 00:13:28.520000,266.0,293.0,285.0,296.0,True,ULTRASOFT,3.0,True,Force India,0 days 00:11:56.623000,2018-03-25 05:18:07.804,,13.0,False,,False,False
0 days 00:14:59.872000,OCO,31,0 days 00:01:31.337000,5.0,1.0,,,0 days 00:00:30.427000,0 days 00:00:24.420000,0 days 00:00:36.490000,0 days 00:13:58.947000,0 days 00:14:23.367000,0 days 00:14:59.857000,269.0,293.0,284.0,298.0,True,ULTRASOFT,4.0,True,Force India,0 days 00:13:28.535000,2018-03-25 05:19:39.716,21,13.0,False,,False,True
0 days 00:16:31.778000,OCO,31,0 days 00:01:31.906000,6.0,1.0,,,0 days 00:00:30.627000,0 days 00:00:24.325000,0 days 00:00:36.954000,0 days 00:15:30.484000,0 days 00:15:54.809000,0 days 00:16:31.763000,270.0,292.0,285.0,291.0,False,ULTRASOFT,5.0,True,Force India,0 days 00:14:59.872000,2018-03-25 05:21:11.053,2,13.0,False,,False,True
0 days 00:18:03.337000,OCO,31,0 days 00:01:31.559000,7.0,1.0,,,0 days 00:00:30.508000,0 days 00:00:24.399000,0 days 00:00:36.652000,0 days 00:17:02.271000,0 days 00:17:26.670000,0 days 00:18:03.322000,271.0,290.0,286.0,294.0,False,ULTRASOFT,6.0,True,Force India,0 days 00:16:31.778000,2018-03-25 05:22:42.959,21,13.0,False,,False,True
0 days 00:19:34.893000,OCO,31,0 days 00:01:31.556000,8.0,1.0,,,0 days 00:00:30.600000,0 days 00:00:24.414000,0 days 00:00:36.542000,0 days 00:18:33.922000,0 days 00:18:58.336000,0 days 00:19:34.878000,272.0,290.0,285.0,293.0,False,ULTRASOFT,7.0,True,Force India,0 days 00:18:03.337000,2018-03-25 05:24:14.518,1,13.0,False,,False,True
0 days 00:21:07.476000,OCO,31,0 days 00:01:32.583000,9.0,1.0,,,0 days 00:00:31.194000,0 days 00:00:24.648000,0 days 00:00:36.741000,0 days 00:20:06.072000,0 days 00:20:30.720000,0 days 00:21:07.461000,271.0,291.0,285.0,299.0,False,ULTRASOFT,8.0,True,Force India,0 days 00:19:34.893000,2018-03-25 05:25:46.074,12,14.0,False,,False,True
0 days 00:22:38.922000,OCO,31,0 days 00:01:31.446000,10.0,1.0,,,0 days 00:00:30.571000,0 days 00:00:24.416000,0 days 00:00:36.459000,0 days 00:21:38.032000,0 days 00:22:02.448000,0 days 00:22:38.907000,268.0,288.0,285.0,292.0,False,ULTRASOFT,9.0,True,Force India,0 days 00:21:07.476000,2018-03-25 05:27:18.657,1,14.0,False,,False,True
0 days 00:24:09.890000,OCO,31,0 days 00:01:30.968000,11.0,1.0,,,0 days 00:00:30.290000,0 days 00:00:24.278000,0 days 00:00:36.400000,0 days 00:23:09.197000,0 days 00:23:33.475000,0 days 00:24:09.875000,272.0,289.0,284.0,293.0,True,ULTRASOFT,10.0,True,Force India,0 days 00:22:38.922000,2018-03-25 05:28:50.103,1,14.0,False,,False,True
0 days 00:25:40.537000,OCO,31,0 days 00:01:30.647000,12.0,1.0,,,0 days 00:00:30.137000,0 days 00:00:24.218000,0 days 00:00:36.292000,0 days 00:24:40.012000,0 days 00:25:04.230000,0 days 00:25:40.522000,,290.0,284.0,299.0,True,ULTRASOFT,11.0,True,Force India,0 days 00:24:09.890000,2018-03-25 05:30:21.071,1,14.0,False,,False,True
0 days 00:27:11.124000,OCO,31,0 days 00:01:30.587000,13.0,1.0,,,0 days 00:00:30.153000,0 days 00:00:24.121000,0 days 00:00:36.313000,0 days 00:26:10.675000,0 days 00:26:34.796000,0 days 00:27:11.109000,273.0,290.0,284.0,298.0,True,ULTRASOFT,12.0,True,Force India,0 days 00:25:40.537000,2018-03-25 05:31:51.718,1,14.0,False,,False,True
0 days 00:28:41.644000,OCO,31,0 days 00:01:30.520000,14.0,1.0,,,0 days 00:00:30.258000,0 days 00:00:24.143000,0 days 00:00:36.119000,0 days 00:27:41.367000,0 days 00:28:05.510000,0 days 00:28:41.629000,272.0,291.0,285.0,297.0,True,ULTRASOFT,13.0,True,Force India,0 days 00:27:11.124000,2018-03-25 05:33:22.305,1,14.0,False,,False,True
0 days 00:30:12.270000,OCO,31,0 days 00:01:30.626000,15.0,1.0,,,0 days 00:00:30.217000,0 days 00:00:24.220000,0 days 00:00:36.189000,0 days 00:29:11.846000,0 days 00:29:36.066000,0 days 00:30:12.255000,271.0,290.0,284.0,,False,ULTRASOFT,14.0,True,Force India,0 days 00:28:41.644000,2018-03-25 05:34:52.825,1,14.0,False,,False,True
0 days 00:31:42.990000,OCO,31,0 days 00:01:30.720000,16.0,1.0,,,0 days 00:00:30.394000,0 days 00:00:24.165000,0 days 00:00:36.161000,0 days 00:30:42.649000,0 days 00:31:06.814000,0 days 00:31:42.975000,,290.0,284.0,298.0,False,ULTRASOFT,15.0,True,Force India,0 days 00:30:12.270000,2018-03-25 05:36:23.451,1,14.0,False,,False,True
0 days 00:33:13.609000,OCO,31,0 days 00:01:30.619000,17.0,1.0,,,0 days 00:00:30.303000,0 days 00:00:24.233000,0 days 00:00:36.083000,0 days 00:32:13.278000,0 days 00:32:37.511000,0 days 00:33:13.594000,269.0,291.0,284.0,,False,ULTRASOFT,16.0,True,Force India,0 days 00:31:42.990000,2018-03-25 05:37:54.171,1,14.0,False,,False,True
0 days 00:34:44.213000,OCO,31,0 days 00:01:30.604000,18.0,1.0,,,0 days 00:00:30.279000,0 days 00:00:24.228000,0 days 00:00:36.097000,0 days 00:33:43.873000,0 days 00:34:08.101000,0 days 00:34:44.198000,274.0,289.0,284.0,,False,ULTRASOFT,17.0,True,Force India,0 days 00:33:13.609000,2018-03-25 05:39:24.790,1,14.0,False,,False,True
0 days 00:36:14.764000,OCO,31,0 days 00:01:30.551000,19.0,1.0,,,0 days 00:00:30.210000,0 days 00:00:24.103000,0 days 00:00:36.238000,0 days 00:35:14.408000,0 days 00:35:38.511000,0 days 00:36:14.749000,270.0,291.0,285.0,300.0,False,ULTRASOFT,18.0,True,Force India,0 days 00:34:44.213000,2018-03-25 05:40:55.394,1,14.0,False,,False,True
0 days 00:37:44.995000,OCO,31,0 days 00:01:30.231000,20.0,1.0,,,0 days 00:00:30.005000,0 days 00:00:24.021000,0 days 00:00:36.205000,0 days 00:36:44.754000,0 days 00:37:08.775000,0 days 00:37:44.980000,271.0,295.0,284.0,298.0,True,ULTRASOFT,19.0,True,Force India,0 days 00:36:14.764000,2018-03-25 05:42:25.945,1,14.0,False,,False,True
0 days 00:39:15.160000,OCO,31,0 days 00:01:30.165000,21.0,1.0,,,0 days 00:00:30.138000,0 days 00:00:24.038000,0 days 00:00:35.989000,0 days 00:38:15.118000,0 days 00:38:39.156000,0 days 00:39:15.145000,272.0,292.0,285.0,,True,ULTRASOFT,20.0,True,Force India,0 days 00:37:44.995000,2018-03-25 05:43:56.176,1,14.0,False,,False,True
0 days 00:40:45.869000,OCO,31,0 days 00:01:30.709000,22.0,1.0,,,0 days 00:00:30.048000,0 days 00:00:24.364000,0 days 00:00:36.297000,0 days 00:39:45.193000,0 days 00:40:09.557000,0 days 00:40:45.854000,268.0,291.0,284.0,299.0,False,ULTRASOFT,21.0,True,Force India,0 days 00:39:15.160000,2018-03-25 05:45:26.341,1,12.0,False,,False,True
0 days 00:42:33.718000,OCO,31,0 days 00:01:47.849000,23.0,1.0,,0 days 00:42:15.180000,0 days 00:00:30.072000,0 days 00:00:24.114000,0 days 00:00:53.663000,0 days 00:41:15.926000,0 days 00:41:40.040000,0 days 00:42:33.703000,272.0,292.0,,298.0,False,ULTRASOFT,22.0,True,Force India,0 days 00:40:45.869000,2018-03-25 05:46:57.050,12,14.0,False,,False,False
0 days 00:44:07.944000,OCO,31,0 days 00:01:34.226000,24.0,2.0,0 days 00:42:36.511000,,0 days 00:00:35.495000,0 days 00:00:23.723000,0 days 00:00:35.008000,0 days 00:43:09.198000,0 days 00:43:32.921000,0 days 00:44:07.929000,271.0,295.0,283.0,228.0,False,SOFT,1.0,True,Force India,0 days 00:42:33.718000,2018-03-25 05:48:44.899,21,14.0,False,,False,False
0 days 00:45:53.845000,OCO,31,0 days 00:01:45.901000,25.0,2.0,,,0 days 00:00:30.016000,0 days 00:00:23.743000,0 days 00:00:52.142000,0 days 00:44:37.945000,0 days 00:45:01.688000,0 days 00:45:53.830000,,295.0,201.0,295.0,False,SOFT,2.0,True,Force India,0 days 00:44:07.944000,2018-03-25 05:50:19.125,26,12.0,False,,False,False
0 days 00:47:58.030000,OCO,31,0 days 00:02:04.185000,26.0,2.0,,,0 days 00:00:41.730000,0 days 00:00:32.072000,0 days 00:00:50.383000,0 days 00:46:35.560000,0 days 00:47:07.632000,0 days 00:47:58.015000,236.0,241.0,205.0,248.0,False,SOFT,3.0,True,Force India,0 days 00:45:53.845000,2018-03-25 05:52:05.026,6,12.0,False,,False,False
0 days 00:50:02.544000,OCO,31,0 days 00:02:04.514000,27.0,2.0,,,0 days 00:00:42.629000,0 days 00:00:32.807000,0 days 00:00:49.078000,0 days 00:48:40.644000,0 days 00:49:13.451000,0 days 00:50:02.529000,168.0,160.0,189.0,239.0,False,SOFT,4.0,True,Force India,0 days 00:47:58.030000,2018-03-25 05:54:09.211,64,12.0,False,,False,False
0 days 00:52:04.230000,OCO,31,0 days 00:02:01.686000,28.0,2.0,,,0 days 00:00:42.298000,0 days 00:00:31.627000,0 days 00:00:47.761000,0 days 00:50:44.827000,0 days 00:51:16.454000,0 days 00:52:04.215000,171.0,220.0,267.0,230.0,False,SOFT,5.0,True,Force India,0 days 00:50:02.544000,2018-03-25 05:56:13.725,4,12.0,False,,False,False
0 days 00:53:40.090000,OCO,31,0 days 00:01:35.860000,29.0,2.0,,,0 days 00:00:32.229000,0 days 00:00:25.516000,0 days 00:00:38.115000,0 days 00:52:36.444000,0 days 00:53:01.960000,0 days 00:53:40.075000,265.0,282.0,269.0,264.0,False,SOFT,6.0,True,Force India,0 days 00:52:04.230000,2018-03-25 05:58:15.411,4,12.0,False,,False,False
0 days 00:55:30.813000,OCO,31,0 days 00:01:50.723000,30.0,2.0,,,0 days 00:00:31.417000,0 days 00:00:28.624000,0 days 00:00:50.682000,0 days 00:54:11.492000,0 days 00:54:40.116000,0 days 00:55:30.798000,266.0,287.0,108.0,283.0,False,SOFT,7.0,True,Force India,0 days 00:53:40.090000,2018-03-25 05:59:51.271,4,12.0,False,,False,False
0 days 00:57:34.743000,OCO,31,0 days 00:02:03.930000,31.0,2.0,,,0 days 00:00:41.665000,0 days 00:00:34.734000,0 days 00:00:47.531000,0 days 00:56:12.463000,0 days 00:56:47.197000,0 days 00:57:34.728000,125.0,181.0,289.0,246.0,False,SOFT,8.0,True,Force India,0 days 00:55:30.813000,2018-03-25 06:01:41.994,41,12.0,False,,False,False
0 days 00:59:07.191000,OCO,31,0 days 00:01:32.448000,32.0,2.0,,,0 days 00:00:31.426000,0 days 00:00:24.462000,0 days 00:00:36.560000,0 days 00:58:06.154000,0 days 00:58:30.616000,0 days 00:59:07.176000,268.0,304.0,288.0,279.0,False,SOFT,9.0,True,Force India,0 days 00:57:34.743000,2018-03-25 06:03:45.924,1,12.0,False,,False,True
0 days 01:00:37.709000,OCO,31,0 days 00:01:30.518000,33.0,2.0,,,0 days 00:00:30.376000,0 days 00:00:24.157000,0 days 00:00:35.985000,0 days 00:59:37.552000,0 days 01:00:01.709000,0 days 01:00:37.694000,272.0,300.0,287.0,296.0,False,SOFT,10.0,True,Force India,0 days 00:59:07.191000,2018-03-25 06:05:18.372,1,12.0,False,,False,True
0 days 01:02:08.007000,OCO,31,0 days 00:01:30.298000,34.0,2.0,,,0 days 00:00:30.240000,0 days 00:00:23.995000,0 days 00:00:36.063000,0 days 01:01:07.934000,0 days 01:01:31.929000,0 days 01:02:07.992000,276.0,300.0,297.0,302.0,False,SOFT,11.0,True,Force India,0 days 01:00:37.709000,2018-03-25 06:06:48.890,1,12.0,False,,False,True
0 days 01:03:38.039000,OCO,31,0 days 00:01:30.032000,35.0,2.0,,,0 days 00:00:30.028000,0 days 00:00:24.110000,0 days 00:00:35.894000,0 days 01:02:38.020000,0 days 01:03:02.130000,0 days 01:03:38.024000,272.0,298.0,287.0,306.0,True,SOFT,12.0,True,Force India,0 days 01:02:08.007000,2018-03-25 06:08:19.188,1,12.0,False,,False,True
0 days 01:05:07.426000,OCO,31,0 days 00:01:29.387000,36.0,2.0,,,0 days 00:00:29.883000,0 days 00:00:23.982000,0 days 00:00:35.522000,0 days 01:04:07.907000,0 days 01:04:31.889000,0 days 01:05:07.411000,275.0,297.0,285.0,300.0,True,SOFT,13.0,True,Force India,0 days 01:03:38.039000,2018-03-25 06:09:49.220,1,12.0,False,,False,True
0 days 01:06:36.624000,OCO,31,0 days 00:01:29.198000,37.0,2.0,,,0 days 00:00:29.759000,0 days 00:00:23.908000,0 days 00:00:35.531000,0 days 01:05:37.170000,0 days 01:06:01.078000,0 days 01:06:36.609000,277.0,296.0,285.0,299.0,True,SOFT,14.0,True,Force India,0 days 01:05:07.426000,2018-03-25 06:11:18.607,1,12.0,False,,False,True
0 days 01:08:05.371000,OCO,31,0 days 00:01:28.747000,38.0,2.0,,,0 days 00:00:29.597000,0 days 00:00:23.690000,0 days 00:00:35.460000,0 days 01:07:06.206000,0 days 01:07:29.896000,0 days 01:08:05.356000,274.0,298.0,286.0,300.0,True,SOFT,15.0,True,Force India,0 days 01:06:36.624000,2018-03-25 06:12:47.805,1,12.0,False,,False,True
0 days 01:09:34.219000,OCO,31,0 days 00:01:28.848000,39.0,2.0,,,0 days 00:00:29.773000,0 days 00:00:23.775000,0 days 00:00:35.300000,0 days 01:08:35.129000,0 days 01:08:58.904000,0 days 01:09:34.204000,276.0,296.0,285.0,302.0,False,SOFT,16.0,True,Force India,0 days 01:08:05.371000,2018-03-25 06:14:16.552,1,12.0,False,,False,True
0 days 01:11:02.819000,OCO,31,0 days 00:01:28.600000,40.0,2.0,,,0 days 00:00:29.616000,0 days 00:00:23.737000,0 days 00:00:35.247000,0 days 01:10:03.820000,0 days 01:10:27.557000,0 days 01:11:02.804000,273.0,294.0,284.0,300.0,True,SOFT,17.0,True,Force India,0 days 01:09:34.219000,2018-03-25 06:15:45.400,1,12.0,False,,False,True
0 days 01:12:31.480000,OCO,31,0 days 00:01:28.661000,41.0,2.0,,,0 days 00:00:29.524000,0 days 00:00:23.780000,0 days 00:00:35.357000,0 days 01:11:32.328000,0 days 01:11:56.108000,0 days 01:12:31.465000,275.0,296.0,284.0,297.0,False,SOFT,18.0,True,Force India,0 days 01:11:02.819000,2018-03-25 06:17:14.000,1,12.0,False,,False,True
0 days 01:14:00.062000,OCO,31,0 days 00:01:28.582000,42.0,2.0,,,0 days 00:00:29.555000,0 days 00:00:23.718000,0 days 00:00:35.309000,0 days 01:13:01.020000,0 days 01:13:24.738000,0 days 01:14:00.047000,274.0,295.0,284.0,299.0,True,SOFT,19.0,True,Force India,0 days 01:12:31.480000,2018-03-25 06:18:42.661,1,12.0,False,,False,True
0 days 01:15:28.596000,OCO,31,0 days 00:01:28.534000,43.0,2.0,,,0 days 00:00:29.607000,0 days 00:00:23.674000,0 days 00:00:35.253000,0 days 01:14:29.654000,0 days 01:14:53.328000,0 days 01:15:28.581000,275.0,296.0,283.0,,True,SOFT,20.0,True,Force India,0 days 01:14:00.062000,2018-03-25 06:20:11.243,1,12.0,False,,False,True
0 days 01:16:57.412000,OCO,31,0 days 00:01:28.816000,44.0,2.0,,,0 days 00:00:29.573000,0 days 00:00:23.808000,0 days 00:00:35.435000,0 days 01:15:58.154000,0 days 01:16:21.962000,0 days 01:16:57.397000,273.0,296.0,284.0,297.0,False,SOFT,21.0,True,Force India,0 days 01:15:28.596000,2018-03-25 06:21:39.777,1,12.0,False,,False,True
0 days 01:18:26.028000,OCO,31,0 days 00:01:28.616000,45.0,2.0,,,0 days 00:00:29.526000,0 days 00:00:23.769000,0 days 00:00:35.321000,0 days 01:17:26.923000,0 days 01:17:50.692000,0 days 01:18:26.013000,275.0,294.0,283.0,299.0,False,SOFT,22.0,True,Force India,0 days 01:16:57.412000,2018-03-25 06:23:08.593,1,12.0,False,,False,True
0 days 01:19:55.332000,OCO,31,0 days 00:01:29.304000,46.0,2.0,,,0 days 00:00:29.586000,0 days 00:00:24.112000,0 days 00:00:35.606000,0 days 01:18:55.599000,0 days 01:19:19.711000,0 days 01:19:55.317000,273.0,296.0,284.0,295.0,False,SOFT,23.0,True,Force India,0 days 01:18:26.028000,2018-03-25 06:24:37.209,1,12.0,False,,False,True
0 days 01:21:24.258000,OCO,31,0 days 00:01:28.926000,47.0,2.0,,,0 days 00:00:29.749000,0 days 00:00:23.805000,0 days 00:00:35.372000,0 days 01:20:25.066000,0 days 01:20:48.871000,0 days 01:21:24.243000,275.0,295.0,285.0,294.0,False,SOFT,24.0,True,Force India,0 days 01:19:55.332000,2018-03-25 06:26:06.513,1,12.0,False,,False,True
0 days 01:22:52.884000,OCO,31,0 days 00:01:28.626000,48.0,2.0,,,0 days 00:00:29.703000,0 days 00:00:23.682000,0 days 00:00:35.241000,0 days 01:21:53.946000,0 days 01:22:17.628000,0 days 01:22:52.869000,273.0,293.0,285.0,295.0,False,SOFT,25.0,True,Force India,0 days 01:21:24.258000,2018-03-25 06:27:35.439,1,12.0,False,,False,True
0 days 01:24:21.548000,OCO,31,0 days 00:01:28.664000,49.0,2.0,,,0 days 00:00:29.563000,0 days 00:00:23.679000,0 days 00:00:35.422000,0 days 01:23:22.432000,0 days 01:23:46.111000,0 days 01:24:21.533000,275.0,294.0,285.0,297.0,False,SOFT,26.0,True,Force India,0 days 01:22:52.884000,2018-03-25 06:29:04.065,1,12.0,False,,False,True
0 days 01:25:49.955000,OCO,31,0 days 00:01:28.407000,50.0,2.0,,,0 days 00:00:29.550000,0 days 00:00:23.682000,0 days 00:00:35.175000,0 days 01:24:51.083000,0 days 01:25:14.765000,0 days 01:25:49.940000,276.0,293.0,282.0,298.0,True,SOFT,27.0,True,Force India,0 days 01:24:21.548000,2018-03-25 06:30:32.729,1,12.0,False,,False,True
0 days 01:27:18.367000,OCO,31,0 days 00:01:28.412000,51.0,2.0,,,0 days 00:00:29.580000,0 days 00:00:23.564000,0 days 00:00:35.268000,0 days 01:26:19.520000,0 days 01:26:43.084000,0 days 01:27:18.352000,277.0,294.0,283.0,297.0,False,SOFT,28.0,True,Force India,0 days 01:25:49.955000,2018-03-25 06:32:01.136,1,12.0,False,,False,True
0 days 01:28:46.939000,OCO,31,0 days 00:01:28.572000,52.0,2.0,,,0 days 00:00:29.764000,0 days 00:00:23.680000,0 days 00:00:35.128000,0 days 01:27:48.116000,0 days 01:28:11.796000,0 days 01:28:46.924000,273.0,294.0,284.0,287.0,False,SOFT,29.0,True,Force India,0 days 01:27:18.367000,2018-03-25 06:33:29.548,1,12.0,False,,False,True
0 days 01:30:15.059000,OCO,31,0 days 00:01:28.120000,53.0,2.0,,,0 days 00:00:29.453000,0 days 00:00:23.653000,0 days 00:00:35.014000,0 days 01:29:16.377000,0 days 01:29:40.030000,0 days 01:30:15.044000,,295.0,284.0,297.0,True,SOFT,30.0,True,Force India,0 days 01:28:46.939000,2018-03-25 06:34:58.120,1,12.0,False,,False,True
0 days 01:31:43.593000,OCO,31,0 days 00:01:28.534000,54.0,2.0,,,0 days 00:00:29.539000,0 days 00:00:23.665000,0 days 00:00:35.330000,0 days 01:30:44.583000,0 days 01:31:08.248000,0 days 01:31:43.578000,272.0,296.0,283.0,296.0,False,SOFT,31.0,True,Force India,0 days 01:30:15.059000,2018-03-25 06:36:26.240,1,12.0,False,,False,True
0 days 01:33:11.825000,OCO,31,0 days 00:01:28.232000,55.0,2.0,,,0 days 00:00:29.421000,0 days 00:00:23.612000,0 days 00:00:35.199000,0 days 01:32:12.999000,0 days 01:32:36.611000,0 days 01:33:11.810000,274.0,295.0,284.0,,False,SOFT,32.0,True,Force India,0 days 01:31:43.593000,2018-03-25 06:37:54.774,1,12.0,False,,False,True
0 days 01:34:39.794000,OCO,31,0 days 00:01:27.969000,56.0,2.0,,,0 days 00:00:29.416000,0 days 00:00:23.557000,0 days 00:00:34.996000,0 days 01:33:41.226000,0 days 01:34:04.783000,0 days 01:34:39.779000,277.0,296.0,284.0,297.0,True,SOFT,33.0,True,Force India,0 days 01:33:11.825000,2018-03-25 06:39:23.006,1,12.0,False,,False,True
0 days 01:36:07.394000,OCO,31,0 days 00:01:27.600000,57.0,2.0,,,0 days 00:00:29.097000,0 days 00:00:23.494000,0 days 00:00:35.009000,0 days 01:35:08.876000,0 days 01:35:32.370000,0 days 01:36:07.379000,279.0,297.0,282.0,300.0,True,SOFT,34.0,True,Force India,0 days 01:34:39.794000,2018-03-25 06:40:50.975,1,12.0,False,,False,True
0 days 01:37:41.742000,OCO,31,0 days 00:01:34.348000,58.0,2.0,,,0 days 00:00:30.604000,0 days 00:00:24.229000,0 days 00:00:39.515000,0 days 01:36:37.983000,0 days 01:37:02.212000,0 days 01:37:41.727000,263.0,295.0,212.0,270.0,False,SOFT,35.0,True,Force India,0 days 01:36:07.394000,2018-03-25 06:42:18.575,1,12.0,False,,False,True
0 days 00:08:45.865000,VER,33,0 days 00:01:37.684000,1.0,,,,,0 days 00:00:24.474000,0 days 00:00:36.592000,,0 days 00:08:09.825000,0 days 00:08:46.376000,274.0,296.0,286.0,249.0,False,nan,,True,Red Bull Racing,0 days 00:07:07.988000,2018-03-25 05:13:19.169,,5.0,False,,False,False
0 days 00:10:16.807000,VER,33,0 days 00:01:30.942000,2.0,1.0,,,0 days 00:00:30.368000,0 days 00:00:24.093000,0 days 00:00:36.481000,0 days 00:09:16.226000,0 days 00:09:40.319000,0 days 00:10:16.800000,272.0,294.0,285.0,290.0,True,SUPERSOFT,4.0,False,Red Bull Racing,0 days 00:08:45.865000,2018-03-25 05:14:57.046,,5.0,False,,False,False
0 days 00:11:47.711000,VER,33,0 days 00:01:30.904000,3.0,1.0,,,0 days 00:00:30.261000,0 days 00:00:24.402000,0 days 00:00:36.241000,0 days 00:10:47.061000,0 days 00:11:11.463000,0 days 00:11:47.704000,274.0,290.0,296.0,292.0,True,SUPERSOFT,5.0,False,Red Bull Racing,0 days 00:10:16.807000,2018-03-25 05:16:27.988,,5.0,False,,False,False
0 days 00:13:18.523000,VER,33,0 days 00:01:30.812000,4.0,1.0,,,0 days 00:00:30.353000,0 days 00:00:24.381000,0 days 00:00:36.078000,0 days 00:12:18.057000,0 days 00:12:42.438000,0 days 00:13:18.516000,271.0,289.0,293.0,295.0,True,SUPERSOFT,6.0,False,Red Bull Racing,0 days 00:11:47.711000,2018-03-25 05:17:58.892,,5.0,False,,False,False
0 days 00:14:49,VER,33,0 days 00:01:30.477000,5.0,1.0,,,0 days 00:00:30.395000,0 days 00:00:24.097000,0 days 00:00:35.985000,0 days 00:13:48.911000,0 days 00:14:13.008000,0 days 00:14:48.993000,267.0,283.0,292.0,,True,SUPERSOFT,7.0,False,Red Bull Racing,0 days 00:13:18.523000,2018-03-25 05:19:29.704,2,5.0,False,,False,True
0 days 00:16:20.259000,VER,33,0 days 00:01:31.259000,6.0,1.0,,,0 days 00:00:30.562000,0 days 00:00:24.187000,0 days 00:00:36.510000,0 days 00:15:19.555000,0 days 00:15:43.742000,0 days 00:16:20.252000,265.0,283.0,286.0,297.0,False,SUPERSOFT,8.0,False,Red Bull Racing,0 days 00:14:49,2018-03-25 05:21:00.181,21,5.0,False,,False,True
0 days 00:17:50.719000,VER,33,0 days 00:01:30.460000,7.0,1.0,,,0 days 00:00:30.594000,0 days 00:00:24.045000,0 days 00:00:35.821000,0 days 00:16:50.846000,0 days 00:17:14.891000,0 days 00:17:50.712000,267.0,286.0,294.0,288.0,True,SUPERSOFT,9.0,False,Red Bull Racing,0 days 00:16:20.259000,2018-03-25 05:22:31.440,21,5.0,False,,False,True
0 days 00:19:20.970000,VER,33,0 days 00:01:30.251000,8.0,1.0,,,0 days 00:00:30.015000,0 days 00:00:24.215000,0 days 00:00:36.021000,0 days 00:18:20.727000,0 days 00:18:44.942000,0 days 00:19:20.963000,276.0,287.0,294.0,300.0,True,SUPERSOFT,10.0,False,Red Bull Racing,0 days 00:17:50.719000,2018-03-25 05:24:01.900,1,5.0,False,,False,True
0 days 00:20:51.414000,VER,33,0 days 00:01:30.444000,9.0,1.0,,,0 days 00:00:30.169000,0 days 00:00:24.205000,0 days 00:00:36.070000,0 days 00:19:51.132000,0 days 00:20:15.337000,0 days 00:20:51.407000,269.0,288.0,292.0,293.0,False,SUPERSOFT,11.0,False,Red Bull Racing,0 days 00:19:20.970000,2018-03-25 05:25:32.151,1,5.0,False,,False,True
0 days 00:22:27.916000,VER,33,0 days 00:01:36.502000,10.0,1.0,,,0 days 00:00:36.795000,0 days 00:00:23.947000,0 days 00:00:35.760000,0 days 00:21:28.202000,0 days 00:21:52.149000,0 days 00:22:27.909000,275.0,290.0,287.0,298.0,False,SUPERSOFT,12.0,False,Red Bull Racing,0 days 00:20:51.414000,2018-03-25 05:27:02.595,12,8.0,False,,False,True
0 days 00:23:58.123000,VER,33,0 days 00:01:30.207000,11.0,1.0,,,0 days 00:00:30.199000,0 days 00:00:24.045000,0 days 00:00:35.963000,0 days 00:22:58.108000,0 days 00:23:22.153000,0 days 00:23:58.116000,264.0,287.0,283.0,289.0,True,SUPERSOFT,13.0,False,Red Bull Racing,0 days 00:22:27.916000,2018-03-25 05:28:39.097,1,8.0,False,,False,True
0 days 00:25:28.197000,VER,33,0 days 00:01:30.074000,12.0,1.0,,,0 days 00:00:30.343000,0 days 00:00:24.036000,0 days 00:00:35.695000,0 days 00:24:28.459000,0 days 00:24:52.495000,0 days 00:25:28.190000,265.0,287.0,284.0,280.0,True,SUPERSOFT,14.0,False,Red Bull Racing,0 days 00:23:58.123000,2018-03-25 05:30:09.304,1,8.0,False,,False,True
0 days 00:26:58.114000,VER,33,0 days 00:01:29.917000,13.0,1.0,,,0 days 00:00:30.071000,0 days 00:00:23.845000,0 days 00:00:36.001000,0 days 00:25:58.261000,0 days 00:26:22.106000,0 days 00:26:58.107000,266.0,289.0,283.0,281.0,True,SUPERSOFT,15.0,False,Red Bull Racing,0 days 00:25:28.197000,2018-03-25 05:31:39.378,1,8.0,False,,False,True
0 days 00:28:27.764000,VER,33,0 days 00:01:29.650000,14.0,1.0,,,0 days 00:00:30.127000,0 days 00:00:23.860000,0 days 00:00:35.663000,0 days 00:27:28.234000,0 days 00:27:52.094000,0 days 00:28:27.757000,269.0,290.0,286.0,284.0,True,SUPERSOFT,16.0,False,Red Bull Racing,0 days 00:26:58.114000,2018-03-25 05:33:09.295,1,8.0,False,,False,True
0 days 00:29:57.859000,VER,33,0 days 00:01:30.095000,15.0,1.0,,,0 days 00:00:30.078000,0 days 00:00:23.896000,0 days 00:00:36.121000,0 days 00:28:57.835000,0 days 00:29:21.731000,0 days 00:29:57.852000,,290.0,285.0,,False,SUPERSOFT,17.0,False,Red Bull Racing,0 days 00:28:27.764000,2018-03-25 05:34:38.945,1,8.0,False,,False,True
0 days 00:31:27.847000,VER,33,0 days 00:01:29.988000,16.0,1.0,,,0 days 00:00:30.187000,0 days 00:00:23.985000,0 days 00:00:35.816000,0 days 00:30:28.039000,0 days 00:30:52.024000,0 days 00:31:27.840000,262.0,290.0,287.0,282.0,False,SUPERSOFT,18.0,False,Red Bull Racing,0 days 00:29:57.859000,2018-03-25 05:36:09.040,1,8.0,False,,False,True
0 days 00:32:57.988000,VER,33,0 days 00:01:30.141000,17.0,1.0,,,0 days 00:00:30.259000,0 days 00:00:23.901000,0 days 00:00:35.981000,0 days 00:31:58.099000,0 days 00:32:22,0 days 00:32:57.981000,270.0,292.0,286.0,283.0,False,SUPERSOFT,19.0,False,Red Bull Racing,0 days 00:31:27.847000,2018-03-25 05:37:39.028,1,8.0,False,,False,True
0 days 00:34:28.003000,VER,33,0 days 00:01:30.015000,18.0,1.0,,,0 days 00:00:29.879000,0 days 00:00:23.863000,0 days 00:00:36.273000,0 days 00:33:27.860000,0 days 00:33:51.723000,0 days 00:34:27.996000,272.0,290.0,293.0,289.0,False,SUPERSOFT,20.0,False,Red Bull Racing,0 days 00:32:57.988000,2018-03-25 05:39:09.169,1,8.0,False,,False,True
0 days 00:35:58.172000,VER,33,0 days 00:01:30.169000,19.0,1.0,,,0 days 00:00:30.001000,0 days 00:00:23.850000,0 days 00:00:36.318000,0 days 00:34:57.997000,0 days 00:35:21.847000,0 days 00:35:58.165000,271.0,290.0,286.0,296.0,False,SUPERSOFT,21.0,False,Red Bull Racing,0 days 00:34:28.003000,2018-03-25 05:40:39.184,1,8.0,False,,False,True
0 days 00:37:28.113000,VER,33,0 days 00:01:29.941000,20.0,1.0,,,0 days 00:00:30.048000,0 days 00:00:23.755000,0 days 00:00:36.138000,0 days 00:36:28.213000,0 days 00:36:51.968000,0 days 00:37:28.106000,269.0,292.0,283.0,287.0,False,SUPERSOFT,22.0,False,Red Bull Racing,0 days 00:35:58.172000,2018-03-25 05:42:09.353,1,8.0,False,,False,True
0 days 00:39:14.474000,VER,33,0 days 00:01:46.361000,21.0,1.0,,0 days 00:38:56.371000,0 days 00:00:30.064000,0 days 00:00:23.702000,0 days 00:00:52.595000,0 days 00:37:58.170000,0 days 00:38:21.872000,0 days 00:39:14.467000,,293.0,,289.0,False,SUPERSOFT,23.0,False,Red Bull Racing,0 days 00:37:28.113000,2018-03-25 05:43:39.294,1,13.0,False,,False,False
0 days 00:40:47.940000,VER,33,0 days 00:01:33.466000,22.0,2.0,0 days 00:39:17.507000,,0 days 00:00:34.802000,0 days 00:00:23.688000,0 days 00:00:34.976000,0 days 00:39:49.269000,0 days 00:40:12.957000,0 days 00:40:47.933000,271.0,288.0,281.0,222.0,False,SOFT,1.0,True,Red Bull Racing,0 days 00:39:14.474000,2018-03-25 05:45:25.655,1,13.0,False,,False,False
0 days 00:42:16.376000,VER,33,0 days 00:01:28.436000,23.0,2.0,,,0 days 00:00:29.383000,0 days 00:00:23.595000,0 days 00:00:35.458000,0 days 00:41:17.316000,0 days 00:41:40.911000,0 days 00:42:16.369000,276.0,294.0,292.0,298.0,True,SOFT,2.0,True,Red Bull Racing,0 days 00:40:47.940000,2018-03-25 05:46:59.121,12,11.0,False,,False,True
0 days 00:43:44.331000,VER,33,0 days 00:01:27.955000,24.0,2.0,,,0 days 00:00:29.517000,0 days 00:00:23.411000,0 days 00:00:35.027000,0 days 00:42:45.886000,0 days 00:43:09.297000,0 days 00:43:44.324000,269.0,290.0,287.0,,True,SOFT,3.0,True,Red Bull Racing,0 days 00:42:16.376000,2018-03-25 05:48:27.557,21,9.0,False,,False,True
0 days 00:45:20.755000,VER,33,0 days 00:01:36.424000,25.0,2.0,,,0 days 00:00:29.502000,0 days 00:00:23.782000,0 days 00:00:43.140000,0 days 00:44:13.826000,0 days 00:44:37.608000,0 days 00:45:20.748000,272.0,287.0,189.0,293.0,False,SOFT,4.0,True,Red Bull Racing,0 days 00:43:44.331000,2018-03-25 05:49:55.512,126,6.0,False,,False,False
0 days 00:47:21.976000,VER,33,0 days 00:02:01.221000,26.0,2.0,,,0 days 00:00:39.251000,0 days 00:00:34.787000,0 days 00:00:47.183000,0 days 00:45:59.999000,0 days 00:46:34.786000,0 days 00:47:21.969000,177.0,262.0,205.0,156.0,False,SOFT,5.0,True,Red Bull Racing,0 days 00:45:20.755000,2018-03-25 05:51:31.936,6,6.0,False,,False,False
0 days 00:49:27.762000,VER,33,0 days 00:02:05.786000,27.0,2.0,,,0 days 00:00:42.501000,0 days 00:00:33.679000,0 days 00:00:49.606000,0 days 00:48:04.470000,0 days 00:48:38.149000,0 days 00:49:27.755000,208.0,257.0,198.0,213.0,False,SOFT,6.0,True,Red Bull Racing,0 days 00:47:21.976000,2018-03-25 05:53:33.157,64,5.0,False,,False,False
0 days 00:51:31.029000,VER,33,0 days 00:02:03.267000,28.0,2.0,,,0 days 00:00:40.877000,0 days 00:00:33.312000,0 days 00:00:49.078000,0 days 00:50:08.632000,0 days 00:50:41.944000,0 days 00:51:31.022000,182.0,194.0,243.0,223.0,False,SOFT,7.0,True,Red Bull Racing,0 days 00:49:27.762000,2018-03-25 05:55:38.943,4,5.0,False,,False,False
0 days 00:53:19.550000,VER,33,0 days 00:01:48.521000,29.0,2.0,,,0 days 00:00:35.917000,0 days 00:00:27.552000,0 days 00:00:45.052000,0 days 00:52:06.939000,0 days 00:52:34.491000,0 days 00:53:19.543000,210.0,281.0,258.0,254.0,False,SOFT,8.0,True,Red Bull Racing,0 days 00:51:31.029000,2018-03-25 05:57:42.210,4,5.0,False,,False,False
0 days 00:55:18.078000,VER,33,0 days 00:01:58.528000,30.0,2.0,,,0 days 00:00:31.817000,0 days 00:00:31.633000,0 days 00:00:55.078000,0 days 00:53:51.360000,0 days 00:54:22.993000,0 days 00:55:18.071000,262.0,153.0,221.0,217.0,False,SOFT,9.0,True,Red Bull Racing,0 days 00:53:19.550000,2018-03-25 05:59:30.731,4,5.0,False,,False,False
0 days 00:57:32.474000,VER,33,0 days 00:02:14.396000,31.0,2.0,,,0 days 00:00:45.914000,0 days 00:00:35.378000,0 days 00:00:53.104000,0 days 00:56:03.985000,0 days 00:56:39.363000,0 days 00:57:32.467000,131.0,220.0,285.0,216.0,False,SOFT,10.0,True,Red Bull Racing,0 days 00:55:18.078000,2018-03-25 06:01:29.259,41,6.0,False,,False,False
0 days 00:59:02.740000,VER,33,0 days 00:01:30.266000,32.0,2.0,,,0 days 00:00:30.865000,0 days 00:00:23.873000,0 days 00:00:35.528000,0 days 00:58:03.332000,0 days 00:58:27.205000,0 days 00:59:02.733000,270.0,293.0,288.0,294.0,False,SOFT,11.0,True,Red Bull Racing,0 days 00:57:32.474000,2018-03-25 06:03:43.655,1,6.0,False,,False,True
0 days 01:00:31.680000,VER,33,0 days 00:01:28.940000,33.0,2.0,,,0 days 00:00:30.042000,0 days 00:00:23.566000,0 days 00:00:35.332000,0 days 00:59:32.775000,0 days 00:59:56.341000,0 days 01:00:31.673000,271.0,294.0,289.0,289.0,False,SOFT,12.0,True,Red Bull Racing,0 days 00:59:02.740000,2018-03-25 06:05:13.921,1,6.0,False,,False,True
0 days 01:02:00.901000,VER,33,0 days 00:01:29.221000,34.0,2.0,,,0 days 00:00:30.063000,0 days 00:00:23.801000,0 days 00:00:35.357000,0 days 01:01:01.736000,0 days 01:01:25.537000,0 days 01:02:00.894000,269.0,290.0,297.0,295.0,False,SOFT,13.0,True,Red Bull Racing,0 days 01:00:31.680000,2018-03-25 06:06:42.861,1,6.0,False,,False,True
0 days 01:03:29.465000,VER,33,0 days 00:01:28.564000,35.0,2.0,,,0 days 00:00:30.023000,0 days 00:00:23.594000,0 days 00:00:34.947000,0 days 01:02:30.917000,0 days 01:02:54.511000,0 days 01:03:29.458000,264.0,287.0,298.0,302.0,False,SOFT,14.0,True,Red Bull Racing,0 days 01:02:00.901000,2018-03-25 06:08:12.082,1,6.0,False,,False,True
0 days 01:04:57.780000,VER,33,0 days 00:01:28.315000,36.0,2.0,,,0 days 00:00:29.797000,0 days 00:00:23.661000,0 days 00:00:34.857000,0 days 01:03:59.255000,0 days 01:04:22.916000,0 days 01:04:57.773000,269.0,293.0,298.0,310.0,False,SOFT,15.0,True,Red Bull Racing,0 days 01:03:29.465000,2018-03-25 06:09:40.646,1,6.0,False,,False,True
0 days 01:06:26.540000,VER,33,0 days 00:01:28.760000,37.0,2.0,,,0 days 00:00:29.863000,0 days 00:00:23.755000,0 days 00:00:35.142000,0 days 01:05:27.636000,0 days 01:05:51.391000,0 days 01:06:26.533000,,288.0,295.0,307.0,False,SOFT,16.0,True,Red Bull Racing,0 days 01:04:57.780000,2018-03-25 06:11:08.961,1,6.0,False,,False,True
0 days 01:07:54.750000,VER,33,0 days 00:01:28.210000,38.0,2.0,,,0 days 00:00:29.735000,0 days 00:00:23.546000,0 days 00:00:34.929000,0 days 01:06:56.268000,0 days 01:07:19.814000,0 days 01:07:54.743000,,287.0,297.0,297.0,False,SOFT,17.0,True,Red Bull Racing,0 days 01:06:26.540000,2018-03-25 06:12:37.721,1,6.0,False,,False,True
0 days 01:09:23.038000,VER,33,0 days 00:01:28.288000,39.0,2.0,,,0 days 00:00:29.861000,0 days 00:00:23.517000,0 days 00:00:34.910000,0 days 01:08:24.604000,0 days 01:08:48.121000,0 days 01:09:23.031000,271.0,292.0,295.0,307.0,False,SOFT,18.0,True,Red Bull Racing,0 days 01:07:54.750000,2018-03-25 06:14:05.931,1,6.0,False,,False,True
0 days 01:10:51.282000,VER,33,0 days 00:01:28.244000,40.0,2.0,,,0 days 00:00:29.895000,0 days 00:00:23.531000,0 days 00:00:34.818000,0 days 01:09:52.926000,0 days 01:10:16.457000,0 days 01:10:51.275000,276.0,291.0,295.0,291.0,False,SOFT,19.0,True,Red Bull Racing,0 days 01:09:23.038000,2018-03-25 06:15:34.219,1,6.0,False,,False,True
0 days 01:12:19.330000,VER,33,0 days 00:01:28.048000,41.0,2.0,,,0 days 00:00:29.610000,0 days 00:00:23.547000,0 days 00:00:34.891000,0 days 01:11:20.885000,0 days 01:11:44.432000,0 days 01:12:19.323000,278.0,293.0,295.0,298.0,False,SOFT,20.0,True,Red Bull Racing,0 days 01:10:51.282000,2018-03-25 06:17:02.463,1,6.0,False,,False,True
0 days 01:13:47.345000,VER,33,0 days 00:01:28.015000,42.0,2.0,,,0 days 00:00:29.498000,0 days 00:00:23.561000,0 days 00:00:34.956000,0 days 01:12:48.821000,0 days 01:13:12.382000,0 days 01:13:47.338000,276.0,293.0,294.0,303.0,False,SOFT,21.0,True,Red Bull Racing,0 days 01:12:19.330000,2018-03-25 06:18:30.511,1,6.0,False,,False,True
0 days 01:15:15.374000,VER,33,0 days 00:01:28.029000,43.0,2.0,,,0 days 00:00:29.774000,0 days 00:00:23.477000,0 days 00:00:34.778000,0 days 01:14:17.112000,0 days 01:14:40.589000,0 days 01:15:15.367000,278.0,295.0,295.0,292.0,False,SOFT,22.0,True,Red Bull Racing,0 days 01:13:47.345000,2018-03-25 06:19:58.526,1,6.0,False,,False,True
0 days 01:16:43.354000,VER,33,0 days 00:01:27.980000,44.0,2.0,,,0 days 00:00:29.608000,0 days 00:00:23.567000,0 days 00:00:34.805000,0 days 01:15:44.975000,0 days 01:16:08.542000,0 days 01:16:43.347000,277.0,296.0,296.0,302.0,False,SOFT,23.0,True,Red Bull Racing,0 days 01:15:15.374000,2018-03-25 06:21:26.555,1,6.0,False,,False,True
0 days 01:18:11.478000,VER,33,0 days 00:01:28.124000,45.0,2.0,,,0 days 00:00:29.713000,0 days 00:00:23.532000,0 days 00:00:34.879000,0 days 01:17:13.060000,0 days 01:17:36.592000,0 days 01:18:11.471000,273.0,296.0,299.0,298.0,False,SOFT,24.0,True,Red Bull Racing,0 days 01:16:43.354000,2018-03-25 06:22:54.535,1,6.0,False,,False,True
0 days 01:19:39.960000,VER,33,0 days 00:01:28.482000,46.0,2.0,,,0 days 00:00:29.540000,0 days 00:00:23.791000,0 days 00:00:35.151000,0 days 01:18:41.011000,0 days 01:19:04.802000,0 days 01:19:39.953000,,295.0,296.0,311.0,False,SOFT,25.0,True,Red Bull Racing,0 days 01:18:11.478000,2018-03-25 06:24:22.659,1,6.0,False,,False,True
0 days 01:21:07.966000,VER,33,0 days 00:01:28.006000,47.0,2.0,,,0 days 00:00:29.451000,0 days 00:00:23.477000,0 days 00:00:35.078000,0 days 01:20:09.404000,0 days 01:20:32.881000,0 days 01:21:07.959000,275.0,295.0,296.0,294.0,False,SOFT,26.0,True,Red Bull Racing,0 days 01:19:39.960000,2018-03-25 06:25:51.141,1,6.0,False,,False,True
0 days 01:22:36.318000,VER,33,0 days 00:01:28.352000,48.0,2.0,,,0 days 00:00:29.553000,0 days 00:00:23.774000,0 days 00:00:35.025000,0 days 01:21:37.512000,0 days 01:22:01.286000,0 days 01:22:36.311000,269.0,290.0,297.0,298.0,False,SOFT,27.0,True,Red Bull Racing,0 days 01:21:07.966000,2018-03-25 06:27:19.147,1,6.0,False,,False,True
0 days 01:24:04.363000,VER,33,0 days 00:01:28.045000,49.0,2.0,,,0 days 00:00:29.417000,0 days 00:00:23.618000,0 days 00:00:35.010000,0 days 01:23:05.728000,0 days 01:23:29.346000,0 days 01:24:04.356000,272.0,292.0,297.0,301.0,False,SOFT,28.0,True,Red Bull Racing,0 days 01:22:36.318000,2018-03-25 06:28:47.499,1,6.0,False,,False,True
0 days 01:25:31.998000,VER,33,0 days 00:01:27.635000,50.0,2.0,,,0 days 00:00:29.203000,0 days 00:00:23.485000,0 days 00:00:34.947000,0 days 01:24:33.559000,0 days 01:24:57.044000,0 days 01:25:31.991000,274.0,295.0,296.0,298.0,True,SOFT,29.0,True,Red Bull Racing,0 days 01:24:04.363000,2018-03-25 06:30:15.544,1,6.0,False,,False,True
0 days 01:26:59.394000,VER,33,0 days 00:01:27.396000,51.0,2.0,,,0 days 00:00:29.238000,0 days 00:00:23.474000,0 days 00:00:34.684000,0 days 01:26:01.229000,0 days 01:26:24.703000,0 days 01:26:59.387000,276.0,294.0,296.0,303.0,True,SOFT,30.0,True,Red Bull Racing,0 days 01:25:31.998000,2018-03-25 06:31:43.179,1,6.0,False,,False,True
0 days 01:28:26.797000,VER,33,0 days 00:01:27.403000,52.0,2.0,,,0 days 00:00:29.261000,0 days 00:00:23.489000,0 days 00:00:34.653000,0 days 01:27:28.648000,0 days 01:27:52.137000,0 days 01:28:26.790000,273.0,295.0,297.0,,False,SOFT,31.0,True,Red Bull Racing,0 days 01:26:59.394000,2018-03-25 06:33:10.575,1,6.0,False,,False,True
0 days 01:29:54.631000,VER,33,0 days 00:01:27.834000,53.0,2.0,,,0 days 00:00:29.254000,0 days 00:00:23.587000,0 days 00:00:34.993000,0 days 01:28:56.044000,0 days 01:29:19.631000,0 days 01:29:54.624000,,297.0,298.0,307.0,False,SOFT,32.0,True,Red Bull Racing,0 days 01:28:26.797000,2018-03-25 06:34:37.978,1,6.0,False,,False,True
0 days 01:31:21.511000,VER,33,0 days 00:01:26.880000,54.0,2.0,,,0 days 00:00:28.941000,0 days 00:00:23.251000,0 days 00:00:34.688000,0 days 01:30:23.565000,0 days 01:30:46.816000,0 days 01:31:21.504000,274.0,298.0,297.0,301.0,True,SOFT,33.0,True,Red Bull Racing,0 days 01:29:54.631000,2018-03-25 06:36:05.812,1,6.0,False,,False,True
0 days 01:32:48.659000,VER,33,0 days 00:01:27.148000,55.0,2.0,,,0 days 00:00:29.051000,0 days 00:00:23.456000,0 days 00:00:34.641000,0 days 01:31:50.555000,0 days 01:32:14.011000,0 days 01:32:48.652000,,296.0,297.0,303.0,False,SOFT,34.0,True,Red Bull Racing,0 days 01:31:21.511000,2018-03-25 06:37:32.692,1,6.0,False,,False,True
0 days 01:34:15.721000,VER,33,0 days 00:01:27.062000,56.0,2.0,,,0 days 00:00:29.190000,0 days 00:00:23.408000,0 days 00:00:34.464000,0 days 01:33:17.842000,0 days 01:33:41.250000,0 days 01:34:15.714000,273.0,297.0,299.0,304.0,False,SOFT,35.0,True,Red Bull Racing,0 days 01:32:48.659000,2018-03-25 06:38:59.840,1,6.0,False,,False,True
0 days 01:35:42.763000,VER,33,0 days 00:01:27.042000,57.0,2.0,,,0 days 00:00:29.205000,0 days 00:00:23.369000,0 days 00:00:34.468000,0 days 01:34:44.919000,0 days 01:35:08.288000,0 days 01:35:42.756000,274.0,297.0,301.0,314.0,False,SOFT,36.0,True,Red Bull Racing,0 days 01:34:15.721000,2018-03-25 06:40:26.902,1,6.0,False,,False,True
0 days 01:37:10.409000,VER,33,0 days 00:01:27.646000,58.0,2.0,,,0 days 00:00:29.198000,0 days 00:00:23.504000,0 days 00:00:34.944000,0 days 01:36:11.954000,0 days 01:36:35.458000,0 days 01:37:10.402000,272.0,296.0,266.0,318.0,False,SOFT,37.0,True,Red Bull Racing,0 days 01:35:42.763000,2018-03-25 06:41:53.944,1,6.0,False,,False,True
0 days 00:08:54.675000,SIR,35,0 days 00:01:46.494000,1.0,,,,,0 days 00:00:26.394000,0 days 00:00:38.117000,,0 days 00:08:16.893000,0 days 00:08:55.886000,258.0,298.0,280.0,215.0,False,nan,,True,Williams,0 days 00:07:07.988000,2018-03-25 05:13:19.169,,19.0,False,,False,False
0 days 00:10:28.812000,SIR,35,0 days 00:01:34.137000,2.0,1.0,,,0 days 00:00:31.407000,0 days 00:00:24.920000,0 days 00:00:37.810000,0 days 00:09:26.137000,0 days 00:09:51.057000,0 days 00:10:28.867000,267.0,296.0,283.0,290.0,True,SUPERSOFT,1.0,True,Williams,0 days 00:08:54.675000,2018-03-25 05:15:05.856,,19.0,False,,False,False
0 days 00:12:01.385000,SIR,35,0 days 00:01:32.573000,3.0,1.0,,,0 days 00:00:30.979000,0 days 00:00:24.562000,0 days 00:00:37.032000,0 days 00:10:59.846000,0 days 00:11:24.408000,0 days 00:12:01.440000,262.0,288.0,287.0,293.0,True,SUPERSOFT,2.0,True,Williams,0 days 00:10:28.812000,2018-03-25 05:16:39.993,,19.0,False,,False,False
0 days 00:13:34.328000,SIR,35,0 days 00:01:32.943000,4.0,1.0,,,0 days 00:00:30.936000,0 days 00:00:24.840000,0 days 00:00:37.167000,0 days 00:12:32.376000,0 days 00:12:57.216000,0 days 00:13:34.383000,264.0,289.0,285.0,300.0,False,SUPERSOFT,3.0,True,Williams,0 days 00:12:01.385000,2018-03-25 05:18:12.566,,19.0,False,,False,False
0 days 00:14:52.487000,SIR,35,,5.0,1.0,,,,,,,,,,,,,,SUPERSOFT,4.0,True,Williams,0 days 00:13:34.328000,,2,,False,,True,False
0 days 00:08:42.414000,HAM,44,0 days 00:01:34.233000,1.0,,,,,0 days 00:00:23.820000,0 days 00:00:35.564000,,0 days 00:08:07.280000,0 days 00:08:42.516000,272.0,289.0,279.0,237.0,False,nan,,True,Mercedes,0 days 00:07:07.988000,2018-03-25 05:13:19.169,,1.0,False,,False,False
0 days 00:10:12.679000,HAM,44,0 days 00:01:30.265000,2.0,,,,0 days 00:00:30.261000,0 days 00:00:24.081000,0 days 00:00:35.923000,0 days 00:09:12.675000,0 days 00:09:36.756000,0 days 00:10:12.679000,258.0,284.0,281.0,271.0,True,nan,,True,Mercedes,0 days 00:08:42.414000,2018-03-25 05:14:53.595,,1.0,False,,False,False
0 days 00:11:42.488000,HAM,44,0 days 00:01:29.809000,3.0,1.0,,,0 days 00:00:30.055000,0 days 00:00:24.031000,0 days 00:00:35.723000,0 days 00:10:42.734000,0 days 00:11:06.765000,0 days 00:11:42.488000,256.0,284.0,282.0,275.0,True,ULTRASOFT,4.0,False,Mercedes,0 days 00:10:12.679000,2018-03-25 05:16:23.860,,1.0,False,,False,False
0 days 00:13:11.961000,HAM,44,0 days 00:01:29.473000,4.0,1.0,,,0 days 00:00:29.886000,0 days 00:00:23.950000,0 days 00:00:35.637000,0 days 00:12:12.374000,0 days 00:12:36.324000,0 days 00:13:11.961000,259.0,284.0,279.0,267.0,True,ULTRASOFT,5.0,False,Mercedes,0 days 00:11:42.488000,2018-03-25 05:17:53.669,,1.0,False,,False,False
0 days 00:14:41.122000,HAM,44,0 days 00:01:29.161000,5.0,1.0,,,0 days 00:00:29.719000,0 days 00:00:23.909000,0 days 00:00:35.533000,0 days 00:13:41.680000,0 days 00:14:05.589000,0 days 00:14:41.122000,266.0,288.0,280.0,273.0,True,ULTRASOFT,6.0,False,Mercedes,0 days 00:13:11.961000,2018-03-25 05:19:23.142,,1.0,False,,False,False
0 days 00:16:11.235000,HAM,44,0 days 00:01:30.113000,6.0,1.0,,,0 days 00:00:29.972000,0 days 00:00:23.986000,0 days 00:00:36.155000,0 days 00:15:11.094000,0 days 00:15:35.080000,0 days 00:16:11.235000,258.0,287.0,281.0,268.0,False,ULTRASOFT,7.0,False,Mercedes,0 days 00:14:41.122000,2018-03-25 05:20:52.303,21,1.0,False,,False,True
0 days 00:17:41.255000,HAM,44,0 days 00:01:30.020000,7.0,1.0,,,0 days 00:00:29.909000,0 days 00:00:24.020000,0 days 00:00:36.091000,0 days 00:16:41.144000,0 days 00:17:05.164000,0 days 00:17:41.255000,262.0,283.0,281.0,271.0,False,ULTRASOFT,8.0,False,Mercedes,0 days 00:16:11.235000,2018-03-25 05:22:22.416,21,1.0,False,,False,True
0 days 00:19:10.347000,HAM,44,0 days 00:01:29.092000,8.0,1.0,,,0 days 00:00:29.809000,0 days 00:00:23.825000,0 days 00:00:35.458000,0 days 00:18:11.064000,0 days 00:18:34.889000,0 days 00:19:10.347000,269.0,286.0,280.0,275.0,True,ULTRASOFT,9.0,False,Mercedes,0 days 00:17:41.255000,2018-03-25 05:23:52.436,1,1.0,False,,False,True
0 days 00:20:39.417000,HAM,44,0 days 00:01:29.070000,9.0,1.0,,,0 days 00:00:29.668000,0 days 00:00:23.893000,0 days 00:00:35.509000,0 days 00:19:40.015000,0 days 00:20:03.908000,0 days 00:20:39.417000,,287.0,281.0,280.0,True,ULTRASOFT,10.0,False,Mercedes,0 days 00:19:10.347000,2018-03-25 05:25:21.528,1,1.0,False,,False,True
0 days 00:22:08.301000,HAM,44,0 days 00:01:28.884000,10.0,1.0,,,0 days 00:00:29.720000,0 days 00:00:23.809000,0 days 00:00:35.355000,0 days 00:21:09.137000,0 days 00:21:32.946000,0 days 00:22:08.301000,268.0,287.0,281.0,270.0,True,ULTRASOFT,11.0,False,Mercedes,0 days 00:20:39.417000,2018-03-25 05:26:50.598,12,1.0,False,,False,True
0 days 00:23:37.162000,HAM,44,0 days 00:01:28.861000,11.0,1.0,,,0 days 00:00:29.640000,0 days 00:00:23.778000,0 days 00:00:35.443000,0 days 00:22:37.941000,0 days 00:23:01.719000,0 days 00:23:37.162000,,287.0,281.0,281.0,True,ULTRASOFT,12.0,False,Mercedes,0 days 00:22:08.301000,2018-03-25 05:28:19.482,1,1.0,False,,False,True
0 days 00:25:05.491000,HAM,44,0 days 00:01:28.329000,12.0,1.0,,,0 days 00:00:29.521000,0 days 00:00:23.695000,0 days 00:00:35.113000,0 days 00:24:06.683000,0 days 00:24:30.378000,0 days 00:25:05.491000,269.0,289.0,283.0,292.0,True,ULTRASOFT,13.0,False,Mercedes,0 days 00:23:37.162000,2018-03-25 05:29:48.343,1,1.0,False,,False,True
0 days 00:26:34.026000,HAM,44,0 days 00:01:28.535000,13.0,1.0,,,0 days 00:00:29.540000,0 days 00:00:23.693000,0 days 00:00:35.302000,0 days 00:25:35.031000,0 days 00:25:58.724000,0 days 00:26:34.026000,268.0,290.0,283.0,269.0,False,ULTRASOFT,14.0,False,Mercedes,0 days 00:25:05.491000,2018-03-25 05:31:16.672,1,1.0,False,,False,True
0 days 00:28:02.124000,HAM,44,0 days 00:01:28.098000,14.0,1.0,,,0 days 00:00:29.393000,0 days 00:00:23.611000,0 days 00:00:35.094000,0 days 00:27:03.419000,0 days 00:27:27.030000,0 days 00:28:02.124000,269.0,289.0,283.0,278.0,True,ULTRASOFT,15.0,False,Mercedes,0 days 00:26:34.026000,2018-03-25 05:32:45.207,1,1.0,False,,False,True
0 days 00:29:30.372000,HAM,44,0 days 00:01:28.248000,15.0,1.0,,,0 days 00:00:29.399000,0 days 00:00:23.695000,0 days 00:00:35.154000,0 days 00:28:31.523000,0 days 00:28:55.218000,0 days 00:29:30.372000,268.0,290.0,282.0,280.0,False,ULTRASOFT,16.0,False,Mercedes,0 days 00:28:02.124000,2018-03-25 05:34:13.305,1,1.0,False,,False,True
0 days 00:30:58.509000,HAM,44,0 days 00:01:28.137000,16.0,1.0,,,0 days 00:00:29.455000,0 days 00:00:23.609000,0 days 00:00:35.073000,0 days 00:29:59.827000,0 days 00:30:23.436000,0 days 00:30:58.509000,271.0,291.0,283.0,274.0,False,ULTRASOFT,17.0,False,Mercedes,0 days 00:29:30.372000,2018-03-25 05:35:41.553,1,1.0,False,,False,True
0 days 00:32:26.262000,HAM,44,0 days 00:01:27.753000,17.0,1.0,,,0 days 00:00:29.357000,0 days 00:00:23.529000,0 days 00:00:34.867000,0 days 00:31:27.866000,0 days 00:31:51.395000,0 days 00:32:26.262000,273.0,290.0,285.0,292.0,True,ULTRASOFT,18.0,False,Mercedes,0 days 00:30:58.509000,2018-03-25 05:37:09.690,1,1.0,False,,False,True
0 days 00:33:54.114000,HAM,44,0 days 00:01:27.852000,18.0,1.0,,,0 days 00:00:29.393000,0 days 00:00:23.616000,0 days 00:00:34.843000,0 days 00:32:55.655000,0 days 00:33:19.271000,0 days 00:33:54.114000,275.0,290.0,285.0,281.0,False,ULTRASOFT,19.0,False,Mercedes,0 days 00:32:26.262000,2018-03-25 05:38:37.443,1,1.0,False,,False,True
0 days 00:35:39.164000,HAM,44,0 days 00:01:45.050000,19.0,1.0,,0 days 00:35:20.123000,0 days 00:00:29.209000,0 days 00:00:23.554000,0 days 00:00:52.287000,0 days 00:34:23.323000,0 days 00:34:46.877000,0 days 00:35:39.164000,,290.0,,296.0,False,ULTRASOFT,20.0,False,Mercedes,0 days 00:33:54.114000,2018-03-25 05:40:05.295,1,2.0,False,,False,False
0 days 00:37:12.130000,HAM,44,0 days 00:01:32.966000,20.0,2.0,0 days 00:35:42.209000,,0 days 00:00:35.101000,0 days 00:00:23.251000,0 days 00:00:34.614000,0 days 00:36:14.265000,0 days 00:36:37.516000,0 days 00:37:12.130000,277.0,292.0,283.0,228.0,False,SOFT,1.0,True,Mercedes,0 days 00:35:39.164000,2018-03-25 05:41:50.345,1,2.0,False,,False,False
0 days 00:38:40.084000,HAM,44,0 days 00:01:27.954000,21.0,2.0,,,0 days 00:00:29.285000,0 days 00:00:23.467000,0 days 00:00:35.202000,0 days 00:37:41.415000,0 days 00:38:04.882000,0 days 00:38:40.084000,262.0,288.0,283.0,276.0,False,SOFT,2.0,True,Mercedes,0 days 00:37:12.130000,2018-03-25 05:43:23.311,1,2.0,False,,False,True
0 days 00:40:08.905000,HAM,44,0 days 00:01:28.821000,22.0,2.0,,,0 days 00:00:29.622000,0 days 00:00:23.704000,0 days 00:00:35.495000,0 days 00:39:09.706000,0 days 00:39:33.410000,0 days 00:40:08.905000,263.0,285.0,282.0,267.0,False,SOFT,3.0,True,Mercedes,0 days 00:38:40.084000,2018-03-25 05:44:51.265,1,2.0,False,,False,True
0 days 00:41:37.133000,HAM,44,0 days 00:01:28.228000,23.0,2.0,,,0 days 00:00:29.533000,0 days 00:00:23.656000,0 days 00:00:35.039000,0 days 00:40:38.438000,0 days 00:41:02.094000,0 days 00:41:37.133000,266.0,290.0,283.0,273.0,False,SOFT,4.0,True,Mercedes,0 days 00:40:08.905000,2018-03-25 05:46:20.086,1,2.0,False,,False,True
0 days 00:43:05.523000,HAM,44,0 days 00:01:28.390000,24.0,2.0,,,0 days 00:00:29.771000,0 days 00:00:23.605000,0 days 00:00:35.014000,0 days 00:42:06.904000,0 days 00:42:30.509000,0 days 00:43:05.523000,267.0,292.0,282.0,267.0,False,SOFT,5.0,True,Mercedes,0 days 00:41:37.133000,2018-03-25 05:47:48.314,12,2.0,False,,False,True
0 days 00:44:34.204000,HAM,44,0 days 00:01:28.681000,25.0,2.0,,,0 days 00:00:29.909000,0 days 00:00:23.778000,0 days 00:00:34.994000,0 days 00:43:35.432000,0 days 00:43:59.210000,0 days 00:44:34.204000,258.0,293.0,283.0,269.0,False,SOFT,6.0,True,Mercedes,0 days 00:43:05.523000,2018-03-25 05:49:16.704,21,2.0,False,,False,True
0 days 00:46:31.892000,HAM,44,0 days 00:01:57.688000,26.0,2.0,,,0 days 00:00:35.658000,0 days 00:00:31.520000,0 days 00:00:50.510000,0 days 00:45:09.862000,0 days 00:45:41.382000,0 days 00:46:31.892000,122.0,121.0,181.0,256.0,False,SOFT,7.0,True,Mercedes,0 days 00:44:34.204000,2018-03-25 05:50:45.385,26,2.0,False,,False,False
0 days 00:48:39.022000,HAM,44,0 days 00:02:07.130000,27.0,2.0,,,0 days 00:00:42.534000,0 days 00:00:34.116000,0 days 00:00:50.480000,0 days 00:47:14.426000,0 days 00:47:48.542000,0 days 00:48:39.022000,142.0,166.0,196.0,252.0,False,SOFT,8.0,True,Mercedes,0 days 00:46:31.892000,2018-03-25 05:52:43.073,6,2.0,False,,False,False
0 days 00:50:42.014000,HAM,44,0 days 00:02:02.992000,28.0,2.0,,,0 days 00:00:43.307000,0 days 00:00:29.951000,0 days 00:00:49.734000,0 days 00:49:22.329000,0 days 00:49:52.280000,0 days 00:50:42.014000,140.0,264.0,129.0,222.0,False,SOFT,9.0,True,Mercedes,0 days 00:48:39.022000,2018-03-25 05:54:50.203,64,2.0,False,,False,False
0 days 00:52:55.162000,HAM,44,0 days 00:02:13.148000,29.0,2.0,,,0 days 00:00:41.980000,0 days 00:00:34.473000,0 days 00:00:56.695000,0 days 00:51:23.994000,0 days 00:51:58.467000,0 days 00:52:55.162000,128.0,235.0,238.0,228.0,False,SOFT,10.0,True,Mercedes,0 days 00:50:42.014000,2018-03-25 05:56:53.195,4,2.0,False,,False,False
0 days 00:55:11.890000,HAM,44,0 days 00:02:16.728000,30.0,2.0,,,0 days 00:00:45.709000,0 days 00:00:35.712000,0 days 00:00:55.307000,0 days 00:53:40.871000,0 days 00:54:16.583000,0 days 00:55:11.890000,147.0,201.0,241.0,97.0,False,SOFT,11.0,True,Mercedes,0 days 00:52:55.162000,2018-03-25 05:59:06.343,4,2.0,False,,False,False
0 days 00:57:29.777000,HAM,44,0 days 00:02:17.887000,31.0,2.0,,,0 days 00:00:46.793000,0 days 00:00:35.885000,0 days 00:00:55.209000,0 days 00:55:58.683000,0 days 00:56:34.568000,0 days 00:57:29.777000,135.0,216.0,286.0,120.0,False,SOFT,12.0,True,Mercedes,0 days 00:55:11.890000,2018-03-25 06:01:23.071,41,2.0,False,,False,False
0 days 00:58:57.678000,HAM,44,0 days 00:01:27.901000,32.0,2.0,,,0 days 00:00:29.593000,0 days 00:00:23.330000,0 days 00:00:34.978000,0 days 00:57:59.370000,0 days 00:58:22.700000,0 days 00:58:57.678000,281.0,301.0,288.0,291.0,False,SOFT,13.0,True,Mercedes,0 days 00:57:29.777000,2018-03-25 06:03:40.958,1,2.0,False,,False,True
0 days 01:00:25.654000,HAM,44,0 days 00:01:27.976000,33.0,2.0,,,0 days 00:00:29.561000,0 days 00:00:23.670000,0 days 00:00:34.745000,0 days 00:59:27.239000,0 days 00:59:50.909000,0 days 01:00:25.654000,278.0,297.0,287.0,302.0,False,SOFT,14.0,True,Mercedes,0 days 00:58:57.678000,2018-03-25 06:05:08.859,1,2.0,False,,False,True
0 days 01:01:53.236000,HAM,44,0 days 00:01:27.582000,34.0,2.0,,,0 days 00:00:29.616000,0 days 00:00:23.397000,0 days 00:00:34.569000,0 days 01:00:55.270000,0 days 01:01:18.667000,0 days 01:01:53.236000,273.0,292.0,297.0,290.0,True,SOFT,15.0,True,Mercedes,0 days 01:00:25.654000,2018-03-25 06:06:36.835,1,2.0,False,,False,True
0 days 01:03:20.279000,HAM,44,0 days 00:01:27.043000,35.0,2.0,,,0 days 00:00:29.252000,0 days 00:00:23.346000,0 days 00:00:34.445000,0 days 01:02:22.488000,0 days 01:02:45.834000,0 days 01:03:20.279000,,295.0,297.0,308.0,True,SOFT,16.0,True,Mercedes,0 days 01:01:53.236000,2018-03-25 06:08:04.417,1,2.0,False,,False,True
0 days 01:04:47.589000,HAM,44,0 days 00:01:27.310000,36.0,2.0,,,0 days 00:00:29.081000,0 days 00:00:23.549000,0 days 00:00:34.680000,0 days 01:03:49.360000,0 days 01:04:12.909000,0 days 01:04:47.589000,264.0,295.0,292.0,313.0,False,SOFT,17.0,True,Mercedes,0 days 01:03:20.279000,2018-03-25 06:09:31.460,1,2.0,False,,False,True
0 days 01:06:15.070000,HAM,44,0 days 00:01:27.481000,37.0,2.0,,,0 days 00:00:29.132000,0 days 00:00:23.501000,0 days 00:00:34.848000,0 days 01:05:16.721000,0 days 01:05:40.222000,0 days 01:06:15.070000,270.0,295.0,283.0,291.0,False,SOFT,18.0,True,Mercedes,0 days 01:04:47.589000,2018-03-25 06:10:58.770,1,2.0,False,,False,True
0 days 01:07:42.236000,HAM,44,0 days 00:01:27.166000,38.0,2.0,,,0 days 00:00:29.230000,0 days 00:00:23.266000,0 days 00:00:34.670000,0 days 01:06:44.300000,0 days 01:07:07.566000,0 days 01:07:42.236000,277.0,296.0,284.0,,False,SOFT,19.0,True,Mercedes,0 days 01:06:15.070000,2018-03-25 06:12:26.251,1,2.0,False,,False,True
0 days 01:09:09.125000,HAM,44,0 days 00:01:26.889000,39.0,2.0,,,0 days 00:00:29.040000,0 days 00:00:23.214000,0 days 00:00:34.635000,0 days 01:08:11.276000,0 days 01:08:34.490000,0 days 01:09:09.125000,279.0,298.0,285.0,297.0,True,SOFT,20.0,True,Mercedes,0 days 01:07:42.236000,2018-03-25 06:13:53.417,1,2.0,False,,False,True
0 days 01:10:36.005000,HAM,44,0 days 00:01:26.880000,40.0,2.0,,,0 days 00:00:29.126000,0 days 00:00:23.325000,0 days 00:00:34.429000,0 days 01:09:38.251000,0 days 01:10:01.576000,0 days 01:10:36.005000,276.0,297.0,285.0,302.0,True,SOFT,21.0,True,Mercedes,0 days 01:09:09.125000,2018-03-25 06:15:20.306,1,2.0,False,,False,True
0 days 01:12:02.848000,HAM,44,0 days 00:01:26.843000,41.0,2.0,,,0 days 00:00:29.153000,0 days 00:00:23.319000,0 days 00:00:34.371000,0 days 01:11:05.158000,0 days 01:11:28.477000,0 days 01:12:02.848000,275.0,298.0,295.0,285.0,True,SOFT,22.0,True,Mercedes,0 days 01:10:36.005000,2018-03-25 06:16:47.186,1,2.0,False,,False,True
0 days 01:13:30.009000,HAM,44,0 days 00:01:27.161000,42.0,2.0,,,0 days 00:00:29.046000,0 days 00:00:23.513000,0 days 00:00:34.602000,0 days 01:12:31.894000,0 days 01:12:55.407000,0 days 01:13:30.009000,277.0,297.0,284.0,313.0,False,SOFT,23.0,True,Mercedes,0 days 01:12:02.848000,2018-03-25 06:18:14.029,1,2.0,False,,False,True
0 days 01:14:56.891000,HAM,44,0 days 00:01:26.882000,43.0,2.0,,,0 days 00:00:29.100000,0 days 00:00:23.309000,0 days 00:00:34.473000,0 days 01:13:59.109000,0 days 01:14:22.418000,0 days 01:14:56.891000,281.0,298.0,287.0,284.0,False,SOFT,24.0,True,Mercedes,0 days 01:13:30.009000,2018-03-25 06:19:41.190,1,2.0,False,,False,True
0 days 01:16:23.919000,HAM,44,0 days 00:01:27.028000,44.0,2.0,,,0 days 00:00:29.108000,0 days 00:00:23.260000,0 days 00:00:34.660000,0 days 01:15:25.999000,0 days 01:15:49.259000,0 days 01:16:23.919000,279.0,297.0,287.0,292.0,False,SOFT,25.0,True,Mercedes,0 days 01:14:56.891000,2018-03-25 06:21:08.072,1,2.0,False,,False,True
0 days 01:17:50.817000,HAM,44,0 days 00:01:26.898000,45.0,2.0,,,0 days 00:00:29.021000,0 days 00:00:23.525000,0 days 00:00:34.352000,0 days 01:16:52.940000,0 days 01:17:16.465000,0 days 01:17:50.817000,278.0,298.0,289.0,300.0,False,SOFT,26.0,True,Mercedes,0 days 01:16:23.919000,2018-03-25 06:22:35.100,1,2.0,False,,False,True
0 days 01:19:17.340000,HAM,44,0 days 00:01:26.523000,46.0,2.0,,,0 days 00:00:28.951000,0 days 00:00:23.189000,0 days 00:00:34.383000,0 days 01:18:19.768000,0 days 01:18:42.957000,0 days 01:19:17.340000,279.0,303.0,297.0,302.0,True,SOFT,27.0,True,Mercedes,0 days 01:17:50.817000,2018-03-25 06:24:01.998,1,2.0,False,,False,True
0 days 01:20:46.424000,HAM,44,0 days 00:01:29.084000,47.0,2.0,,,0 days 00:00:28.968000,0 days 00:00:25.057000,0 days 00:00:35.059000,0 days 01:19:46.308000,0 days 01:20:11.365000,0 days 01:20:46.424000,281.0,296.0,286.0,315.0,False,SOFT,28.0,True,Mercedes,0 days 01:19:17.340000,2018-03-25 06:25:28.521,1,2.0,False,,False,True
0 days 01:22:12.972000,HAM,44,0 days 00:01:26.548000,48.0,2.0,,,0 days 00:00:28.930000,0 days 00:00:23.092000,0 days 00:00:34.526000,0 days 01:21:15.354000,0 days 01:21:38.446000,0 days 01:22:12.972000,277.0,299.0,287.0,294.0,False,SOFT,29.0,True,Mercedes,0 days 01:20:46.424000,2018-03-25 06:26:57.605,1,2.0,False,,False,True
0 days 01:23:39.628000,HAM,44,0 days 00:01:26.656000,49.0,2.0,,,0 days 00:00:28.760000,0 days 00:00:23.407000,0 days 00:00:34.489000,0 days 01:22:41.732000,0 days 01:23:05.139000,0 days 01:23:39.628000,280.0,297.0,285.0,302.0,False,SOFT,30.0,True,Mercedes,0 days 01:22:12.972000,2018-03-25 06:28:24.153,1,2.0,False,,False,True
0 days 01:25:06.072000,HAM,44,0 days 00:01:26.444000,50.0,2.0,,,0 days 00:00:28.863000,0 days 00:00:23.207000,0 days 00:00:34.374000,0 days 01:24:08.491000,0 days 01:24:31.698000,0 days 01:25:06.072000,279.0,299.0,288.0,299.0,True,SOFT,31.0,True,Mercedes,0 days 01:23:39.628000,2018-03-25 06:29:50.809,1,2.0,False,,False,True
0 days 01:26:32.719000,HAM,44,0 days 00:01:26.647000,51.0,2.0,,,0 days 00:00:28.817000,0 days 00:00:23.365000,0 days 00:00:34.465000,0 days 01:25:34.889000,0 days 01:25:58.254000,0 days 01:26:32.719000,280.0,298.0,289.0,300.0,False,SOFT,32.0,True,Mercedes,0 days 01:25:06.072000,2018-03-25 06:31:17.253,1,2.0,False,,False,True
0 days 01:27:59.230000,HAM,44,0 days 00:01:26.511000,52.0,2.0,,,0 days 00:00:29.004000,0 days 00:00:23.260000,0 days 00:00:34.247000,0 days 01:27:01.723000,0 days 01:27:24.983000,0 days 01:27:59.230000,281.0,298.0,289.0,299.0,False,SOFT,33.0,True,Mercedes,0 days 01:26:32.719000,2018-03-25 06:32:43.900,1,2.0,False,,False,True
0 days 01:29:27.008000,HAM,44,0 days 00:01:27.778000,53.0,2.0,,,0 days 00:00:28.896000,0 days 00:00:23.546000,0 days 00:00:35.336000,0 days 01:28:28.126000,0 days 01:28:51.672000,0 days 01:29:27.008000,280.0,301.0,283.0,302.0,False,SOFT,34.0,True,Mercedes,0 days 01:27:59.230000,2018-03-25 06:34:10.411,1,2.0,False,,False,True
0 days 01:30:54.980000,HAM,44,0 days 00:01:27.972000,54.0,2.0,,,0 days 00:00:29.245000,0 days 00:00:23.596000,0 days 00:00:35.131000,0 days 01:29:56.253000,0 days 01:30:19.849000,0 days 01:30:54.980000,274.0,295.0,281.0,281.0,False,SOFT,35.0,True,Mercedes,0 days 01:29:27.008000,2018-03-25 06:35:38.189,1,2.0,False,,False,True
0 days 01:32:22.781000,HAM,44,0 days 00:01:27.801000,55.0,2.0,,,0 days 00:00:29.287000,0 days 00:00:23.656000,0 days 00:00:34.858000,0 days 01:31:24.267000,0 days 01:31:47.923000,0 days 01:32:22.781000,273.0,294.0,282.0,283.0,False,SOFT,36.0,True,Mercedes,0 days 01:30:54.980000,2018-03-25 06:37:06.161,1,2.0,False,,False,True
0 days 01:33:50.510000,HAM,44,0 days 00:01:27.729000,56.0,2.0,,,0 days 00:00:29.140000,0 days 00:00:23.691000,0 days 00:00:34.898000,0 days 01:32:51.921000,0 days 01:33:15.612000,0 days 01:33:50.510000,276.0,295.0,282.0,281.0,False,SOFT,37.0,True,Mercedes,0 days 01:32:22.781000,2018-03-25 06:38:33.962,1,2.0,False,,False,True
0 days 01:35:18.558000,HAM,44,0 days 00:01:28.048000,57.0,2.0,,,0 days 00:00:29.328000,0 days 00:00:23.967000,0 days 00:00:34.753000,0 days 01:34:19.838000,0 days 01:34:43.805000,0 days 01:35:18.558000,,294.0,281.0,293.0,False,SOFT,38.0,True,Mercedes,0 days 01:33:50.510000,2018-03-25 06:40:01.691,1,2.0,False,,False,True
0 days 01:36:46.500000,HAM,44,0 days 00:01:27.942000,58.0,2.0,,,0 days 00:00:29.157000,0 days 00:00:23.617000,0 days 00:00:35.168000,0 days 01:35:47.715000,0 days 01:36:11.332000,0 days 01:36:46.500000,,295.0,233.0,292.0,False,SOFT,39.0,True,Mercedes,0 days 01:35:18.558000,2018-03-25 06:41:29.739,1,2.0,False,,False,True
0 days 00:08:44.375000,VET,5,0 days 00:01:36.194000,1.0,,,,,0 days 00:00:24.142000,0 days 00:00:36.352000,,0 days 00:08:08.653000,0 days 00:08:44.559000,275.0,290.0,286.0,241.0,False,nan,,True,Ferrari,0 days 00:07:07.988000,2018-03-25 05:13:19.169,,3.0,False,,False,False
0 days 00:10:14.937000,VET,5,0 days 00:01:30.562000,2.0,1.0,,,0 days 00:00:30.174000,0 days 00:00:23.995000,0 days 00:00:36.393000,0 days 00:09:14.537000,0 days 00:09:38.532000,0 days 00:10:14.925000,268.0,288.0,285.0,288.0,True,ULTRASOFT,4.0,False,Ferrari,0 days 00:08:44.375000,2018-03-25 05:14:55.556,,3.0,False,,False,False
0 days 00:11:45.114000,VET,5,0 days 00:01:30.177000,3.0,1.0,,,0 days 00:00:30.157000,0 days 00:00:23.966000,0 days 00:00:36.054000,0 days 00:10:45.082000,0 days 00:11:09.048000,0 days 00:11:45.102000,,289.0,286.0,278.0,True,ULTRASOFT,5.0,False,Ferrari,0 days 00:10:14.937000,2018-03-25 05:16:26.118,,3.0,False,,False,False
0 days 00:13:14.724000,VET,5,0 days 00:01:29.610000,4.0,1.0,,,0 days 00:00:29.954000,0 days 00:00:23.871000,0 days 00:00:35.785000,0 days 00:12:15.056000,0 days 00:12:38.927000,0 days 00:13:14.712000,271.0,291.0,284.0,286.0,True,ULTRASOFT,6.0,False,Ferrari,0 days 00:11:45.114000,2018-03-25 05:17:56.295,,3.0,False,,False,False
0 days 00:14:44.264000,VET,5,0 days 00:01:29.540000,5.0,1.0,,,0 days 00:00:29.827000,0 days 00:00:23.850000,0 days 00:00:35.863000,0 days 00:13:44.539000,0 days 00:14:08.389000,0 days 00:14:44.252000,270.0,290.0,283.0,277.0,True,ULTRASOFT,7.0,False,Ferrari,0 days 00:13:14.724000,2018-03-25 05:19:25.905,,3.0,False,,False,False
0 days 00:16:14.761000,VET,5,0 days 00:01:30.497000,6.0,1.0,,,0 days 00:00:30.008000,0 days 00:00:23.981000,0 days 00:00:36.508000,0 days 00:15:14.260000,0 days 00:15:38.241000,0 days 00:16:14.749000,268.0,287.0,284.0,287.0,False,ULTRASOFT,8.0,False,Ferrari,0 days 00:14:44.264000,2018-03-25 05:20:55.445,21,3.0,False,,False,True
0 days 00:17:44.938000,VET,5,0 days 00:01:30.177000,7.0,1.0,,,0 days 00:00:29.821000,0 days 00:00:23.961000,0 days 00:00:36.395000,0 days 00:16:44.570000,0 days 00:17:08.531000,0 days 00:17:44.926000,269.0,288.0,284.0,283.0,False,ULTRASOFT,9.0,False,Ferrari,0 days 00:16:14.761000,2018-03-25 05:22:25.942,21,3.0,False,,False,True
0 days 00:19:14.419000,VET,5,0 days 00:01:29.481000,8.0,1.0,,,0 days 00:00:29.827000,0 days 00:00:23.867000,0 days 00:00:35.787000,0 days 00:18:14.753000,0 days 00:18:38.620000,0 days 00:19:14.407000,270.0,288.0,284.0,284.0,True,ULTRASOFT,10.0,False,Ferrari,0 days 00:17:44.938000,2018-03-25 05:23:56.119,1,3.0,False,,False,True
0 days 00:20:43.794000,VET,5,0 days 00:01:29.375000,9.0,1.0,,,0 days 00:00:29.781000,0 days 00:00:23.823000,0 days 00:00:35.771000,0 days 00:19:44.188000,0 days 00:20:08.011000,0 days 00:20:43.782000,269.0,287.0,287.0,285.0,True,ULTRASOFT,11.0,False,Ferrari,0 days 00:19:14.419000,2018-03-25 05:25:25.600,1,3.0,False,,False,True
0 days 00:22:12.459000,VET,5,0 days 00:01:28.665000,10.0,1.0,,,0 days 00:00:29.489000,0 days 00:00:23.706000,0 days 00:00:35.470000,0 days 00:21:13.271000,0 days 00:21:36.977000,0 days 00:22:12.447000,275.0,292.0,287.0,292.0,True,ULTRASOFT,12.0,False,Ferrari,0 days 00:20:43.794000,2018-03-25 05:26:54.975,12,3.0,False,,False,True
0 days 00:23:41.484000,VET,5,0 days 00:01:29.025000,11.0,1.0,,,0 days 00:00:29.697000,0 days 00:00:23.746000,0 days 00:00:35.582000,0 days 00:22:42.144000,0 days 00:23:05.890000,0 days 00:23:41.472000,274.0,289.0,285.0,294.0,False,ULTRASOFT,13.0,False,Ferrari,0 days 00:22:12.459000,2018-03-25 05:28:23.640,1,3.0,False,,False,True
0 days 00:25:09.889000,VET,5,0 days 00:01:28.405000,12.0,1.0,,,0 days 00:00:29.523000,0 days 00:00:23.598000,0 days 00:00:35.284000,0 days 00:24:10.995000,0 days 00:24:34.593000,0 days 00:25:09.877000,273.0,290.0,287.0,291.0,True,ULTRASOFT,14.0,False,Ferrari,0 days 00:23:41.484000,2018-03-25 05:29:52.665,1,3.0,False,,False,True
0 days 00:26:38.998000,VET,5,0 days 00:01:29.109000,13.0,1.0,,,0 days 00:00:29.579000,0 days 00:00:23.933000,0 days 00:00:35.597000,0 days 00:25:39.456000,0 days 00:26:03.389000,0 days 00:26:38.986000,,290.0,285.0,295.0,False,ULTRASOFT,15.0,False,Ferrari,0 days 00:25:09.889000,2018-03-25 05:31:21.070,1,3.0,False,,False,True
0 days 00:28:07.799000,VET,5,0 days 00:01:28.801000,14.0,1.0,,,0 days 00:00:29.590000,0 days 00:00:23.774000,0 days 00:00:35.437000,0 days 00:27:08.576000,0 days 00:27:32.350000,0 days 00:28:07.787000,275.0,290.0,285.0,294.0,False,ULTRASOFT,16.0,False,Ferrari,0 days 00:26:38.998000,2018-03-25 05:32:50.179,1,3.0,False,,False,True
0 days 00:29:36.484000,VET,5,0 days 00:01:28.685000,15.0,1.0,,,0 days 00:00:29.647000,0 days 00:00:23.739000,0 days 00:00:35.299000,0 days 00:28:37.434000,0 days 00:29:01.173000,0 days 00:29:36.472000,272.0,290.0,284.0,292.0,False,ULTRASOFT,17.0,False,Ferrari,0 days 00:28:07.799000,2018-03-25 05:34:18.980,1,3.0,False,,False,True
0 days 00:31:05.188000,VET,5,0 days 00:01:28.704000,16.0,1.0,,,0 days 00:00:29.530000,0 days 00:00:23.743000,0 days 00:00:35.431000,0 days 00:30:06.002000,0 days 00:30:29.745000,0 days 00:31:05.176000,274.0,290.0,284.0,289.0,False,ULTRASOFT,18.0,False,Ferrari,0 days 00:29:36.484000,2018-03-25 05:35:47.665,1,3.0,False,,False,True
0 days 00:32:33.784000,VET,5,0 days 00:01:28.596000,17.0,1.0,,,0 days 00:00:29.457000,0 days 00:00:23.659000,0 days 00:00:35.480000,0 days 00:31:34.633000,0 days 00:31:58.292000,0 days 00:32:33.772000,,289.0,284.0,290.0,False,ULTRASOFT,19.0,False,Ferrari,0 days 00:31:05.188000,2018-03-25 05:37:16.369,1,3.0,False,,False,True
0 days 00:34:02.318000,VET,5,0 days 00:01:28.534000,18.0,1.0,,,0 days 00:00:29.455000,0 days 00:00:23.670000,0 days 00:00:35.409000,0 days 00:33:03.227000,0 days 00:33:26.897000,0 days 00:34:02.306000,273.0,289.0,283.0,289.0,False,ULTRASOFT,20.0,False,Ferrari,0 days 00:32:33.784000,2018-03-25 05:38:44.965,1,2.0,False,,False,True
0 days 00:35:30.806000,VET,5,0 days 00:01:28.488000,19.0,1.0,,,0 days 00:00:29.649000,0 days 00:00:23.646000,0 days 00:00:35.193000,0 days 00:34:31.955000,0 days 00:34:55.601000,0 days 00:35:30.794000,274.0,287.0,283.0,,False,ULTRASOFT,21.0,False,Ferrari,0 days 00:34:02.318000,2018-03-25 05:40:13.499,1,1.0,False,,False,True
0 days 00:36:59.051000,VET,5,0 days 00:01:28.245000,20.0,1.0,,,0 days 00:00:29.427000,0 days 00:00:23.558000,0 days 00:00:35.260000,0 days 00:36:00.221000,0 days 00:36:23.779000,0 days 00:36:59.039000,273.0,290.0,282.0,290.0,True,ULTRASOFT,22.0,False,Ferrari,0 days 00:35:30.806000,2018-03-25 05:41:41.987,1,1.0,False,,False,True
0 days 00:38:27.612000,VET,5,0 days 00:01:28.561000,21.0,1.0,,,0 days 00:00:29.574000,0 days 00:00:23.670000,0 days 00:00:35.317000,0 days 00:37:28.613000,0 days 00:37:52.283000,0 days 00:38:27.600000,271.0,288.0,282.0,285.0,False,ULTRASOFT,23.0,False,Ferrari,0 days 00:36:59.051000,2018-03-25 05:43:10.232,1,1.0,False,,False,True
0 days 00:39:56.127000,VET,5,0 days 00:01:28.515000,22.0,1.0,,,0 days 00:00:29.521000,0 days 00:00:23.775000,0 days 00:00:35.219000,0 days 00:38:57.121000,0 days 00:39:20.896000,0 days 00:39:56.115000,272.0,290.0,283.0,288.0,False,ULTRASOFT,24.0,False,Ferrari,0 days 00:38:27.612000,2018-03-25 05:44:38.793,1,1.0,False,,False,True
0 days 00:41:25.081000,VET,5,0 days 00:01:28.954000,23.0,1.0,,,0 days 00:00:29.497000,0 days 00:00:23.913000,0 days 00:00:35.544000,0 days 00:40:25.612000,0 days 00:40:49.525000,0 days 00:41:25.069000,271.0,290.0,284.0,,False,ULTRASOFT,25.0,False,Ferrari,0 days 00:39:56.127000,2018-03-25 05:46:07.308,1,1.0,False,,False,True
0 days 00:42:54.111000,VET,5,0 days 00:01:29.030000,24.0,1.0,,,0 days 00:00:29.852000,0 days 00:00:23.757000,0 days 00:00:35.421000,0 days 00:41:54.921000,0 days 00:42:18.678000,0 days 00:42:54.099000,270.0,293.0,283.0,290.0,False,ULTRASOFT,26.0,False,Ferrari,0 days 00:41:25.081000,2018-03-25 05:47:36.262,12,1.0,False,,False,True
0 days 00:44:22.898000,VET,5,0 days 00:01:28.787000,25.0,1.0,,,0 days 00:00:29.430000,0 days 00:00:23.746000,0 days 00:00:35.611000,0 days 00:43:23.529000,0 days 00:43:47.275000,0 days 00:44:22.886000,273.0,294.0,284.0,,False,ULTRASOFT,27.0,False,Ferrari,0 days 00:42:54.111000,2018-03-25 05:49:05.292,21,1.0,False,,False,True
0 days 00:46:28.006000,VET,5,0 days 00:02:05.108000,26.0,1.0,,0 days 00:46:08.993000,0 days 00:00:30.310000,0 days 00:00:32.642000,,0 days 00:44:53.256000,0 days 00:45:25.882000,,272.0,214.0,,288.0,False,ULTRASOFT,28.0,False,Ferrari,0 days 00:44:22.898000,2018-03-25 05:50:34.079,26,1.0,False,,False,False
0 days 00:48:37.353000,VET,5,0 days 00:02:09.347000,27.0,2.0,0 days 00:46:30.807000,,0 days 00:00:45.345000,0 days 00:00:34.314000,0 days 00:00:49.688000,0 days 00:47:13.339000,0 days 00:47:47.653000,0 days 00:48:37.341000,158.0,207.0,184.0,228.0,False,SOFT,1.0,True,Ferrari,0 days 00:46:28.006000,2018-03-25 05:52:39.187,6,1.0,False,,False,False
0 days 00:50:40.601000,VET,5,0 days 00:02:03.248000,28.0,2.0,,,0 days 00:00:43.269000,0 days 00:00:30.519000,0 days 00:00:49.460000,0 days 00:49:20.610000,0 days 00:49:51.129000,0 days 00:50:40.589000,184.0,242.0,195.0,217.0,False,SOFT,2.0,True,Ferrari,0 days 00:48:37.353000,2018-03-25 05:54:48.534,64,1.0,False,,False,False
0 days 00:52:53.710000,VET,5,0 days 00:02:13.109000,29.0,2.0,,,0 days 00:00:41.714000,0 days 00:00:33.751000,0 days 00:00:57.644000,0 days 00:51:22.303000,0 days 00:51:56.054000,0 days 00:52:53.698000,143.0,220.0,183.0,164.0,False,SOFT,3.0,True,Ferrari,0 days 00:50:40.601000,2018-03-25 05:56:51.782,4,1.0,False,,False,False
0 days 00:55:10.180000,VET,5,0 days 00:02:16.470000,30.0,2.0,,,0 days 00:00:46.299000,0 days 00:00:34.495000,0 days 00:00:55.676000,0 days 00:53:39.997000,0 days 00:54:14.492000,0 days 00:55:10.168000,174.0,216.0,188.0,182.0,False,SOFT,4.0,True,Ferrari,0 days 00:52:53.710000,2018-03-25 05:59:04.891,4,1.0,False,,False,False
0 days 00:57:29.037000,VET,5,0 days 00:02:18.857000,31.0,2.0,,,0 days 00:00:46.161000,0 days 00:00:35.597000,0 days 00:00:57.099000,0 days 00:55:56.329000,0 days 00:56:31.926000,0 days 00:57:29.025000,186.0,217.0,283.0,196.0,False,SOFT,5.0,True,Ferrari,0 days 00:55:10.180000,2018-03-25 06:01:21.361,41,1.0,False,,False,False
0 days 00:58:57.035000,VET,5,0 days 00:01:27.998000,32.0,2.0,,,0 days 00:00:29.636000,0 days 00:00:23.382000,0 days 00:00:34.980000,0 days 00:57:58.661000,0 days 00:58:22.043000,0 days 00:58:57.023000,267.0,290.0,282.0,293.0,True,SOFT,6.0,True,Ferrari,0 days 00:57:29.037000,2018-03-25 06:03:40.218,1,1.0,False,,False,True
0 days 01:00:24.924000,VET,5,0 days 00:01:27.889000,33.0,2.0,,,0 days 00:00:29.514000,0 days 00:00:23.290000,0 days 00:00:35.085000,0 days 00:59:26.537000,0 days 00:59:49.827000,0 days 01:00:24.912000,270.0,289.0,279.0,285.0,True,SOFT,7.0,True,Ferrari,0 days 00:58:57.035000,2018-03-25 06:05:08.216,1,1.0,False,,False,True
0 days 01:01:52.483000,VET,5,0 days 00:01:27.559000,34.0,2.0,,,0 days 00:00:29.459000,0 days 00:00:23.277000,0 days 00:00:34.823000,0 days 01:00:54.371000,0 days 01:01:17.648000,0 days 01:01:52.471000,274.0,291.0,280.0,,True,SOFT,8.0,True,Ferrari,0 days 01:00:24.924000,2018-03-25 06:06:36.105,1,1.0,False,,False,True
0 days 01:03:19.583000,VET,5,0 days 00:01:27.100000,35.0,2.0,,,0 days 00:00:29.209000,0 days 00:00:23.332000,0 days 00:00:34.559000,0 days 01:02:21.680000,0 days 01:02:45.012000,0 days 01:03:19.571000,277.0,293.0,280.0,286.0,True,SOFT,9.0,True,Ferrari,0 days 01:01:52.483000,2018-03-25 06:08:03.664,1,1.0,False,,False,True
0 days 01:04:46.706000,VET,5,0 days 00:01:27.123000,36.0,2.0,,,0 days 00:00:29.093000,0 days 00:00:23.277000,0 days 00:00:34.753000,0 days 01:03:48.664000,0 days 01:04:11.941000,0 days 01:04:46.694000,276.0,293.0,278.0,285.0,False,SOFT,10.0,True,Ferrari,0 days 01:03:19.583000,2018-03-25 06:09:30.764,1,1.0,False,,False,True
0 days 01:06:13.881000,VET,5,0 days 00:01:27.175000,37.0,2.0,,,0 days 00:00:29.087000,0 days 00:00:23.276000,0 days 00:00:34.812000,0 days 01:05:15.781000,0 days 01:05:39.057000,0 days 01:06:13.869000,,291.0,280.0,289.0,False,SOFT,11.0,True,Ferrari,0 days 01:04:46.706000,2018-03-25 06:10:57.887,1,1.0,False,,False,True
0 days 01:07:41.190000,VET,5,0 days 00:01:27.309000,38.0,2.0,,,0 days 00:00:29.176000,0 days 00:00:23.345000,0 days 00:00:34.788000,0 days 01:06:43.045000,0 days 01:07:06.390000,0 days 01:07:41.178000,275.0,289.0,277.0,284.0,False,SOFT,12.0,True,Ferrari,0 days 01:06:13.881000,2018-03-25 06:12:25.062,1,1.0,False,,False,True
0 days 01:09:08.137000,VET,5,0 days 00:01:26.947000,39.0,2.0,,,0 days 00:00:29.056000,0 days 00:00:23.303000,0 days 00:00:34.588000,0 days 01:08:10.234000,0 days 01:08:33.537000,0 days 01:09:08.125000,278.0,293.0,281.0,285.0,True,SOFT,13.0,True,Ferrari,0 days 01:07:41.190000,2018-03-25 06:13:52.371,1,1.0,False,,False,True
0 days 01:10:35.046000,VET,5,0 days 00:01:26.909000,40.0,2.0,,,0 days 00:00:29.031000,0 days 00:00:23.238000,0 days 00:00:34.640000,0 days 01:09:37.156000,0 days 01:10:00.394000,0 days 01:10:35.034000,275.0,291.0,281.0,289.0,True,SOFT,14.0,True,Ferrari,0 days 01:09:08.137000,2018-03-25 06:15:19.318,1,1.0,False,,False,True
0 days 01:12:01.992000,VET,5,0 days 00:01:26.946000,41.0,2.0,,,0 days 00:00:29.074000,0 days 00:00:23.360000,0 days 00:00:34.512000,0 days 01:11:04.108000,0 days 01:11:27.468000,0 days 01:12:01.980000,276.0,291.0,285.0,287.0,False,SOFT,15.0,True,Ferrari,0 days 01:10:35.046000,2018-03-25 06:16:46.227,1,1.0,False,,False,True
0 days 01:13:29.014000,VET,5,0 days 00:01:27.022000,42.0,2.0,,,0 days 00:00:29.104000,0 days 00:00:23.404000,0 days 00:00:34.514000,0 days 01:12:31.084000,0 days 01:12:54.488000,0 days 01:13:29.002000,275.0,291.0,280.0,292.0,False,SOFT,16.0,True,Ferrari,0 days 01:12:01.992000,2018-03-25 06:18:13.173,1,1.0,False,,False,True
0 days 01:14:55.886000,VET,5,0 days 00:01:26.872000,43.0,2.0,,,0 days 00:00:29.005000,0 days 00:00:23.305000,0 days 00:00:34.562000,0 days 01:13:58.007000,0 days 01:14:21.312000,0 days 01:14:55.874000,276.0,291.0,280.0,286.0,True,SOFT,17.0,True,Ferrari,0 days 01:13:29.014000,2018-03-25 06:19:40.195,1,1.0,False,,False,True
0 days 01:16:22.967000,VET,5,0 days 00:01:27.081000,44.0,2.0,,,0 days 00:00:29.101000,0 days 00:00:23.201000,0 days 00:00:34.779000,0 days 01:15:24.975000,0 days 01:15:48.176000,0 days 01:16:22.955000,277.0,292.0,281.0,283.0,False,SOFT,18.0,True,Ferrari,0 days 01:14:55.886000,2018-03-25 06:21:07.067,1,1.0,False,,False,True
0 days 01:17:49.752000,VET,5,0 days 00:01:26.785000,45.0,2.0,,,0 days 00:00:28.973000,0 days 00:00:23.279000,0 days 00:00:34.533000,0 days 01:16:51.928000,0 days 01:17:15.207000,0 days 01:17:49.740000,275.0,291.0,282.0,284.0,True,SOFT,19.0,True,Ferrari,0 days 01:16:22.967000,2018-03-25 06:22:34.148,1,1.0,False,,False,True
0 days 01:19:16.518000,VET,5,0 days 00:01:26.766000,46.0,2.0,,,0 days 00:00:29.044000,0 days 00:00:23.379000,0 days 00:00:34.343000,0 days 01:18:18.784000,0 days 01:18:42.163000,0 days 01:19:16.506000,274.0,291.0,284.0,285.0,True,SOFT,20.0,True,Ferrari,0 days 01:17:49.752000,2018-03-25 06:24:00.933,1,1.0,False,,False,True
0 days 01:20:43.515000,VET,5,0 days 00:01:26.997000,47.0,2.0,,,0 days 00:00:29.044000,0 days 00:00:23.309000,0 days 00:00:34.644000,,0 days 01:20:08.859000,0 days 01:20:43.503000,273.0,290.0,283.0,293.0,False,SOFT,21.0,True,Ferrari,0 days 01:19:16.518000,2018-03-25 06:25:27.699,1,1.0,False,,False,True
0 days 01:22:10.752000,VET,5,0 days 00:01:27.237000,48.0,2.0,,,0 days 00:00:29.158000,0 days 00:00:23.398000,0 days 00:00:34.681000,0 days 01:21:12.661000,0 days 01:21:36.059000,0 days 01:22:10.740000,271.0,288.0,285.0,283.0,False,SOFT,22.0,True,Ferrari,0 days 01:20:43.515000,2018-03-25 06:26:54.696,1,1.0,False,,False,True
0 days 01:23:37.836000,VET,5,0 days 00:01:27.084000,49.0,2.0,,,0 days 00:00:28.916000,0 days 00:00:23.444000,0 days 00:00:34.724000,0 days 01:22:39.656000,0 days 01:23:03.100000,0 days 01:23:37.824000,278.0,292.0,281.0,291.0,False,SOFT,23.0,True,Ferrari,0 days 01:22:10.752000,2018-03-25 06:28:21.933,1,1.0,False,,False,True
0 days 01:25:04.640000,VET,5,0 days 00:01:26.804000,50.0,2.0,,,0 days 00:00:29.066000,0 days 00:00:23.338000,0 days 00:00:34.400000,0 days 01:24:06.890000,0 days 01:24:30.228000,0 days 01:25:04.628000,,290.0,282.0,285.0,False,SOFT,24.0,True,Ferrari,0 days 01:23:37.836000,2018-03-25 06:29:49.017,1,1.0,False,,False,True
0 days 01:26:31.244000,VET,5,0 days 00:01:26.604000,51.0,2.0,,,0 days 00:00:28.968000,0 days 00:00:23.302000,0 days 00:00:34.334000,0 days 01:25:33.596000,0 days 01:25:56.898000,0 days 01:26:31.232000,276.0,290.0,283.0,,True,SOFT,25.0,True,Ferrari,0 days 01:25:04.640000,2018-03-25 06:31:15.821,1,1.0,False,,False,True
0 days 01:27:58.212000,VET,5,0 days 00:01:26.968000,52.0,2.0,,,0 days 00:00:29.218000,0 days 00:00:23.343000,0 days 00:00:34.407000,0 days 01:27:00.450000,0 days 01:27:23.793000,0 days 01:27:58.200000,274.0,288.0,281.0,284.0,False,SOFT,26.0,True,Ferrari,0 days 01:26:31.244000,2018-03-25 06:32:42.425,1,1.0,False,,False,True
0 days 01:29:24.681000,VET,5,0 days 00:01:26.469000,53.0,2.0,,,0 days 00:00:28.891000,0 days 00:00:23.198000,0 days 00:00:34.380000,0 days 01:28:27.091000,0 days 01:28:50.289000,0 days 01:29:24.669000,277.0,293.0,282.0,286.0,True,SOFT,27.0,True,Ferrari,0 days 01:27:58.212000,2018-03-25 06:34:09.393,1,1.0,False,,False,True
0 days 01:30:51.392000,VET,5,0 days 00:01:26.711000,54.0,2.0,,,0 days 00:00:29.011000,0 days 00:00:23.289000,0 days 00:00:34.411000,0 days 01:29:53.680000,0 days 01:30:16.969000,0 days 01:30:51.380000,273.0,290.0,282.0,283.0,False,SOFT,28.0,True,Ferrari,0 days 01:29:24.681000,2018-03-25 06:35:35.862,1,1.0,False,,False,True
0 days 01:32:18.375000,VET,5,0 days 00:01:26.983000,55.0,2.0,,,0 days 00:00:29.103000,0 days 00:00:23.440000,0 days 00:00:34.440000,0 days 01:31:20.483000,0 days 01:31:43.923000,0 days 01:32:18.363000,274.0,286.0,279.0,284.0,False,SOFT,29.0,True,Ferrari,0 days 01:30:51.392000,2018-03-25 06:37:02.573,1,1.0,False,,False,True
0 days 01:33:45.611000,VET,5,0 days 00:01:27.236000,56.0,2.0,,,0 days 00:00:29.154000,0 days 00:00:23.391000,0 days 00:00:34.691000,0 days 01:32:47.517000,0 days 01:33:10.908000,0 days 01:33:45.599000,,290.0,281.0,,False,SOFT,30.0,True,Ferrari,0 days 01:32:18.375000,2018-03-25 06:38:29.556,1,1.0,False,,False,True
0 days 01:35:12.601000,VET,5,0 days 00:01:26.990000,57.0,2.0,,,0 days 00:00:29.017000,0 days 00:00:23.412000,0 days 00:00:34.561000,0 days 01:34:14.616000,0 days 01:34:38.028000,0 days 01:35:12.589000,276.0,289.0,279.0,286.0,False,SOFT,31.0,True,Ferrari,0 days 01:33:45.611000,2018-03-25 06:39:56.792,1,1.0,False,,False,True
0 days 01:36:41.464000,VET,5,0 days 00:01:28.863000,58.0,2.0,,,0 days 00:00:29.357000,0 days 00:00:23.597000,0 days 00:00:35.909000,0 days 01:35:41.946000,0 days 01:36:05.543000,0 days 01:36:41.452000,271.0,289.0,219.0,284.0,False,SOFT,32.0,True,Ferrari,0 days 01:35:12.601000,2018-03-25 06:41:23.782,1,1.0,False,,False,True
0 days 00:08:48.746000,SAI,55,0 days 00:01:40.565000,1.0,,,,,0 days 00:00:24.762000,0 days 00:00:37.444000,,0 days 00:08:11.513000,0 days 00:08:48.997000,272.0,298.0,282.0,227.0,False,nan,,True,Renault,0 days 00:07:07.988000,2018-03-25 05:13:19.169,,9.0,False,,False,False
0 days 00:10:20.068000,SAI,55,0 days 00:01:31.322000,2.0,1.0,,,0 days 00:00:30.437000,0 days 00:00:24.592000,0 days 00:00:36.293000,0 days 00:09:19.168000,0 days 00:09:43.760000,0 days 00:10:20.053000,266.0,286.0,284.0,283.0,True,ULTRASOFT,4.0,False,Renault,0 days 00:08:48.746000,2018-03-25 05:14:59.927,,9.0,False,,False,False
0 days 00:11:51.335000,SAI,55,0 days 00:01:31.267000,3.0,1.0,,,0 days 00:00:30.587000,0 days 00:00:24.378000,0 days 00:00:36.302000,0 days 00:10:50.640000,0 days 00:11:15.018000,0 days 00:11:51.320000,267.0,286.0,288.0,282.0,True,ULTRASOFT,5.0,False,Renault,0 days 00:10:20.068000,2018-03-25 05:16:31.249,,9.0,False,,False,False
0 days 00:13:22.007000,SAI,55,0 days 00:01:30.672000,4.0,1.0,,,0 days 00:00:30.184000,0 days 00:00:24.296000,0 days 00:00:36.192000,0 days 00:12:21.504000,0 days 00:12:45.800000,0 days 00:13:21.992000,270.0,290.0,294.0,289.0,True,ULTRASOFT,6.0,False,Renault,0 days 00:11:51.335000,2018-03-25 05:18:02.516,,9.0,False,,False,False
0 days 00:14:53.841000,SAI,55,0 days 00:01:31.834000,5.0,1.0,,,0 days 00:00:30.405000,0 days 00:00:24.373000,0 days 00:00:37.056000,0 days 00:13:52.397000,0 days 00:14:16.770000,0 days 00:14:53.826000,267.0,289.0,295.0,290.0,False,ULTRASOFT,7.0,False,Renault,0 days 00:13:22.007000,2018-03-25 05:19:33.188,2,9.0,False,,False,True
0 days 00:16:25.657000,SAI,55,0 days 00:01:31.816000,6.0,1.0,,,0 days 00:00:30.781000,0 days 00:00:24.352000,0 days 00:00:36.683000,0 days 00:15:24.607000,0 days 00:15:48.959000,0 days 00:16:25.642000,269.0,288.0,284.0,283.0,False,ULTRASOFT,8.0,False,Renault,0 days 00:14:53.841000,2018-03-25 05:21:05.022,21,9.0,False,,False,True
0 days 00:17:56.337000,SAI,55,0 days 00:01:30.680000,7.0,1.0,,,0 days 00:00:30.415000,0 days 00:00:24.096000,0 days 00:00:36.169000,0 days 00:16:56.057000,0 days 00:17:20.153000,0 days 00:17:56.322000,270.0,286.0,285.0,,False,ULTRASOFT,9.0,False,Renault,0 days 00:16:25.657000,2018-03-25 05:22:36.838,21,9.0,False,,False,True
0 days 00:19:26.933000,SAI,55,0 days 00:01:30.596000,8.0,1.0,,,0 days 00:00:30.300000,0 days 00:00:24.133000,0 days 00:00:36.163000,0 days 00:18:26.622000,0 days 00:18:50.755000,0 days 00:19:26.918000,266.0,286.0,284.0,281.0,True,ULTRASOFT,10.0,False,Renault,0 days 00:17:56.337000,2018-03-25 05:24:07.518,1,9.0,False,,False,True
0 days 00:20:57.172000,SAI,55,0 days 00:01:30.239000,9.0,1.0,,,0 days 00:00:30.174000,0 days 00:00:24.122000,0 days 00:00:35.943000,0 days 00:19:57.092000,0 days 00:20:21.214000,0 days 00:20:57.157000,,284.0,284.0,280.0,True,ULTRASOFT,11.0,False,Renault,0 days 00:19:26.933000,2018-03-25 05:25:38.114,1,9.0,False,,False,True
0 days 00:22:29.211000,SAI,55,0 days 00:01:32.039000,10.0,1.0,,,0 days 00:00:31.422000,0 days 00:00:24.570000,0 days 00:00:36.047000,0 days 00:21:28.579000,0 days 00:21:53.149000,0 days 00:22:29.196000,269.0,288.0,286.0,276.0,False,ULTRASOFT,12.0,False,Renault,0 days 00:20:57.172000,2018-03-25 05:27:08.353,12,9.0,False,,False,True
0 days 00:23:59.576000,SAI,55,0 days 00:01:30.365000,11.0,1.0,,,0 days 00:00:30.104000,0 days 00:00:24.213000,0 days 00:00:36.048000,0 days 00:22:59.300000,0 days 00:23:23.513000,0 days 00:23:59.561000,,284.0,283.0,279.0,False,ULTRASOFT,13.0,False,Renault,0 days 00:22:29.211000,2018-03-25 05:28:40.392,1,9.0,False,,False,True
0 days 00:25:29.920000,SAI,55,0 days 00:01:30.344000,12.0,1.0,,,0 days 00:00:30.297000,0 days 00:00:24.192000,0 days 00:00:35.855000,0 days 00:24:29.858000,0 days 00:24:54.050000,0 days 00:25:29.905000,266.0,284.0,283.0,273.0,False,ULTRASOFT,14.0,False,Renault,0 days 00:23:59.576000,2018-03-25 05:30:10.757,1,9.0,False,,False,True
0 days 00:26:59.998000,SAI,55,0 days 00:01:30.078000,13.0,1.0,,,0 days 00:00:30.158000,0 days 00:00:24.126000,0 days 00:00:35.794000,0 days 00:26:00.063000,0 days 00:26:24.189000,0 days 00:26:59.983000,,285.0,283.0,274.0,True,ULTRASOFT,15.0,False,Renault,0 days 00:25:29.920000,2018-03-25 05:31:41.101,1,9.0,False,,False,True
0 days 00:28:30.307000,SAI,55,0 days 00:01:30.309000,14.0,1.0,,,0 days 00:00:30.635000,0 days 00:00:24.051000,0 days 00:00:35.623000,0 days 00:27:30.618000,0 days 00:27:54.669000,0 days 00:28:30.292000,268.0,286.0,283.0,272.0,False,ULTRASOFT,16.0,False,Renault,0 days 00:26:59.998000,2018-03-25 05:33:11.179,1,9.0,False,,False,True
0 days 00:30:00.622000,SAI,55,0 days 00:01:30.315000,15.0,1.0,,,0 days 00:00:30.301000,0 days 00:00:24.382000,0 days 00:00:35.632000,0 days 00:29:00.593000,0 days 00:29:24.975000,0 days 00:30:00.607000,265.0,284.0,281.0,279.0,False,ULTRASOFT,17.0,False,Renault,0 days 00:28:30.307000,2018-03-25 05:34:41.488,1,9.0,False,,False,True
0 days 00:31:30.786000,SAI,55,0 days 00:01:30.164000,16.0,1.0,,,0 days 00:00:30.126000,0 days 00:00:24.166000,0 days 00:00:35.872000,0 days 00:30:30.733000,0 days 00:30:54.899000,0 days 00:31:30.771000,268.0,284.0,282.0,272.0,False,ULTRASOFT,18.0,False,Renault,0 days 00:30:00.622000,2018-03-25 05:36:11.803,1,9.0,False,,False,True
0 days 00:33:00.929000,SAI,55,0 days 00:01:30.143000,17.0,1.0,,,0 days 00:00:30.223000,0 days 00:00:24.112000,0 days 00:00:35.808000,0 days 00:32:00.994000,0 days 00:32:25.106000,0 days 00:33:00.914000,269.0,285.0,282.0,273.0,False,ULTRASOFT,19.0,False,Renault,0 days 00:31:30.786000,2018-03-25 05:37:41.967,1,9.0,False,,False,True
0 days 00:34:30.952000,SAI,55,0 days 00:01:30.023000,18.0,1.0,,,0 days 00:00:30.118000,0 days 00:00:24.178000,0 days 00:00:35.727000,0 days 00:33:31.032000,0 days 00:33:55.210000,0 days 00:34:30.937000,268.0,285.0,283.0,271.0,True,ULTRASOFT,20.0,False,Renault,0 days 00:33:00.929000,2018-03-25 05:39:12.110,1,9.0,False,,False,True
0 days 00:36:01.079000,SAI,55,0 days 00:01:30.127000,19.0,1.0,,,0 days 00:00:30.254000,0 days 00:00:24.174000,0 days 00:00:35.699000,0 days 00:35:01.191000,0 days 00:35:25.365000,0 days 00:36:01.064000,,285.0,282.0,267.0,False,ULTRASOFT,21.0,False,Renault,0 days 00:34:30.952000,2018-03-25 05:40:42.133,1,9.0,False,,False,True
0 days 00:37:30.818000,SAI,55,0 days 00:01:29.739000,20.0,1.0,,,0 days 00:00:30.155000,0 days 00:00:23.988000,0 days 00:00:35.596000,0 days 00:36:31.219000,0 days 00:36:55.207000,0 days 00:37:30.803000,267.0,289.0,282.0,272.0,True,ULTRASOFT,22.0,False,Renault,0 days 00:36:01.079000,2018-03-25 05:42:12.260,1,9.0,False,,False,True
0 days 00:39:00.983000,SAI,55,0 days 00:01:30.165000,21.0,1.0,,,0 days 00:00:30.204000,0 days 00:00:24.244000,0 days 00:00:35.717000,0 days 00:38:01.007000,0 days 00:38:25.251000,0 days 00:39:00.968000,,287.0,281.0,271.0,False,ULTRASOFT,23.0,False,Renault,0 days 00:37:30.818000,2018-03-25 05:43:41.999,1,8.0,False,,False,True
0 days 00:40:56.925000,SAI,55,0 days 00:01:55.942000,22.0,1.0,,0 days 00:40:35.965000,0 days 00:00:30.098000,0 days 00:00:28.905000,0 days 00:00:56.939000,0 days 00:39:31.066000,0 days 00:39:59.971000,0 days 00:40:56.910000,,277.0,,278.0,False,ULTRASOFT,24.0,False,Renault,0 days 00:39:00.983000,2018-03-25 05:45:12.164,1,15.0,False,,False,False
0 days 00:42:31.061000,SAI,55,0 days 00:01:34.136000,23.0,2.0,0 days 00:40:59.739000,,0 days 00:00:35.322000,0 days 00:00:23.719000,0 days 00:00:35.095000,0 days 00:41:32.232000,0 days 00:41:55.951000,0 days 00:42:31.046000,271.0,288.0,278.0,222.0,False,SOFT,1.0,True,Renault,0 days 00:40:56.925000,2018-03-25 05:47:08.106,12,13.0,False,,False,False
0 days 00:43:59.647000,SAI,55,0 days 00:01:28.586000,24.0,2.0,,,0 days 00:00:29.719000,0 days 00:00:23.750000,0 days 00:00:35.117000,0 days 00:43:00.765000,0 days 00:43:24.515000,0 days 00:43:59.632000,,290.0,282.0,273.0,True,SOFT,2.0,True,Renault,0 days 00:42:31.061000,2018-03-25 05:48:42.242,21,12.0,False,,False,True
0 days 00:45:41.654000,SAI,55,0 days 00:01:42.007000,25.0,2.0,,,0 days 00:00:29.869000,0 days 00:00:24.034000,0 days 00:00:48.104000,0 days 00:44:29.501000,0 days 00:44:53.535000,0 days 00:45:41.639000,272.0,291.0,211.0,271.0,False,SOFT,3.0,True,Renault,0 days 00:43:59.647000,2018-03-25 05:50:10.828,126,10.0,False,,False,False
0 days 00:47:44.849000,SAI,55,0 days 00:02:03.195000,26.0,2.0,,,0 days 00:00:40.226000,0 days 00:00:35.856000,0 days 00:00:47.113000,0 days 00:46:21.865000,0 days 00:46:57.721000,0 days 00:47:44.834000,163.0,110.0,238.0,147.0,False,SOFT,4.0,True,Renault,0 days 00:45:41.654000,2018-03-25 05:51:52.835,6,10.0,False,,False,False
0 days 00:49:49.789000,SAI,55,0 days 00:02:04.940000,27.0,2.0,,,0 days 00:00:43.188000,0 days 00:00:31.574000,0 days 00:00:50.178000,0 days 00:48:28.022000,0 days 00:48:59.596000,0 days 00:49:49.774000,183.0,228.0,214.0,144.0,False,SOFT,5.0,True,Renault,0 days 00:47:44.849000,2018-03-25 05:53:56.030,64,10.0,False,,False,False
0 days 00:51:54.832000,SAI,55,0 days 00:02:05.043000,28.0,2.0,,,0 days 00:00:43.127000,0 days 00:00:32.805000,0 days 00:00:49.111000,0 days 00:50:32.901000,0 days 00:51:05.706000,0 days 00:51:54.817000,186.0,164.0,223.0,210.0,False,SOFT,6.0,True,Renault,0 days 00:49:49.789000,2018-03-25 05:56:00.970,4,10.0,False,,False,False
0 days 00:53:32.245000,SAI,55,0 days 00:01:37.413000,29.0,2.0,,,0 days 00:00:32.342000,0 days 00:00:25.688000,0 days 00:00:39.383000,0 days 00:52:27.159000,0 days 00:52:52.847000,0 days 00:53:32.230000,240.0,281.0,240.0,250.0,False,SOFT,7.0,True,Renault,0 days 00:51:54.832000,2018-03-25 05:58:06.013,4,10.0,False,,False,False
0 days 00:55:27.416000,SAI,55,0 days 00:01:55.171000,30.0,2.0,,,0 days 00:00:33.713000,0 days 00:00:28.153000,0 days 00:00:53.305000,0 days 00:54:05.943000,0 days 00:54:34.096000,0 days 00:55:27.401000,223.0,273.0,172.0,224.0,False,SOFT,8.0,True,Renault,0 days 00:53:32.245000,2018-03-25 05:59:43.426,4,10.0,False,,False,False
0 days 00:57:33.705000,SAI,55,0 days 00:02:06.289000,31.0,2.0,,,0 days 00:00:41.352000,0 days 00:00:35.725000,0 days 00:00:49.212000,0 days 00:56:08.753000,0 days 00:56:44.478000,0 days 00:57:33.690000,101.0,167.0,294.0,237.0,False,SOFT,9.0,True,Renault,0 days 00:55:27.416000,2018-03-25 06:01:38.597,41,10.0,False,,False,False
0 days 00:59:05.695000,SAI,55,0 days 00:01:31.990000,32.0,2.0,,,0 days 00:00:31.495000,0 days 00:00:24.350000,0 days 00:00:36.145000,0 days 00:58:05.185000,0 days 00:58:29.535000,0 days 00:59:05.680000,265.0,300.0,284.0,240.0,False,SOFT,10.0,True,Renault,0 days 00:57:33.705000,2018-03-25 06:03:44.886,1,10.0,False,,False,True
0 days 01:00:35.846000,SAI,55,0 days 00:01:30.151000,33.0,2.0,,,0 days 00:00:30.314000,0 days 00:00:24.053000,0 days 00:00:35.784000,0 days 00:59:35.994000,0 days 01:00:00.047000,0 days 01:00:35.831000,272.0,293.0,283.0,280.0,False,SOFT,11.0,True,Renault,0 days 00:59:05.695000,2018-03-25 06:05:16.876,1,10.0,False,,False,True
0 days 01:02:05.508000,SAI,55,0 days 00:01:29.662000,34.0,2.0,,,0 days 00:00:30.159000,0 days 00:00:23.808000,0 days 00:00:35.695000,0 days 01:01:05.990000,0 days 01:01:29.798000,0 days 01:02:05.493000,,291.0,283.0,286.0,False,SOFT,12.0,True,Renault,0 days 01:00:35.846000,2018-03-25 06:06:47.027,1,10.0,False,,False,True
0 days 01:03:34.835000,SAI,55,0 days 00:01:29.327000,35.0,2.0,,,0 days 00:00:29.987000,0 days 00:00:23.954000,0 days 00:00:35.386000,0 days 01:02:35.480000,0 days 01:02:59.434000,0 days 01:03:34.820000,271.0,289.0,287.0,285.0,False,SOFT,13.0,True,Renault,0 days 01:02:05.508000,2018-03-25 06:08:16.689,1,10.0,False,,False,True
0 days 01:05:03.523000,SAI,55,0 days 00:01:28.688000,36.0,2.0,,,0 days 00:00:29.654000,0 days 00:00:23.814000,0 days 00:00:35.220000,0 days 01:04:04.474000,0 days 01:04:28.288000,0 days 01:05:03.508000,273.0,291.0,283.0,290.0,False,SOFT,14.0,True,Renault,0 days 01:03:34.835000,2018-03-25 06:09:46.016,1,10.0,False,,False,True
0 days 01:06:32.309000,SAI,55,0 days 00:01:28.786000,37.0,2.0,,,0 days 00:00:29.857000,0 days 00:00:23.760000,0 days 00:00:35.169000,0 days 01:05:33.365000,0 days 01:05:57.125000,0 days 01:06:32.294000,272.0,291.0,284.0,278.0,False,SOFT,15.0,True,Renault,0 days 01:05:03.523000,2018-03-25 06:11:14.704,1,10.0,False,,False,True
0 days 01:08:01.176000,SAI,55,0 days 00:01:28.867000,38.0,2.0,,,0 days 00:00:29.702000,0 days 00:00:23.837000,0 days 00:00:35.328000,0 days 01:07:01.996000,0 days 01:07:25.833000,0 days 01:08:01.161000,273.0,292.0,283.0,281.0,False,SOFT,16.0,True,Renault,0 days 01:06:32.309000,2018-03-25 06:12:43.490,1,10.0,False,,False,True
0 days 01:09:29.619000,SAI,55,0 days 00:01:28.443000,39.0,2.0,,,0 days 00:00:29.587000,0 days 00:00:23.790000,0 days 00:00:35.066000,0 days 01:08:30.748000,0 days 01:08:54.538000,0 days 01:09:29.604000,272.0,289.0,282.0,285.0,True,SOFT,17.0,True,Renault,0 days 01:08:01.176000,2018-03-25 06:14:12.357,1,10.0,False,,False,True
0 days 01:10:58.122000,SAI,55,0 days 00:01:28.503000,40.0,2.0,,,0 days 00:00:29.613000,0 days 00:00:23.771000,0 days 00:00:35.119000,0 days 01:09:59.217000,0 days 01:10:22.988000,0 days 01:10:58.107000,271.0,288.0,280.0,281.0,False,SOFT,18.0,True,Renault,0 days 01:09:29.619000,2018-03-25 06:15:40.800,1,10.0,False,,False,True
0 days 01:12:26.383000,SAI,55,0 days 00:01:28.261000,41.0,2.0,,,0 days 00:00:29.448000,0 days 00:00:23.730000,0 days 00:00:35.083000,0 days 01:11:27.555000,0 days 01:11:51.285000,0 days 01:12:26.368000,,288.0,284.0,280.0,True,SOFT,19.0,True,Renault,0 days 01:10:58.122000,2018-03-25 06:17:09.303,1,10.0,False,,False,True
0 days 01:13:54.689000,SAI,55,0 days 00:01:28.306000,42.0,2.0,,,0 days 00:00:29.526000,0 days 00:00:23.637000,0 days 00:00:35.143000,0 days 01:12:55.894000,0 days 01:13:19.531000,0 days 01:13:54.674000,273.0,289.0,283.0,284.0,False,SOFT,20.0,True,Renault,0 days 01:12:26.383000,2018-03-25 06:18:37.564,1,10.0,False,,False,True
0 days 01:15:23.212000,SAI,55,0 days 00:01:28.523000,43.0,2.0,,,0 days 00:00:29.546000,0 days 00:00:23.753000,0 days 00:00:35.224000,0 days 01:14:24.220000,0 days 01:14:47.973000,0 days 01:15:23.197000,272.0,289.0,282.0,286.0,False,SOFT,21.0,True,Renault,0 days 01:13:54.689000,2018-03-25 06:20:05.870,1,10.0,False,,False,True
0 days 01:16:51.515000,SAI,55,0 days 00:01:28.303000,44.0,2.0,,,0 days 00:00:29.571000,0 days 00:00:23.624000,0 days 00:00:35.108000,0 days 01:15:52.768000,0 days 01:16:16.392000,0 days 01:16:51.500000,273.0,291.0,282.0,280.0,False,SOFT,22.0,True,Renault,0 days 01:15:23.212000,2018-03-25 06:21:34.393,1,10.0,False,,False,True
0 days 01:18:19.658000,SAI,55,0 days 00:01:28.143000,45.0,2.0,,,0 days 00:00:29.330000,0 days 00:00:23.676000,0 days 00:00:35.137000,0 days 01:17:20.830000,0 days 01:17:44.506000,0 days 01:18:19.643000,274.0,291.0,283.0,287.0,True,SOFT,23.0,True,Renault,0 days 01:16:51.515000,2018-03-25 06:23:02.696,1,10.0,False,,False,True
0 days 01:19:48.151000,SAI,55,0 days 00:01:28.493000,46.0,2.0,,,0 days 00:00:29.556000,0 days 00:00:23.695000,0 days 00:00:35.242000,0 days 01:18:49.199000,0 days 01:19:12.894000,0 days 01:19:48.136000,273.0,293.0,283.0,286.0,False,SOFT,24.0,True,Renault,0 days 01:18:19.658000,2018-03-25 06:24:30.839,1,10.0,False,,False,True
0 days 01:21:16.284000,SAI,55,0 days 00:01:28.133000,47.0,2.0,,,0 days 00:00:29.360000,0 days 00:00:23.667000,0 days 00:00:35.106000,0 days 01:20:17.496000,0 days 01:20:41.163000,0 days 01:21:16.269000,,293.0,284.0,287.0,True,SOFT,25.0,True,Renault,0 days 01:19:48.151000,2018-03-25 06:25:59.332,1,10.0,False,,False,True
0 days 01:22:44.477000,SAI,55,0 days 00:01:28.193000,48.0,2.0,,,0 days 00:00:29.361000,0 days 00:00:23.795000,0 days 00:00:35.037000,0 days 01:21:45.630000,0 days 01:22:09.425000,0 days 01:22:44.462000,273.0,289.0,285.0,283.0,False,SOFT,26.0,True,Renault,0 days 01:21:16.284000,2018-03-25 06:27:27.465,1,10.0,False,,False,True
0 days 01:24:12.779000,SAI,55,0 days 00:01:28.302000,49.0,2.0,,,0 days 00:00:29.399000,0 days 00:00:23.684000,0 days 00:00:35.219000,0 days 01:23:13.861000,0 days 01:23:37.545000,0 days 01:24:12.764000,274.0,289.0,284.0,284.0,False,SOFT,27.0,True,Renault,0 days 01:22:44.477000,2018-03-25 06:28:55.658,1,10.0,False,,False,True
0 days 01:25:40.806000,SAI,55,0 days 00:01:28.027000,50.0,2.0,,,0 days 00:00:29.344000,0 days 00:00:23.617000,0 days 00:00:35.066000,0 days 01:24:42.108000,0 days 01:25:05.725000,0 days 01:25:40.791000,272.0,289.0,281.0,288.0,True,SOFT,28.0,True,Renault,0 days 01:24:12.779000,2018-03-25 06:30:23.960,1,10.0,False,,False,True
0 days 01:27:08.750000,SAI,55,0 days 00:01:27.944000,51.0,2.0,,,0 days 00:00:29.315000,0 days 00:00:23.653000,0 days 00:00:34.976000,0 days 01:26:10.106000,0 days 01:26:33.759000,0 days 01:27:08.735000,275.0,290.0,282.0,281.0,True,SOFT,29.0,True,Renault,0 days 01:25:40.806000,2018-03-25 06:31:51.987,1,10.0,False,,False,True
0 days 01:28:37.191000,SAI,55,0 days 00:01:28.441000,52.0,2.0,,,0 days 00:00:29.589000,0 days 00:00:23.759000,0 days 00:00:35.093000,0 days 01:27:38.324000,0 days 01:28:02.083000,0 days 01:28:37.176000,272.0,291.0,281.0,265.0,False,SOFT,30.0,True,Renault,0 days 01:27:08.750000,2018-03-25 06:33:19.931,1,10.0,False,,False,True
0 days 01:30:05.688000,SAI,55,0 days 00:01:28.497000,53.0,2.0,,,0 days 00:00:29.740000,0 days 00:00:23.797000,0 days 00:00:34.960000,0 days 01:29:06.916000,0 days 01:29:30.713000,0 days 01:30:05.673000,,290.0,284.0,274.0,False,SOFT,31.0,True,Renault,0 days 01:28:37.191000,2018-03-25 06:34:48.372,1,10.0,False,,False,True
0 days 01:31:33.852000,SAI,55,0 days 00:01:28.164000,54.0,2.0,,,0 days 00:00:29.572000,0 days 00:00:23.610000,0 days 00:00:34.982000,0 days 01:30:35.245000,0 days 01:30:58.855000,0 days 01:31:33.837000,273.0,291.0,282.0,279.0,False,SOFT,32.0,True,Renault,0 days 01:30:05.688000,2018-03-25 06:36:16.869,1,10.0,False,,False,True
0 days 01:33:02.155000,SAI,55,0 days 00:01:28.303000,55.0,2.0,,,0 days 00:00:29.579000,0 days 00:00:23.628000,0 days 00:00:35.096000,0 days 01:32:03.416000,0 days 01:32:27.044000,0 days 01:33:02.140000,272.0,292.0,282.0,278.0,False,SOFT,33.0,True,Renault,0 days 01:31:33.852000,2018-03-25 06:37:45.033,1,10.0,False,,False,True
0 days 01:34:30.259000,SAI,55,0 days 00:01:28.104000,56.0,2.0,,,0 days 00:00:29.593000,0 days 00:00:23.700000,0 days 00:00:34.811000,0 days 01:33:31.733000,0 days 01:33:55.433000,0 days 01:34:30.244000,269.0,292.0,283.0,273.0,False,SOFT,34.0,True,Renault,0 days 01:33:02.155000,2018-03-25 06:39:13.336,1,10.0,False,,False,True
0 days 01:35:58.255000,SAI,55,0 days 00:01:27.996000,57.0,2.0,,,0 days 00:00:29.323000,0 days 00:00:23.667000,0 days 00:00:35.006000,0 days 01:34:59.567000,0 days 01:35:23.234000,0 days 01:35:58.240000,273.0,292.0,280.0,270.0,False,SOFT,35.0,True,Renault,0 days 01:34:30.259000,2018-03-25 06:40:41.440,1,10.0,False,,False,True
0 days 01:37:27.186000,SAI,55,0 days 00:01:28.931000,58.0,2.0,,,0 days 00:00:29.469000,0 days 00:00:23.878000,0 days 00:00:35.584000,0 days 01:36:27.709000,0 days 01:36:51.587000,0 days 01:37:27.171000,275.0,290.0,254.0,272.0,False,SOFT,36.0,True,Renault,0 days 01:35:58.255000,2018-03-25 06:42:09.436,1,10.0,False,,False,True
0 days 00:08:43.655000,RAI,7,0 days 00:01:35.474000,1.0,,,,,0 days 00:00:23.858000,0 days 00:00:36.343000,,0 days 00:08:07.376000,0 days 00:08:44.548000,268.0,295.0,282.0,244.0,False,nan,,True,Ferrari,0 days 00:07:07.988000,2018-03-25 05:13:19.169,,2.0,False,,False,False
0 days 00:10:13.921000,RAI,7,0 days 00:01:30.266000,2.0,1.0,,,0 days 00:00:29.958000,0 days 00:00:24.047000,0 days 00:00:36.261000,0 days 00:09:13.609000,0 days 00:09:37.656000,0 days 00:10:13.917000,267.0,290.0,283.0,287.0,True,ULTRASOFT,4.0,False,Ferrari,0 days 00:08:43.655000,2018-03-25 05:14:54.836,,2.0,False,,False,False
0 days 00:11:43.777000,RAI,7,0 days 00:01:29.856000,3.0,1.0,,,0 days 00:00:30.015000,0 days 00:00:23.968000,0 days 00:00:35.873000,0 days 00:10:43.932000,0 days 00:11:07.900000,0 days 00:11:43.773000,269.0,289.0,285.0,290.0,True,ULTRASOFT,5.0,False,Ferrari,0 days 00:10:13.921000,2018-03-25 05:16:25.102,,2.0,False,,False,False
0 days 00:13:13.327000,RAI,7,0 days 00:01:29.550000,4.0,1.0,,,0 days 00:00:29.834000,0 days 00:00:23.946000,0 days 00:00:35.770000,0 days 00:12:13.607000,0 days 00:12:37.553000,0 days 00:13:13.323000,271.0,292.0,282.0,276.0,True,ULTRASOFT,6.0,False,Ferrari,0 days 00:11:43.777000,2018-03-25 05:17:54.958,,2.0,False,,False,False
0 days 00:14:43.067000,RAI,7,0 days 00:01:29.740000,5.0,1.0,,,0 days 00:00:29.890000,0 days 00:00:23.797000,0 days 00:00:36.053000,0 days 00:13:43.213000,0 days 00:14:07.010000,0 days 00:14:43.063000,,290.0,280.0,277.0,False,ULTRASOFT,7.0,False,Ferrari,0 days 00:13:13.327000,2018-03-25 05:19:24.508,,2.0,False,,False,False
0 days 00:16:13.499000,RAI,7,0 days 00:01:30.432000,6.0,1.0,,,0 days 00:00:29.867000,0 days 00:00:23.995000,0 days 00:00:36.570000,0 days 00:15:12.930000,0 days 00:15:36.925000,0 days 00:16:13.495000,268.0,287.0,281.0,272.0,False,ULTRASOFT,8.0,False,Ferrari,0 days 00:14:43.067000,2018-03-25 05:20:54.248,21,2.0,False,,False,True
0 days 00:17:43.443000,RAI,7,0 days 00:01:29.944000,7.0,1.0,,,0 days 00:00:29.868000,0 days 00:00:23.915000,0 days 00:00:36.161000,0 days 00:16:43.363000,0 days 00:17:07.278000,0 days 00:17:43.439000,272.0,287.0,282.0,287.0,False,ULTRASOFT,9.0,False,Ferrari,0 days 00:16:13.499000,2018-03-25 05:22:24.680,21,2.0,False,,False,True
0 days 00:19:13.036000,RAI,7,0 days 00:01:29.593000,8.0,1.0,,,0 days 00:00:29.865000,0 days 00:00:23.926000,0 days 00:00:35.802000,0 days 00:18:13.304000,0 days 00:18:37.230000,0 days 00:19:13.032000,271.0,285.0,281.0,286.0,False,ULTRASOFT,10.0,False,Ferrari,0 days 00:17:43.443000,2018-03-25 05:23:54.624,1,2.0,False,,False,True
0 days 00:20:42.039000,RAI,7,0 days 00:01:29.003000,9.0,1.0,,,0 days 00:00:29.753000,0 days 00:00:23.722000,0 days 00:00:35.528000,0 days 00:19:42.785000,0 days 00:20:06.507000,0 days 00:20:42.035000,273.0,287.0,284.0,,True,ULTRASOFT,11.0,False,Ferrari,0 days 00:19:13.036000,2018-03-25 05:25:24.217,1,2.0,False,,False,True
0 days 00:22:10.945000,RAI,7,0 days 00:01:28.906000,10.0,1.0,,,0 days 00:00:29.740000,0 days 00:00:23.816000,0 days 00:00:35.350000,0 days 00:21:11.775000,0 days 00:21:35.591000,0 days 00:22:10.941000,,288.0,285.0,291.0,True,ULTRASOFT,12.0,False,Ferrari,0 days 00:20:42.039000,2018-03-25 05:26:53.220,12,2.0,False,,False,True
0 days 00:23:39.430000,RAI,7,0 days 00:01:28.485000,11.0,1.0,,,0 days 00:00:29.449000,0 days 00:00:23.629000,0 days 00:00:35.407000,0 days 00:22:40.390000,0 days 00:23:04.019000,0 days 00:23:39.426000,274.0,288.0,284.0,,True,ULTRASOFT,13.0,False,Ferrari,0 days 00:22:10.945000,2018-03-25 05:28:22.126,1,2.0,False,,False,True
0 days 00:25:08.247000,RAI,7,0 days 00:01:28.817000,12.0,1.0,,,0 days 00:00:29.622000,0 days 00:00:23.753000,0 days 00:00:35.442000,0 days 00:24:09.048000,0 days 00:24:32.801000,0 days 00:25:08.243000,272.0,289.0,285.0,,False,ULTRASOFT,14.0,False,Ferrari,0 days 00:23:39.430000,2018-03-25 05:29:50.611,1,2.0,False,,False,True
0 days 00:26:36.676000,RAI,7,0 days 00:01:28.429000,13.0,1.0,,,0 days 00:00:29.341000,0 days 00:00:23.658000,0 days 00:00:35.430000,0 days 00:25:37.584000,0 days 00:26:01.242000,0 days 00:26:36.672000,,289.0,284.0,293.0,True,ULTRASOFT,15.0,False,Ferrari,0 days 00:25:08.247000,2018-03-25 05:31:19.428,1,2.0,False,,False,True
0 days 00:28:04.989000,RAI,7,0 days 00:01:28.313000,14.0,1.0,,,0 days 00:00:29.342000,0 days 00:00:23.658000,0 days 00:00:35.313000,0 days 00:27:06.014000,0 days 00:27:29.672000,0 days 00:28:04.985000,274.0,289.0,285.0,291.0,True,ULTRASOFT,16.0,False,Ferrari,0 days 00:26:36.676000,2018-03-25 05:32:47.857,1,2.0,False,,False,True
0 days 00:29:33.446000,RAI,7,0 days 00:01:28.457000,15.0,1.0,,,0 days 00:00:29.529000,0 days 00:00:23.610000,0 days 00:00:35.318000,0 days 00:28:34.514000,0 days 00:28:58.124000,0 days 00:29:33.442000,271.0,290.0,283.0,292.0,False,ULTRASOFT,17.0,False,Ferrari,0 days 00:28:04.989000,2018-03-25 05:34:16.170,1,2.0,False,,False,True
0 days 00:31:01.428000,RAI,7,0 days 00:01:27.982000,16.0,1.0,,,0 days 00:00:29.339000,0 days 00:00:23.622000,0 days 00:00:35.021000,0 days 00:30:02.781000,0 days 00:30:26.403000,0 days 00:31:01.424000,275.0,290.0,284.0,291.0,True,ULTRASOFT,18.0,False,Ferrari,0 days 00:29:33.446000,2018-03-25 05:35:44.627,1,2.0,False,,False,True
0 days 00:32:29.644000,RAI,7,0 days 00:01:28.216000,17.0,1.0,,,0 days 00:00:29.475000,0 days 00:00:23.583000,0 days 00:00:35.158000,0 days 00:31:30.899000,0 days 00:31:54.482000,0 days 00:32:29.640000,272.0,292.0,285.0,,False,ULTRASOFT,19.0,False,Ferrari,0 days 00:31:01.428000,2018-03-25 05:37:12.609,1,2.0,False,,False,True
0 days 00:34:15.502000,RAI,7,0 days 00:01:45.858000,18.0,1.0,,0 days 00:33:56.979000,0 days 00:00:29.467000,0 days 00:00:23.773000,0 days 00:00:52.618000,0 days 00:32:59.107000,0 days 00:33:22.880000,0 days 00:34:15.498000,277.0,291.0,,294.0,False,ULTRASOFT,20.0,False,Ferrari,0 days 00:32:29.644000,2018-03-25 05:38:40.825,1,3.0,False,,False,False
0 days 00:35:48.039000,RAI,7,0 days 00:01:32.537000,19.0,2.0,0 days 00:34:18.337000,,0 days 00:00:34.585000,0 days 00:00:23.304000,0 days 00:00:34.648000,0 days 00:34:50.083000,0 days 00:35:13.387000,0 days 00:35:48.035000,279.0,286.0,283.0,230.0,False,SOFT,1.0,True,Ferrari,0 days 00:34:15.502000,2018-03-25 05:40:26.683,1,3.0,False,,False,False
0 days 00:37:16.875000,RAI,7,0 days 00:01:28.836000,20.0,2.0,,,0 days 00:00:29.633000,0 days 00:00:23.681000,0 days 00:00:35.522000,0 days 00:36:17.668000,0 days 00:36:41.349000,0 days 00:37:16.871000,270.0,288.0,283.0,285.0,False,SOFT,2.0,True,Ferrari,0 days 00:35:48.039000,2018-03-25 05:41:59.220,1,3.0,False,,False,True
0 days 00:38:45.638000,RAI,7,0 days 00:01:28.763000,21.0,2.0,,,0 days 00:00:29.552000,0 days 00:00:23.623000,0 days 00:00:35.588000,0 days 00:37:46.423000,0 days 00:38:10.046000,0 days 00:38:45.634000,,289.0,283.0,281.0,False,SOFT,3.0,True,Ferrari,0 days 00:37:16.875000,2018-03-25 05:43:28.056,1,3.0,False,,False,True
0 days 00:40:14.195000,RAI,7,0 days 00:01:28.557000,22.0,2.0,,,0 days 00:00:29.625000,0 days 00:00:23.684000,0 days 00:00:35.248000,0 days 00:39:15.259000,0 days 00:39:38.943000,0 days 00:40:14.191000,267.0,286.0,283.0,277.0,False,SOFT,4.0,True,Ferrari,0 days 00:38:45.638000,2018-03-25 05:44:56.819,1,3.0,False,,False,True
0 days 00:41:42.899000,RAI,7,0 days 00:01:28.704000,23.0,2.0,,,0 days 00:00:29.680000,0 days 00:00:23.769000,0 days 00:00:35.255000,0 days 00:40:43.871000,0 days 00:41:07.640000,0 days 00:41:42.895000,,286.0,284.0,280.0,False,SOFT,5.0,True,Ferrari,0 days 00:40:14.195000,2018-03-25 05:46:25.376,12,3.0,False,,False,True
0 days 00:43:11.364000,RAI,7,0 days 00:01:28.465000,24.0,2.0,,,0 days 00:00:29.465000,0 days 00:00:23.643000,0 days 00:00:35.357000,0 days 00:42:12.360000,0 days 00:42:36.003000,0 days 00:43:11.360000,272.0,,282.0,288.0,False,SOFT,6.0,True,Ferrari,0 days 00:41:42.899000,2018-03-25 05:47:54.080,21,3.0,False,,False,True
0 days 00:44:40.115000,RAI,7,0 days 00:01:28.751000,25.0,2.0,,,0 days 00:00:29.660000,0 days 00:00:23.709000,0 days 00:00:35.382000,0 days 00:43:41.020000,0 days 00:44:04.729000,0 days 00:44:40.111000,269.0,291.0,283.0,279.0,False,SOFT,7.0,True,Ferrari,0 days 00:43:11.364000,2018-03-25 05:49:22.545,12,3.0,False,,False,True
0 days 00:46:39.662000,RAI,7,0 days 00:01:59.547000,26.0,2.0,,,0 days 00:00:38.950000,0 days 00:00:30.168000,0 days 00:00:50.429000,0 days 00:45:19.061000,0 days 00:45:49.229000,0 days 00:46:39.658000,209.0,211.0,149.0,232.0,False,SOFT,8.0,True,Ferrari,0 days 00:44:40.115000,2018-03-25 05:50:51.296,26,3.0,False,,False,False
0 days 00:48:45.100000,RAI,7,0 days 00:02:05.438000,27.0,2.0,,,0 days 00:00:41.542000,0 days 00:00:34.781000,0 days 00:00:49.115000,0 days 00:47:21.200000,0 days 00:47:55.981000,0 days 00:48:45.096000,174.0,231.0,191.0,180.0,False,SOFT,9.0,True,Ferrari,0 days 00:46:39.662000,2018-03-25 05:52:50.843,6,3.0,False,,False,False
0 days 00:50:49.758000,RAI,7,0 days 00:02:04.658000,28.0,2.0,,,0 days 00:00:42.999000,0 days 00:00:31.492000,0 days 00:00:50.167000,0 days 00:49:28.095000,0 days 00:49:59.587000,0 days 00:50:49.754000,162.0,227.0,169.0,193.0,False,SOFT,10.0,True,Ferrari,0 days 00:48:45.100000,2018-03-25 05:54:56.281,64,3.0,False,,False,False
0 days 00:52:57.622000,RAI,7,0 days 00:02:07.864000,29.0,2.0,,,0 days 00:00:40.969000,0 days 00:00:34.794000,0 days 00:00:52.101000,0 days 00:51:30.723000,0 days 00:52:05.517000,0 days 00:52:57.618000,233.0,168.0,245.0,177.0,False,SOFT,11.0,True,Ferrari,0 days 00:50:49.758000,2018-03-25 05:57:00.939,4,3.0,False,,False,False
0 days 00:55:13.760000,RAI,7,0 days 00:02:16.138000,30.0,2.0,,,0 days 00:00:45.143000,0 days 00:00:34.689000,0 days 00:00:56.306000,0 days 00:53:42.761000,0 days 00:54:17.450000,0 days 00:55:13.756000,200.0,221.0,226.0,102.0,False,SOFT,12.0,True,Ferrari,0 days 00:52:57.622000,2018-03-25 05:59:08.803,4,3.0,False,,False,False
0 days 00:57:31.038000,RAI,7,0 days 00:02:17.278000,31.0,2.0,,,0 days 00:00:45.966000,0 days 00:00:36.056000,0 days 00:00:55.256000,0 days 00:55:59.722000,0 days 00:56:35.778000,0 days 00:57:31.034000,117.0,197.0,286.0,113.0,False,SOFT,13.0,True,Ferrari,0 days 00:55:13.760000,2018-03-25 06:01:24.941,41,3.0,False,,False,False
0 days 00:58:59.710000,RAI,7,0 days 00:01:28.672000,32.0,2.0,,,0 days 00:00:29.982000,0 days 00:00:23.478000,0 days 00:00:35.212000,0 days 00:58:01.016000,0 days 00:58:24.494000,0 days 00:58:59.706000,270.0,293.0,282.0,290.0,False,SOFT,14.0,True,Ferrari,0 days 00:57:31.038000,2018-03-25 06:03:42.219,1,3.0,False,,False,True
0 days 01:00:27.792000,RAI,7,0 days 00:01:28.082000,33.0,2.0,,,0 days 00:00:29.424000,0 days 00:00:23.474000,0 days 00:00:35.184000,0 days 00:59:29.130000,0 days 00:59:52.604000,0 days 01:00:27.788000,272.0,292.0,283.0,285.0,False,SOFT,15.0,True,Ferrari,0 days 00:58:59.710000,2018-03-25 06:05:10.891,1,3.0,False,,False,True
0 days 01:01:55.769000,RAI,7,0 days 00:01:27.977000,34.0,2.0,,,0 days 00:00:29.394000,0 days 00:00:23.423000,0 days 00:00:35.160000,0 days 01:00:57.182000,0 days 01:01:20.605000,0 days 01:01:55.765000,274.0,294.0,284.0,287.0,True,SOFT,16.0,True,Ferrari,0 days 01:00:27.792000,2018-03-25 06:06:38.973,1,3.0,False,,False,True
0 days 01:03:23.488000,RAI,7,0 days 00:01:27.719000,35.0,2.0,,,0 days 00:00:29.466000,0 days 00:00:23.436000,0 days 00:00:34.817000,0 days 01:02:25.231000,0 days 01:02:48.667000,0 days 01:03:23.484000,275.0,293.0,283.0,288.0,True,SOFT,17.0,True,Ferrari,0 days 01:01:55.769000,2018-03-25 06:08:06.950,1,3.0,False,,False,True
0 days 01:04:50.954000,RAI,7,0 days 00:01:27.466000,36.0,2.0,,,0 days 00:00:29.164000,0 days 00:00:23.422000,0 days 00:00:34.880000,0 days 01:03:52.648000,0 days 01:04:16.070000,0 days 01:04:50.950000,,294.0,281.0,286.0,True,SOFT,18.0,True,Ferrari,0 days 01:03:23.488000,2018-03-25 06:09:34.669,1,3.0,False,,False,True
0 days 01:06:18.587000,RAI,7,0 days 00:01:27.633000,37.0,2.0,,,0 days 00:00:29.295000,0 days 00:00:23.448000,0 days 00:00:34.890000,0 days 01:05:20.245000,0 days 01:05:43.693000,0 days 01:06:18.583000,273.0,290.0,279.0,284.0,False,SOFT,19.0,True,Ferrari,0 days 01:04:50.954000,2018-03-25 06:11:02.135,1,3.0,False,,False,True
0 days 01:07:46.292000,RAI,7,0 days 00:01:27.705000,38.0,2.0,,,0 days 00:00:29.442000,0 days 00:00:23.422000,0 days 00:00:34.841000,0 days 01:06:48.025000,0 days 01:07:11.447000,0 days 01:07:46.288000,274.0,291.0,281.0,,False,SOFT,20.0,True,Ferrari,0 days 01:06:18.587000,2018-03-25 06:12:29.768,1,3.0,False,,False,True
0 days 01:09:13.698000,RAI,7,0 days 00:01:27.406000,39.0,2.0,,,0 days 00:00:29.342000,0 days 00:00:23.291000,0 days 00:00:34.773000,0 days 01:08:15.630000,0 days 01:08:38.921000,0 days 01:09:13.694000,273.0,291.0,282.0,283.0,True,SOFT,21.0,True,Ferrari,0 days 01:07:46.292000,2018-03-25 06:13:57.473,1,3.0,False,,False,True
0 days 01:10:40.741000,RAI,7,0 days 00:01:27.043000,40.0,2.0,,,0 days 00:00:28.993000,0 days 00:00:23.299000,0 days 00:00:34.751000,0 days 01:09:42.687000,0 days 01:10:05.986000,0 days 01:10:40.737000,272.0,292.0,281.0,289.0,True,SOFT,22.0,True,Ferrari,0 days 01:09:13.698000,2018-03-25 06:15:24.879,1,3.0,False,,False,True
0 days 01:12:07.921000,RAI,7,0 days 00:01:27.180000,41.0,2.0,,,0 days 00:00:29.101000,0 days 00:00:23.361000,0 days 00:00:34.718000,0 days 01:11:09.838000,0 days 01:11:33.199000,0 days 01:12:07.917000,275.0,291.0,282.0,287.0,False,SOFT,23.0,True,Ferrari,0 days 01:10:40.741000,2018-03-25 06:16:51.922,1,3.0,False,,False,True
0 days 01:13:35.036000,RAI,7,0 days 00:01:27.115000,42.0,2.0,,,0 days 00:00:29.044000,0 days 00:00:23.419000,0 days 00:00:34.652000,0 days 01:12:36.961000,0 days 01:13:00.380000,0 days 01:13:35.032000,277.0,293.0,282.0,289.0,False,SOFT,24.0,True,Ferrari,0 days 01:12:07.921000,2018-03-25 06:18:19.102,1,3.0,False,,False,True
0 days 01:15:02.124000,RAI,7,0 days 00:01:27.088000,43.0,2.0,,,0 days 00:00:29.043000,0 days 00:00:23.308000,0 days 00:00:34.737000,0 days 01:14:04.075000,0 days 01:14:27.383000,0 days 01:15:02.120000,275.0,292.0,282.0,286.0,False,SOFT,25.0,True,Ferrari,0 days 01:13:35.036000,2018-03-25 06:19:46.217,1,3.0,False,,False,True
0 days 01:16:29.320000,RAI,7,0 days 00:01:27.196000,44.0,2.0,,,0 days 00:00:29.163000,0 days 00:00:23.301000,0 days 00:00:34.732000,0 days 01:15:31.283000,0 days 01:15:54.584000,0 days 01:16:29.316000,273.0,292.0,281.0,282.0,False,SOFT,26.0,True,Ferrari,0 days 01:15:02.124000,2018-03-25 06:21:13.305,1,3.0,False,,False,True
0 days 01:17:56.364000,RAI,7,0 days 00:01:27.044000,45.0,2.0,,,0 days 00:00:29.199000,0 days 00:00:23.243000,0 days 00:00:34.602000,0 days 01:16:58.515000,0 days 01:17:21.758000,0 days 01:17:56.360000,272.0,291.0,283.0,284.0,False,SOFT,27.0,True,Ferrari,0 days 01:16:29.320000,2018-03-25 06:22:40.501,1,3.0,False,,False,True
0 days 01:19:23.652000,RAI,7,0 days 00:01:27.288000,46.0,2.0,,,0 days 00:00:29.259000,0 days 00:00:23.303000,0 days 00:00:34.726000,0 days 01:18:25.619000,0 days 01:18:48.922000,0 days 01:19:23.648000,274.0,293.0,280.0,,False,SOFT,28.0,True,Ferrari,0 days 01:17:56.364000,2018-03-25 06:24:07.545,1,3.0,False,,False,True
0 days 01:20:51.018000,RAI,7,0 days 00:01:27.366000,47.0,2.0,,,0 days 00:00:29.243000,0 days 00:00:23.302000,0 days 00:00:34.821000,0 days 01:19:52.891000,0 days 01:20:16.193000,0 days 01:20:51.014000,275.0,293.0,282.0,,False,SOFT,29.0,True,Ferrari,0 days 01:19:23.652000,2018-03-25 06:25:34.833,1,3.0,False,,False,True
0 days 01:22:18.026000,RAI,7,0 days 00:01:27.008000,48.0,2.0,,,0 days 00:00:29.049000,0 days 00:00:23.203000,0 days 00:00:34.756000,0 days 01:21:20.063000,0 days 01:21:43.266000,0 days 01:22:18.022000,,293.0,284.0,286.0,True,SOFT,30.0,True,Ferrari,0 days 01:20:51.018000,2018-03-25 06:27:02.199,1,3.0,False,,False,True
0 days 01:23:45.350000,RAI,7,0 days 00:01:27.324000,49.0,2.0,,,0 days 00:00:29.171000,0 days 00:00:23.387000,0 days 00:00:34.766000,0 days 01:22:47.193000,0 days 01:23:10.580000,0 days 01:23:45.346000,,291.0,283.0,290.0,False,SOFT,31.0,True,Ferrari,0 days 01:22:18.026000,2018-03-25 06:28:29.207,1,3.0,False,,False,True
0 days 01:25:12.395000,RAI,7,0 days 00:01:27.045000,50.0,2.0,,,0 days 00:00:29.133000,0 days 00:00:23.331000,0 days 00:00:34.581000,0 days 01:24:14.479000,0 days 01:24:37.810000,0 days 01:25:12.391000,277.0,293.0,288.0,,False,SOFT,32.0,True,Ferrari,0 days 01:23:45.350000,2018-03-25 06:29:56.531,1,3.0,False,,False,True
0 days 01:26:39.791000,RAI,7,0 days 00:01:27.396000,51.0,2.0,,,0 days 00:00:29.181000,0 days 00:00:23.341000,0 days 00:00:34.874000,0 days 01:25:41.572000,0 days 01:26:04.913000,0 days 01:26:39.787000,274.0,289.0,282.0,291.0,False,SOFT,33.0,True,Ferrari,0 days 01:25:12.395000,2018-03-25 06:31:23.576,1,3.0,False,,False,True
0 days 01:28:07.435000,RAI,7,0 days 00:01:27.644000,52.0,2.0,,,0 days 00:00:29.355000,0 days 00:00:23.473000,0 days 00:00:34.816000,0 days 01:27:09.142000,0 days 01:27:32.615000,0 days 01:28:07.431000,272.0,289.0,283.0,280.0,False,SOFT,34.0,True,Ferrari,0 days 01:26:39.791000,2018-03-25 06:32:50.972,1,3.0,False,,False,True
0 days 01:29:34.246000,RAI,7,0 days 00:01:26.811000,53.0,2.0,,,0 days 00:00:29.048000,0 days 00:00:23.287000,0 days 00:00:34.476000,0 days 01:28:36.479000,0 days 01:28:59.766000,0 days 01:29:34.242000,275.0,295.0,283.0,286.0,True,SOFT,35.0,True,Ferrari,0 days 01:28:07.435000,2018-03-25 06:34:18.616,1,3.0,False,,False,True
0 days 01:31:01.050000,RAI,7,0 days 00:01:26.804000,54.0,2.0,,,0 days 00:00:29.071000,0 days 00:00:23.339000,0 days 00:00:34.394000,0 days 01:30:03.313000,0 days 01:30:26.652000,0 days 01:31:01.046000,278.0,294.0,283.0,287.0,True,SOFT,36.0,True,Ferrari,0 days 01:29:34.246000,2018-03-25 06:35:45.427,1,3.0,False,,False,True
0 days 01:32:27.431000,RAI,7,0 days 00:01:26.381000,55.0,2.0,,,0 days 00:00:28.920000,0 days 00:00:23.114000,0 days 00:00:34.347000,0 days 01:31:29.966000,0 days 01:31:53.080000,0 days 01:32:27.427000,277.0,294.0,283.0,285.0,True,SOFT,37.0,True,Ferrari,0 days 01:31:01.050000,2018-03-25 06:37:12.231,1,3.0,False,,False,True
0 days 01:33:53.977000,RAI,7,0 days 00:01:26.546000,56.0,2.0,,,0 days 00:00:28.901000,0 days 00:00:23.237000,0 days 00:00:34.408000,0 days 01:32:56.328000,0 days 01:33:19.565000,0 days 01:33:53.973000,276.0,294.0,284.0,287.0,False,SOFT,38.0,True,Ferrari,0 days 01:32:27.431000,2018-03-25 06:38:38.612,1,3.0,False,,False,True
0 days 01:35:20.350000,RAI,7,0 days 00:01:26.373000,57.0,2.0,,,0 days 00:00:28.698000,0 days 00:00:23.101000,0 days 00:00:34.574000,0 days 01:34:22.671000,0 days 01:34:45.772000,0 days 01:35:20.346000,285.0,299.0,287.0,296.0,True,SOFT,39.0,True,Ferrari,0 days 01:33:53.977000,2018-03-25 06:40:05.158,1,3.0,False,,False,True
0 days 01:36:47.773000,RAI,7,0 days 00:01:27.423000,58.0,2.0,,,0 days 00:00:29.282000,0 days 00:00:23.312000,0 days 00:00:34.829000,0 days 01:35:49.628000,0 days 01:36:12.940000,0 days 01:36:47.769000,268.0,293.0,281.0,288.0,False,SOFT,40.0,True,Ferrari,0 days 01:35:20.350000,2018-03-25 06:41:31.531,1,3.0,False,,False,True
0 days 00:08:52.005000,BOT,77,0 days 00:01:43.824000,1.0,,,,,0 days 00:00:25.298000,0 days 00:00:38.132000,,0 days 00:08:13.980000,0 days 00:08:52.628000,260.0,302.0,290.0,221.0,False,nan,,True,Mercedes,0 days 00:07:07.988000,2018-03-25 05:13:19.169,,15.0,False,,False,False
0 days 00:10:25.269000,BOT,77,0 days 00:01:33.264000,2.0,1.0,,,0 days 00:00:31.344000,0 days 00:00:24.700000,0 days 00:00:37.220000,0 days 00:09:23.341000,0 days 00:09:48.041000,0 days 00:10:25.261000,275.0,302.0,288.0,266.0,True,ULTRASOFT,4.0,False,Mercedes,0 days 00:08:52.005000,2018-03-25 05:15:03.186,,15.0,False,,False,False
0 days 00:11:57.849000,BOT,77,0 days 00:01:32.580000,3.0,1.0,,,0 days 00:00:31.142000,0 days 00:00:24.674000,0 days 00:00:36.764000,0 days 00:10:56.403000,0 days 00:11:21.077000,0 days 00:11:57.841000,259.0,292.0,300.0,,True,ULTRASOFT,5.0,False,Mercedes,0 days 00:10:25.269000,2018-03-25 05:16:36.450,,15.0,False,,False,False
0 days 00:13:29.697000,BOT,77,0 days 00:01:31.848000,4.0,1.0,,,0 days 00:00:30.895000,0 days 00:00:24.449000,0 days 00:00:36.504000,0 days 00:12:28.736000,0 days 00:12:53.185000,0 days 00:13:29.689000,258.0,290.0,286.0,283.0,True,ULTRASOFT,6.0,False,Mercedes,0 days 00:11:57.849000,2018-03-25 05:18:09.030,,14.0,False,,False,False
0 days 00:15:01.227000,BOT,77,0 days 00:01:31.530000,5.0,1.0,,,0 days 00:00:30.546000,0 days 00:00:24.382000,0 days 00:00:36.602000,0 days 00:14:00.235000,0 days 00:14:24.617000,0 days 00:15:01.219000,255.0,287.0,285.0,278.0,True,ULTRASOFT,7.0,False,Mercedes,0 days 00:13:29.697000,2018-03-25 05:19:40.878,21,14.0,False,,False,True
0 days 00:16:32.781000,BOT,77,0 days 00:01:31.554000,6.0,1.0,,,0 days 00:00:30.410000,0 days 00:00:24.231000,0 days 00:00:36.913000,0 days 00:15:31.629000,0 days 00:15:55.860000,0 days 00:16:32.773000,265.0,286.0,287.0,276.0,False,ULTRASOFT,8.0,False,Mercedes,0 days 00:15:01.227000,2018-03-25 05:21:12.408,2,14.0,False,,False,True
0 days 00:18:03.838000,BOT,77,0 days 00:01:31.057000,7.0,1.0,,,0 days 00:00:30.429000,0 days 00:00:24.180000,0 days 00:00:36.448000,0 days 00:17:03.202000,0 days 00:17:27.382000,0 days 00:18:03.830000,269.0,290.0,298.0,270.0,True,ULTRASOFT,9.0,False,Mercedes,0 days 00:16:32.781000,2018-03-25 05:22:43.962,21,14.0,False,,False,True
0 days 00:19:35.409000,BOT,77,0 days 00:01:31.571000,8.0,1.0,,,0 days 00:00:30.716000,0 days 00:00:24.179000,0 days 00:00:36.676000,0 days 00:18:34.546000,0 days 00:18:58.725000,0 days 00:19:35.401000,268.0,290.0,297.0,285.0,False,ULTRASOFT,10.0,False,Mercedes,0 days 00:18:03.838000,2018-03-25 05:24:15.019,1,14.0,False,,False,True
0 days 00:21:06.165000,BOT,77,0 days 00:01:30.756000,9.0,1.0,,,0 days 00:00:30.090000,0 days 00:00:24.328000,0 days 00:00:36.338000,0 days 00:20:05.491000,0 days 00:20:29.819000,0 days 00:21:06.157000,264.0,282.0,286.0,300.0,True,ULTRASOFT,11.0,False,Mercedes,0 days 00:19:35.409000,2018-03-25 05:25:46.590,12,13.0,False,,False,True
0 days 00:22:36.394000,BOT,77,0 days 00:01:30.229000,10.0,1.0,,,0 days 00:00:30.066000,0 days 00:00:24.085000,0 days 00:00:36.078000,0 days 00:21:36.223000,0 days 00:22:00.308000,0 days 00:22:36.386000,272.0,289.0,286.0,288.0,True,ULTRASOFT,12.0,False,Mercedes,0 days 00:21:06.165000,2018-03-25 05:27:17.346,1,13.0,False,,False,True
0 days 00:24:06.397000,BOT,77,0 days 00:01:30.003000,11.0,1.0,,,0 days 00:00:29.943000,0 days 00:00:23.944000,0 days 00:00:36.116000,0 days 00:23:06.329000,0 days 00:23:30.273000,0 days 00:24:06.389000,273.0,291.0,286.0,283.0,True,ULTRASOFT,13.0,False,Mercedes,0 days 00:22:36.394000,2018-03-25 05:28:47.575,1,13.0,False,,False,True
0 days 00:25:36.530000,BOT,77,0 days 00:01:30.133000,12.0,1.0,,,0 days 00:00:29.916000,0 days 00:00:23.986000,0 days 00:00:36.231000,0 days 00:24:36.305000,0 days 00:25:00.291000,0 days 00:25:36.522000,,294.0,288.0,286.0,False,ULTRASOFT,14.0,False,Mercedes,0 days 00:24:06.397000,2018-03-25 05:30:17.578,1,13.0,False,,False,True
0 days 00:27:06.627000,BOT,77,0 days 00:01:30.097000,13.0,1.0,,,0 days 00:00:30.071000,0 days 00:00:24.038000,0 days 00:00:35.988000,0 days 00:26:06.593000,0 days 00:26:30.631000,0 days 00:27:06.619000,271.0,295.0,299.0,290.0,False,ULTRASOFT,15.0,False,Mercedes,0 days 00:25:36.530000,2018-03-25 05:31:47.711,1,13.0,False,,False,True
0 days 00:28:37.175000,BOT,77,0 days 00:01:30.548000,14.0,1.0,,,0 days 00:00:30.243000,0 days 00:00:24.123000,0 days 00:00:36.182000,0 days 00:27:36.862000,0 days 00:28:00.985000,0 days 00:28:37.167000,,294.0,298.0,301.0,False,ULTRASOFT,16.0,False,Mercedes,0 days 00:27:06.627000,2018-03-25 05:33:17.808,1,13.0,False,,False,True
0 days 00:30:07.836000,BOT,77,0 days 00:01:30.661000,15.0,1.0,,,0 days 00:00:30.277000,0 days 00:00:24.160000,0 days 00:00:36.224000,0 days 00:29:07.444000,0 days 00:29:31.604000,0 days 00:30:07.828000,272.0,292.0,294.0,,False,ULTRASOFT,17.0,False,Mercedes,0 days 00:28:37.175000,2018-03-25 05:34:48.356,1,13.0,False,,False,True
0 days 00:31:37.897000,BOT,77,0 days 00:01:30.061000,16.0,1.0,,,0 days 00:00:30.041000,0 days 00:00:24.004000,0 days 00:00:36.016000,0 days 00:30:37.869000,0 days 00:31:01.873000,0 days 00:31:37.889000,273.0,293.0,299.0,297.0,False,ULTRASOFT,18.0,False,Mercedes,0 days 00:30:07.836000,2018-03-25 05:36:19.017,1,13.0,False,,False,True
0 days 00:33:08.434000,BOT,77,0 days 00:01:30.537000,17.0,1.0,,,0 days 00:00:30.308000,0 days 00:00:24.173000,0 days 00:00:36.056000,0 days 00:32:08.197000,0 days 00:32:32.370000,0 days 00:33:08.426000,280.0,297.0,298.0,296.0,False,ULTRASOFT,19.0,False,Mercedes,0 days 00:31:37.897000,2018-03-25 05:37:49.078,1,13.0,False,,False,True
0 days 00:34:38.721000,BOT,77,0 days 00:01:30.287000,18.0,1.0,,,0 days 00:00:30.071000,0 days 00:00:24.243000,0 days 00:00:35.973000,0 days 00:33:38.497000,0 days 00:34:02.740000,0 days 00:34:38.713000,272.0,293.0,296.0,307.0,False,ULTRASOFT,20.0,False,Mercedes,0 days 00:33:08.434000,2018-03-25 05:39:19.615,1,13.0,False,,False,True
0 days 00:36:09.744000,BOT,77,0 days 00:01:31.023000,19.0,1.0,,,0 days 00:00:30.448000,0 days 00:00:24.300000,0 days 00:00:36.275000,0 days 00:35:09.161000,0 days 00:35:33.461000,0 days 00:36:09.736000,266.0,283.0,293.0,288.0,False,ULTRASOFT,21.0,False,Mercedes,0 days 00:34:38.721000,2018-03-25 05:40:49.902,1,13.0,False,,False,True
0 days 00:37:40.401000,BOT,77,0 days 00:01:30.657000,20.0,1.0,,,0 days 00:00:30.052000,0 days 00:00:24.334000,0 days 00:00:36.271000,0 days 00:36:39.788000,0 days 00:37:04.122000,0 days 00:37:40.393000,259.0,288.0,285.0,280.0,False,ULTRASOFT,22.0,False,Mercedes,0 days 00:36:09.744000,2018-03-25 05:42:20.925,1,13.0,False,,False,True
0 days 00:39:10.130000,BOT,77,0 days 00:01:29.729000,21.0,1.0,,,0 days 00:00:30.196000,0 days 00:00:23.866000,0 days 00:00:35.667000,0 days 00:38:10.589000,0 days 00:38:34.455000,0 days 00:39:10.122000,269.0,295.0,300.0,286.0,True,ULTRASOFT,23.0,False,Mercedes,0 days 00:37:40.401000,2018-03-25 05:43:51.582,1,12.0,False,,False,True
0 days 00:40:41.471000,BOT,77,0 days 00:01:31.341000,22.0,1.0,,,0 days 00:00:30.566000,0 days 00:00:24.200000,0 days 00:00:36.575000,0 days 00:39:40.688000,0 days 00:40:04.888000,0 days 00:40:41.463000,276.0,295.0,297.0,296.0,False,ULTRASOFT,24.0,False,Mercedes,0 days 00:39:10.130000,2018-03-25 05:45:21.311,1,11.0,False,,False,True
0 days 00:42:11.729000,BOT,77,0 days 00:01:30.258000,23.0,1.0,,,0 days 00:00:30.137000,0 days 00:00:24.102000,0 days 00:00:36.019000,0 days 00:41:11.600000,0 days 00:41:35.702000,0 days 00:42:11.721000,273.0,291.0,296.0,309.0,False,ULTRASOFT,25.0,False,Mercedes,0 days 00:40:41.471000,2018-03-25 05:46:52.652,12,10.0,False,,False,True
0 days 00:43:42.886000,BOT,77,0 days 00:01:31.157000,24.0,1.0,,,0 days 00:00:30.605000,0 days 00:00:24.401000,0 days 00:00:36.151000,0 days 00:42:42.326000,0 days 00:43:06.727000,0 days 00:43:42.878000,263.0,290.0,285.0,306.0,False,ULTRASOFT,26.0,False,Mercedes,0 days 00:42:11.729000,2018-03-25 05:48:22.910,21,8.0,False,,False,True
0 days 00:45:29.435000,BOT,77,0 days 00:01:46.549000,25.0,1.0,,0 days 00:45:10.528000,0 days 00:00:29.468000,0 days 00:00:23.851000,0 days 00:00:53.230000,0 days 00:44:12.346000,0 days 00:44:36.197000,0 days 00:45:29.427000,268.0,288.0,,297.0,False,ULTRASOFT,27.0,False,Mercedes,0 days 00:43:42.886000,2018-03-25 05:49:54.067,126,9.0,False,,False,False
0 days 00:47:37.611000,BOT,77,0 days 00:02:08.176000,26.0,2.0,0 days 00:45:32.300000,,0 days 00:00:45.731000,0 days 00:00:32.939000,0 days 00:00:49.506000,0 days 00:46:15.158000,0 days 00:46:48.097000,0 days 00:47:37.603000,164.0,191.0,188.0,215.0,False,SUPERSOFT,1.0,True,Mercedes,0 days 00:45:29.435000,2018-03-25 05:51:40.616,6,9.0,False,,False,False
0 days 00:49:42.107000,BOT,77,0 days 00:02:04.496000,27.0,2.0,,,0 days 00:00:41.898000,0 days 00:00:32.569000,0 days 00:00:50.029000,0 days 00:48:19.501000,0 days 00:48:52.070000,0 days 00:49:42.099000,225.0,201.0,212.0,203.0,False,SUPERSOFT,2.0,True,Mercedes,0 days 00:47:37.611000,2018-03-25 05:53:48.792,64,9.0,False,,False,False
0 days 00:51:44.640000,BOT,77,0 days 00:02:02.533000,28.0,2.0,,,0 days 00:00:42.431000,0 days 00:00:32.819000,0 days 00:00:47.283000,0 days 00:50:24.530000,0 days 00:50:57.349000,0 days 00:51:44.632000,153.0,234.0,258.0,199.0,False,SUPERSOFT,3.0,True,Mercedes,0 days 00:49:42.107000,2018-03-25 05:55:53.288,4,9.0,False,,False,False
0 days 00:53:28.061000,BOT,77,0 days 00:01:43.421000,29.0,2.0,,,0 days 00:00:36.509000,0 days 00:00:27.323000,0 days 00:00:39.589000,0 days 00:52:21.141000,0 days 00:52:48.464000,0 days 00:53:28.053000,204.0,241.0,261.0,186.0,False,SUPERSOFT,4.0,True,Mercedes,0 days 00:51:44.640000,2018-03-25 05:57:55.821,4,9.0,False,,False,False
0 days 00:55:24.504000,BOT,77,0 days 00:01:56.443000,30.0,2.0,,,0 days 00:00:33.725000,0 days 00:00:27.077000,0 days 00:00:55.641000,0 days 00:54:01.778000,0 days 00:54:28.855000,0 days 00:55:24.496000,257.0,279.0,163.0,185.0,False,SUPERSOFT,5.0,True,Mercedes,0 days 00:53:28.061000,2018-03-25 05:59:39.242,4,9.0,False,,False,False
0 days 00:57:33.447000,BOT,77,0 days 00:02:08.943000,31.0,2.0,,,0 days 00:00:43.114000,0 days 00:00:35.298000,0 days 00:00:50.531000,0 days 00:56:07.610000,0 days 00:56:42.908000,0 days 00:57:33.439000,104.0,147.0,295.0,173.0,False,SUPERSOFT,6.0,True,Mercedes,0 days 00:55:24.504000,2018-03-25 06:01:35.685,41,9.0,False,,False,False
0 days 00:59:04.721000,BOT,77,0 days 00:01:31.274000,32.0,2.0,,,0 days 00:00:31.351000,0 days 00:00:24.191000,0 days 00:00:35.732000,0 days 00:58:04.790000,0 days 00:58:28.981000,0 days 00:59:04.713000,279.0,303.0,291.0,263.0,False,SUPERSOFT,7.0,True,Mercedes,0 days 00:57:33.447000,2018-03-25 06:03:44.628,1,9.0,False,,False,True
0 days 01:00:34.494000,BOT,77,0 days 00:01:29.773000,33.0,2.0,,,0 days 00:00:30.301000,0 days 00:00:23.895000,0 days 00:00:35.577000,0 days 00:59:35.014000,0 days 00:59:58.909000,0 days 01:00:34.486000,266.0,301.0,287.0,289.0,False,SUPERSOFT,8.0,True,Mercedes,0 days 00:59:04.721000,2018-03-25 06:05:15.902,1,9.0,False,,False,True
0 days 01:02:03.741000,BOT,77,0 days 00:01:29.247000,34.0,2.0,,,0 days 00:00:29.956000,0 days 00:00:23.938000,0 days 00:00:35.353000,0 days 01:01:04.442000,0 days 01:01:28.380000,0 days 01:02:03.733000,270.0,294.0,302.0,280.0,True,SUPERSOFT,9.0,True,Mercedes,0 days 01:00:34.494000,2018-03-25 06:06:45.675,1,9.0,False,,False,True
0 days 01:03:32.256000,BOT,77,0 days 00:01:28.515000,35.0,2.0,,,0 days 00:00:29.570000,0 days 00:00:23.829000,0 days 00:00:35.116000,0 days 01:02:33.303000,0 days 01:02:57.132000,0 days 01:03:32.248000,265.0,291.0,289.0,317.0,True,SUPERSOFT,10.0,True,Mercedes,0 days 01:02:03.741000,2018-03-25 06:08:14.922,1,8.0,False,,False,True
0 days 01:05:00.535000,BOT,77,0 days 00:01:28.279000,36.0,2.0,,,0 days 00:00:29.328000,0 days 00:00:23.665000,0 days 00:00:35.286000,0 days 01:04:01.576000,0 days 01:04:25.241000,0 days 01:05:00.527000,271.0,296.0,288.0,292.0,True,SUPERSOFT,11.0,True,Mercedes,0 days 01:03:32.256000,2018-03-25 06:09:43.437,1,8.0,False,,False,True
0 days 01:06:28.665000,BOT,77,0 days 00:01:28.130000,37.0,2.0,,,0 days 00:00:29.394000,0 days 00:00:23.550000,0 days 00:00:35.186000,0 days 01:05:29.921000,0 days 01:05:53.471000,0 days 01:06:28.657000,276.0,297.0,299.0,287.0,True,SUPERSOFT,12.0,True,Mercedes,0 days 01:05:00.535000,2018-03-25 06:11:11.716,1,8.0,False,,False,True
0 days 01:07:56.728000,BOT,77,0 days 00:01:28.063000,38.0,2.0,,,0 days 00:00:29.312000,0 days 00:00:23.759000,0 days 00:00:34.992000,0 days 01:06:57.969000,0 days 01:07:21.728000,0 days 01:07:56.720000,283.0,298.0,298.0,302.0,True,SUPERSOFT,13.0,True,Mercedes,0 days 01:06:28.665000,2018-03-25 06:12:39.846,1,8.0,False,,False,True
0 days 01:09:25.064000,BOT,77,0 days 00:01:28.336000,39.0,2.0,,,0 days 00:00:29.343000,0 days 00:00:23.774000,0 days 00:00:35.219000,0 days 01:08:26.063000,0 days 01:08:49.837000,0 days 01:09:25.056000,271.0,287.0,300.0,300.0,False,SUPERSOFT,14.0,True,Mercedes,0 days 01:07:56.728000,2018-03-25 06:14:07.909,1,8.0,False,,False,True
0 days 01:10:53.798000,BOT,77,0 days 00:01:28.734000,40.0,2.0,,,0 days 00:00:29.562000,0 days 00:00:23.871000,0 days 00:00:35.301000,0 days 01:09:54.618000,0 days 01:10:18.489000,0 days 01:10:53.790000,266.0,293.0,286.0,293.0,False,SUPERSOFT,15.0,True,Mercedes,0 days 01:09:25.064000,2018-03-25 06:15:36.245,1,8.0,False,,False,True
0 days 01:12:21.767000,BOT,77,0 days 00:01:27.969000,41.0,2.0,,,0 days 00:00:29.495000,0 days 00:00:23.401000,0 days 00:00:35.073000,0 days 01:11:23.285000,0 days 01:11:46.686000,0 days 01:12:21.759000,272.0,299.0,289.0,285.0,True,SUPERSOFT,16.0,True,Mercedes,0 days 01:10:53.798000,2018-03-25 06:17:04.979,1,8.0,False,,False,True
0 days 01:13:49.075000,BOT,77,0 days 00:01:27.308000,42.0,2.0,,,0 days 00:00:29.177000,0 days 00:00:23.324000,0 days 00:00:34.807000,0 days 01:12:50.936000,0 days 01:13:14.260000,0 days 01:13:49.067000,282.0,302.0,301.0,294.0,True,SUPERSOFT,17.0,True,Mercedes,0 days 01:12:21.767000,2018-03-25 06:18:32.948,1,8.0,False,,False,True
0 days 01:15:17.122000,BOT,77,0 days 00:01:28.047000,43.0,2.0,,,0 days 00:00:29.454000,0 days 00:00:23.551000,0 days 00:00:35.042000,0 days 01:14:18.521000,0 days 01:14:42.072000,0 days 01:15:17.114000,278.0,303.0,301.0,312.0,False,SUPERSOFT,18.0,True,Mercedes,0 days 01:13:49.075000,2018-03-25 06:20:00.256,1,8.0,False,,False,True
0 days 01:16:45.598000,BOT,77,0 days 00:01:28.476000,44.0,2.0,,,0 days 00:00:29.399000,0 days 00:00:23.828000,0 days 00:00:35.249000,0 days 01:15:46.513000,0 days 01:16:10.341000,0 days 01:16:45.590000,270.0,295.0,289.0,317.0,False,SUPERSOFT,19.0,True,Mercedes,0 days 01:15:17.122000,2018-03-25 06:21:28.303,1,8.0,False,,False,True
0 days 01:18:14.197000,BOT,77,0 days 00:01:28.599000,45.0,2.0,,,0 days 00:00:29.666000,0 days 00:00:23.629000,0 days 00:00:35.304000,0 days 01:17:15.256000,0 days 01:17:38.885000,0 days 01:18:14.189000,267.0,296.0,289.0,282.0,False,SUPERSOFT,20.0,True,Mercedes,0 days 01:16:45.598000,2018-03-25 06:22:56.779,1,8.0,False,,False,True
0 days 01:19:42.197000,BOT,77,0 days 00:01:28,46.0,2.0,,,0 days 00:00:29.518000,0 days 00:00:23.481000,0 days 00:00:35.001000,0 days 01:18:43.707000,0 days 01:19:07.188000,0 days 01:19:42.189000,271.0,294.0,290.0,289.0,False,SUPERSOFT,21.0,True,Mercedes,0 days 01:18:14.197000,2018-03-25 06:24:25.378,1,8.0,False,,False,True
0 days 01:21:09.320000,BOT,77,0 days 00:01:27.123000,47.0,2.0,,,0 days 00:00:29.060000,0 days 00:00:23.278000,0 days 00:00:34.785000,0 days 01:20:11.249000,0 days 01:20:34.527000,0 days 01:21:09.312000,277.0,302.0,306.0,295.0,True,SUPERSOFT,22.0,True,Mercedes,0 days 01:19:42.197000,2018-03-25 06:25:53.378,1,8.0,False,,False,True
0 days 01:22:37.671000,BOT,77,0 days 00:01:28.351000,48.0,2.0,,,0 days 00:00:29.356000,0 days 00:00:23.804000,0 days 00:00:35.191000,0 days 01:21:38.668000,0 days 01:22:02.472000,0 days 01:22:37.663000,283.0,302.0,305.0,318.0,False,SUPERSOFT,23.0,True,Mercedes,0 days 01:21:09.320000,2018-03-25 06:27:20.501,1,8.0,False,,False,True
0 days 01:24:06.245000,BOT,77,0 days 00:01:28.574000,49.0,2.0,,,0 days 00:00:29.421000,0 days 00:00:23.556000,0 days 00:00:35.597000,0 days 01:23:07.084000,0 days 01:23:30.640000,0 days 01:24:06.237000,279.0,293.0,301.0,312.0,False,SUPERSOFT,24.0,True,Mercedes,0 days 01:22:37.671000,2018-03-25 06:28:48.852,1,8.0,False,,False,True
0 days 01:25:34.726000,BOT,77,0 days 00:01:28.481000,50.0,2.0,,,0 days 00:00:29.447000,0 days 00:00:23.779000,0 days 00:00:35.255000,0 days 01:24:35.684000,0 days 01:24:59.463000,0 days 01:25:34.718000,270.0,295.0,289.0,303.0,False,SUPERSOFT,25.0,True,Mercedes,0 days 01:24:06.245000,2018-03-25 06:30:17.426,1,8.0,False,,False,True
0 days 01:27:02.298000,BOT,77,0 days 00:01:27.572000,51.0,2.0,,,0 days 00:00:29.323000,0 days 00:00:23.460000,0 days 00:00:34.789000,0 days 01:26:04.041000,0 days 01:26:27.501000,0 days 01:27:02.290000,272.0,292.0,288.0,289.0,False,SUPERSOFT,26.0,True,Mercedes,0 days 01:25:34.726000,2018-03-25 06:31:45.907,1,8.0,False,,False,True
0 days 01:28:29.668000,BOT,77,0 days 00:01:27.370000,52.0,2.0,,,0 days 00:00:29.034000,0 days 00:00:23.512000,0 days 00:00:34.824000,0 days 01:27:31.324000,0 days 01:27:54.836000,0 days 01:28:29.660000,273.0,294.0,288.0,290.0,False,SUPERSOFT,27.0,True,Mercedes,0 days 01:27:02.298000,2018-03-25 06:33:13.479,1,8.0,False,,False,True
0 days 01:29:56.932000,BOT,77,0 days 00:01:27.264000,53.0,2.0,,,0 days 00:00:29.339000,0 days 00:00:23.395000,0 days 00:00:34.530000,0 days 01:28:58.999000,0 days 01:29:22.394000,0 days 01:29:56.924000,276.0,299.0,291.0,302.0,False,SUPERSOFT,28.0,True,Mercedes,0 days 01:28:29.668000,2018-03-25 06:34:40.849,1,8.0,False,,False,True
0 days 01:31:23.951000,BOT,77,0 days 00:01:27.019000,54.0,2.0,,,0 days 00:00:29.133000,0 days 00:00:23.278000,0 days 00:00:34.608000,0 days 01:30:26.057000,0 days 01:30:49.335000,0 days 01:31:23.943000,279.0,303.0,302.0,,True,SUPERSOFT,29.0,True,Mercedes,0 days 01:29:56.932000,2018-03-25 06:36:08.113,1,8.0,False,,False,True
0 days 01:32:51.226000,BOT,77,0 days 00:01:27.275000,55.0,2.0,,,0 days 00:00:29.129000,0 days 00:00:23.384000,0 days 00:00:34.762000,0 days 01:31:53.072000,0 days 01:32:16.456000,0 days 01:32:51.218000,281.0,303.0,302.0,316.0,False,SUPERSOFT,30.0,True,Mercedes,0 days 01:31:23.951000,2018-03-25 06:37:35.132,1,8.0,False,,False,True
0 days 01:34:18.392000,BOT,77,0 days 00:01:27.166000,56.0,2.0,,,0 days 00:00:29.131000,0 days 00:00:23.446000,0 days 00:00:34.589000,0 days 01:33:20.349000,0 days 01:33:43.795000,0 days 01:34:18.384000,276.0,299.0,302.0,304.0,False,SUPERSOFT,31.0,True,Mercedes,0 days 01:32:51.226000,2018-03-25 06:39:02.407,1,8.0,False,,False,True
0 days 01:35:46.357000,BOT,77,0 days 00:01:27.965000,57.0,2.0,,,0 days 00:00:28.893000,0 days 00:00:23.451000,0 days 00:00:35.621000,0 days 01:34:47.277000,0 days 01:35:10.728000,0 days 01:35:46.349000,280.0,300.0,288.0,312.0,False,SUPERSOFT,32.0,True,Mercedes,0 days 01:34:18.392000,2018-03-25 06:40:29.573,1,8.0,False,,False,True
0 days 01:37:15.803000,BOT,77,0 days 00:01:29.446000,58.0,2.0,,,0 days 00:00:29.872000,0 days 00:00:24.018000,0 days 00:00:35.556000,0 days 01:36:16.221000,0 days 01:36:40.239000,0 days 01:37:15.795000,269.0,297.0,271.0,289.0,False,SUPERSOFT,33.0,True,Mercedes,0 days 01:35:46.357000,2018-03-25 06:41:57.538,1,8.0,False,,False,True
0 days 00:08:46.631000,GRO,8,0 days 00:01:38.450000,1.0,,,,,0 days 00:00:24.627000,0 days 00:00:36.832000,,0 days 00:08:10.435000,0 days 00:08:46.943000,272.0,296.0,286.0,234.0,False,nan,,True,Haas F1 Team,0 days 00:07:07.988000,2018-03-25 05:13:19.169,,6.0,False,,False,False
0 days 00:10:17.664000,GRO,8,0 days 00:01:31.033000,2.0,1.0,,,0 days 00:00:30.519000,0 days 00:00:24.231000,0 days 00:00:36.283000,0 days 00:09:17.168000,0 days 00:09:41.399000,0 days 00:10:17.682000,271.0,294.0,285.0,291.0,True,ULTRASOFT,4.0,False,Haas F1 Team,0 days 00:08:46.631000,2018-03-25 05:14:57.812,,6.0,False,,False,False
0 days 00:11:48.814000,GRO,8,0 days 00:01:31.150000,3.0,1.0,,,0 days 00:00:30.587000,0 days 00:00:24.346000,0 days 00:00:36.217000,0 days 00:10:48.269000,0 days 00:11:12.615000,0 days 00:11:48.832000,272.0,293.0,287.0,285.0,False,ULTRASOFT,5.0,False,Haas F1 Team,0 days 00:10:17.664000,2018-03-25 05:16:28.845,,6.0,False,,False,False
0 days 00:13:19.583000,GRO,8,0 days 00:01:30.769000,4.0,1.0,,,0 days 00:00:30.224000,0 days 00:00:24.443000,0 days 00:00:36.102000,0 days 00:12:19.056000,0 days 00:12:43.499000,0 days 00:13:19.601000,273.0,291.0,286.0,288.0,True,ULTRASOFT,6.0,False,Haas F1 Team,0 days 00:11:48.814000,2018-03-25 05:17:59.995,,6.0,False,,False,False
0 days 00:14:50.277000,GRO,8,0 days 00:01:30.694000,5.0,1.0,,,0 days 00:00:30.296000,0 days 00:00:24.331000,0 days 00:00:36.067000,0 days 00:13:49.897000,0 days 00:14:14.228000,0 days 00:14:50.295000,271.0,292.0,285.0,284.0,True,ULTRASOFT,7.0,False,Haas F1 Team,0 days 00:13:19.583000,2018-03-25 05:19:30.764,2,6.0,False,,False,True
0 days 00:16:21.707000,GRO,8,0 days 00:01:31.430000,6.0,1.0,,,0 days 00:00:30.328000,0 days 00:00:24.284000,0 days 00:00:36.818000,0 days 00:15:20.623000,0 days 00:15:44.907000,0 days 00:16:21.725000,268.0,290.0,284.0,287.0,False,ULTRASOFT,8.0,False,Haas F1 Team,0 days 00:14:50.277000,2018-03-25 05:21:01.458,21,6.0,False,,False,True
0 days 00:17:52.605000,GRO,8,0 days 00:01:30.898000,7.0,1.0,,,0 days 00:00:30.322000,0 days 00:00:24.136000,0 days 00:00:36.440000,0 days 00:16:52.047000,0 days 00:17:16.183000,0 days 00:17:52.623000,270.0,291.0,284.0,283.0,False,ULTRASOFT,9.0,False,Haas F1 Team,0 days 00:16:21.707000,2018-03-25 05:22:32.888,21,6.0,False,,False,True
0 days 00:19:22.894000,GRO,8,0 days 00:01:30.289000,8.0,1.0,,,0 days 00:00:30.115000,0 days 00:00:24.223000,0 days 00:00:35.951000,0 days 00:18:22.738000,0 days 00:18:46.961000,0 days 00:19:22.912000,267.0,287.0,285.0,,True,ULTRASOFT,10.0,False,Haas F1 Team,0 days 00:17:52.605000,2018-03-25 05:24:03.786,1,6.0,False,,False,True
0 days 00:20:52.808000,GRO,8,0 days 00:01:29.914000,9.0,1.0,,,0 days 00:00:29.992000,0 days 00:00:24.048000,0 days 00:00:35.874000,0 days 00:19:52.904000,0 days 00:20:16.952000,0 days 00:20:52.826000,,287.0,287.0,282.0,True,ULTRASOFT,11.0,False,Haas F1 Team,0 days 00:19:22.894000,2018-03-25 05:25:34.075,1,6.0,False,,False,True
0 days 00:22:24.061000,GRO,8,0 days 00:01:31.253000,10.0,1.0,,,0 days 00:00:31.456000,0 days 00:00:24.099000,0 days 00:00:35.698000,0 days 00:21:24.282000,0 days 00:21:48.381000,0 days 00:22:24.079000,270.0,289.0,284.0,289.0,False,ULTRASOFT,12.0,False,Haas F1 Team,0 days 00:20:52.808000,2018-03-25 05:27:03.989,12,5.0,False,,False,True
0 days 00:23:53.689000,GRO,8,0 days 00:01:29.628000,11.0,1.0,,,0 days 00:00:30.032000,0 days 00:00:23.941000,0 days 00:00:35.655000,0 days 00:22:54.111000,0 days 00:23:18.052000,0 days 00:23:53.707000,269.0,286.0,283.0,282.0,True,ULTRASOFT,13.0,False,Haas F1 Team,0 days 00:22:24.061000,2018-03-25 05:28:35.242,1,5.0,False,,False,True
0 days 00:25:23.591000,GRO,8,0 days 00:01:29.902000,12.0,1.0,,,0 days 00:00:29.830000,0 days 00:00:24.160000,0 days 00:00:35.912000,0 days 00:24:23.537000,0 days 00:24:47.697000,0 days 00:25:23.609000,270.0,287.0,283.0,281.0,False,ULTRASOFT,14.0,False,Haas F1 Team,0 days 00:23:53.689000,2018-03-25 05:30:04.870,1,5.0,False,,False,True
0 days 00:26:53.304000,GRO,8,0 days 00:01:29.713000,13.0,1.0,,,0 days 00:00:29.904000,0 days 00:00:23.939000,0 days 00:00:35.870000,0 days 00:25:53.513000,0 days 00:26:17.452000,0 days 00:26:53.322000,268.0,288.0,283.0,282.0,False,ULTRASOFT,15.0,False,Haas F1 Team,0 days 00:25:23.591000,2018-03-25 05:31:34.772,1,5.0,False,,False,True
0 days 00:28:23.212000,GRO,8,0 days 00:01:29.908000,14.0,1.0,,,0 days 00:00:30.105000,0 days 00:00:23.844000,0 days 00:00:35.959000,0 days 00:27:23.427000,0 days 00:27:47.271000,0 days 00:28:23.230000,273.0,291.0,284.0,280.0,False,ULTRASOFT,16.0,False,Haas F1 Team,0 days 00:26:53.304000,2018-03-25 05:33:04.485,1,5.0,False,,False,True
0 days 00:29:53.462000,GRO,8,0 days 00:01:30.250000,15.0,1.0,,,0 days 00:00:30.216000,0 days 00:00:24.104000,0 days 00:00:35.930000,0 days 00:28:53.446000,0 days 00:29:17.550000,0 days 00:29:53.480000,272.0,290.0,281.0,283.0,False,ULTRASOFT,17.0,False,Haas F1 Team,0 days 00:28:23.212000,2018-03-25 05:34:34.393,1,5.0,False,,False,True
0 days 00:31:23.488000,GRO,8,0 days 00:01:30.026000,16.0,1.0,,,0 days 00:00:29.936000,0 days 00:00:23.857000,0 days 00:00:36.233000,0 days 00:30:23.416000,0 days 00:30:47.273000,0 days 00:31:23.506000,,290.0,282.0,281.0,False,ULTRASOFT,18.0,False,Haas F1 Team,0 days 00:29:53.462000,2018-03-25 05:36:04.643,1,5.0,False,,False,True
0 days 00:32:53.401000,GRO,8,0 days 00:01:29.913000,17.0,1.0,,,0 days 00:00:30.055000,0 days 00:00:23.895000,0 days 00:00:35.963000,0 days 00:31:53.561000,0 days 00:32:17.456000,0 days 00:32:53.419000,269.0,288.0,284.0,280.0,False,ULTRASOFT,19.0,False,Haas F1 Team,0 days 00:31:23.488000,2018-03-25 05:37:34.669,1,5.0,False,,False,True
0 days 00:34:23.568000,GRO,8,0 days 00:01:30.167000,18.0,1.0,,,0 days 00:00:30.047000,0 days 00:00:24.126000,0 days 00:00:35.994000,0 days 00:33:23.466000,0 days 00:33:47.592000,0 days 00:34:23.586000,272.0,289.0,284.0,283.0,False,ULTRASOFT,20.0,False,Haas F1 Team,0 days 00:32:53.401000,2018-03-25 05:39:04.582,1,5.0,False,,False,True
0 days 00:35:53.842000,GRO,8,0 days 00:01:30.274000,19.0,1.0,,,0 days 00:00:30.148000,0 days 00:00:23.967000,0 days 00:00:36.159000,0 days 00:34:53.734000,0 days 00:35:17.701000,0 days 00:35:53.860000,273.0,293.0,295.0,286.0,False,ULTRASOFT,21.0,False,Haas F1 Team,0 days 00:34:23.568000,2018-03-25 05:40:34.749,1,5.0,False,,False,True
0 days 00:37:23.768000,GRO,8,0 days 00:01:29.926000,20.0,1.0,,,0 days 00:00:30.167000,0 days 00:00:23.921000,0 days 00:00:35.838000,0 days 00:36:24.027000,0 days 00:36:47.948000,0 days 00:37:23.786000,272.0,293.0,285.0,,False,ULTRASOFT,22.0,False,Haas F1 Team,0 days 00:35:53.842000,2018-03-25 05:42:05.023,1,5.0,False,,False,True
0 days 00:38:53.381000,GRO,8,0 days 00:01:29.613000,21.0,1.0,,,0 days 00:00:29.936000,0 days 00:00:24.018000,0 days 00:00:35.659000,0 days 00:37:53.722000,0 days 00:38:17.740000,0 days 00:38:53.399000,,292.0,285.0,283.0,True,ULTRASOFT,23.0,False,Haas F1 Team,0 days 00:37:23.768000,2018-03-25 05:43:34.949,1,5.0,False,,False,True
0 days 00:40:23.215000,GRO,8,0 days 00:01:29.834000,22.0,1.0,,,0 days 00:00:29.905000,0 days 00:00:23.977000,0 days 00:00:35.952000,0 days 00:39:23.304000,0 days 00:39:47.281000,0 days 00:40:23.233000,271.0,290.0,281.0,286.0,False,ULTRASOFT,24.0,False,Haas F1 Team,0 days 00:38:53.381000,2018-03-25 05:45:04.562,1,4.0,False,,False,True
0 days 00:41:52.020000,GRO,8,0 days 00:01:28.805000,23.0,1.0,,,0 days 00:00:29.640000,0 days 00:00:23.791000,0 days 00:00:35.374000,0 days 00:40:52.873000,0 days 00:41:16.664000,0 days 00:41:52.038000,272.0,288.0,281.0,287.0,True,ULTRASOFT,25.0,False,Haas F1 Team,0 days 00:40:23.215000,2018-03-25 05:46:34.396,12,4.0,False,,False,True
0 days 00:43:41.059000,GRO,8,0 days 00:01:49.039000,24.0,1.0,,0 days 00:43:20.784000,0 days 00:00:30.104000,0 days 00:00:23.875000,0 days 00:00:55.060000,0 days 00:42:22.142000,0 days 00:42:46.017000,0 days 00:43:41.077000,268.0,293.0,,280.0,False,ULTRASOFT,26.0,False,Haas F1 Team,0 days 00:41:52.020000,2018-03-25 05:48:03.201,21,7.0,False,,False,False
0 days 00:08:52.855000,ERI,9,0 days 00:01:44.674000,1.0,,,,,0 days 00:00:25.152000,0 days 00:00:38.541000,,0 days 00:08:15.376000,0 days 00:08:53.209000,266.0,301.0,287.0,217.0,False,nan,,True,Sauber,0 days 00:07:07.988000,2018-03-25 05:13:19.169,,16.0,False,,False,False
0 days 00:10:26.032000,ERI,9,0 days 00:01:33.177000,2.0,1.0,,,0 days 00:00:31.039000,0 days 00:00:24.734000,0 days 00:00:37.404000,0 days 00:09:23.915000,0 days 00:09:48.649000,0 days 00:10:26.053000,268.0,296.0,289.0,267.0,True,SUPERSOFT,1.0,True,Sauber,0 days 00:08:52.855000,2018-03-25 05:15:04.036,,16.0,False,,False,False
0 days 00:11:58.778000,ERI,9,0 days 00:01:32.746000,3.0,1.0,,,0 days 00:00:31.083000,0 days 00:00:24.646000,0 days 00:00:37.017000,0 days 00:10:57.136000,0 days 00:11:21.782000,0 days 00:11:58.799000,267.0,295.0,298.0,283.0,True,SUPERSOFT,2.0,True,Sauber,0 days 00:10:26.032000,2018-03-25 05:16:37.213,,16.0,False,,False,False
0 days 00:13:30.988000,ERI,9,0 days 00:01:32.210000,4.0,1.0,,,0 days 00:00:30.666000,0 days 00:00:24.561000,0 days 00:00:36.983000,0 days 00:12:29.465000,0 days 00:12:54.026000,0 days 00:13:31.009000,,294.0,298.0,305.0,True,SUPERSOFT,3.0,True,Sauber,0 days 00:11:58.778000,2018-03-25 05:18:09.959,,16.0,False,,False,False
0 days 00:15:03.277000,ERI,9,0 days 00:01:32.289000,5.0,1.0,,,0 days 00:00:30.732000,0 days 00:00:24.546000,0 days 00:00:37.011000,0 days 00:14:01.741000,0 days 00:14:26.287000,0 days 00:15:03.298000,270.0,294.0,288.0,296.0,False,SUPERSOFT,4.0,True,Sauber,0 days 00:13:30.988000,2018-03-25 05:19:42.169,21,16.0,False,,False,True
0 days 00:16:49.601000,ERI,9,,6.0,1.0,,0 days 00:16:49.622000,0 days 00:00:30.840000,0 days 00:00:24.446000,,0 days 00:15:34.313000,0 days 00:15:58.602000,,267.0,285.0,,293.0,False,SUPERSOFT,5.0,True,Sauber,0 days 00:15:03.277000,2018-03-25 05:21:14.458,2,18.0,False,,False,False
